ngsl_rank,ngsl_band,term,phonetic,definition_vi,part_of_speech,all_pos,level,track,is_function_word,family_size,word_family,needs_review
1,1000,the,/ðə/,"cái, con, chiếc (mạo từ xác định)",Article,Article|Adverb,A1,Grammar,1,1,,0
2,1000,be,/biː/,"thì, là, ở, tồn tại",Verb,Verb,A1,Kids,0,18,am m is isn s are re aren ain been was wasn were weren being bein beings,0
3,1000,and,/ənd/,"và, với, cùng với",Conjunction,Conjunction,A1,Grammar,1,2,ands,0
4,1000,of,/ʌv/,"của, thuộc về, về",Preposition,Preposition,A1,Grammar,1,1,,0
5,1000,to,/tuː/,"đến, tới, cho, về phía",Preposition,Preposition|Adverb,A1,Grammar,1,1,,0
6,1000,a,/ə/,một (mạo từ không xác định),Article,Noun|Article|Preposition,A1,Grammar,1,2,an,0
7,1000,in,/ɪn/,"trong, ở trong, vào",Preposition,Preposition|Adverb|Noun|Adjective|Verb,A1,Grammar,1,2,ins,0
8,1000,have,/hæv/,"có, sở hữu, mang theo",Verb,Verb|Noun,A1,Kids,0,10,haven ve has hasn had hadn d having hafta,0
9,1000,it,/ɪt/,"nó, cái đó, điều đó",Pronoun,Pronoun|Noun,A1,Grammar,1,2,its,0
10,1000,you,/juː/,"bạn, các bạn, anh, chị",Pronoun,Pronoun,A1,Grammar,1,5,y ye your yours,0
11,1000,he,/hiː/,"anh ấy, ông ấy, cậu ta",Pronoun,Pronoun|Noun,A1,Grammar,1,4,him im his,0
12,1000,for,/fɔːr/,"cho, dành cho, vì",Preposition,Preposition|Conjunction,A1,Grammar,1,1,,0
13,1000,they,/ðeɪ/,"họ, chúng nó, chúng",Pronoun,Pronoun|Noun,A1,Grammar,1,5,them em their theirs,0
14,1000,not,/nɑːt/,"không, chẳng, đừng",Adverb,Adverb,A1,Kids,0,2,t,0
15,1000,that,/ðæt/,"đó, kia, cái đó, điều đó",Pronoun,Adjective|Pronoun|Adverb|Conjunction,A1,Grammar,1,2,those,0
16,1000,we,/wiː/,"chúng tôi, chúng ta, bọn mình",Pronoun,Pronoun|Noun,A1,Grammar,1,4,us our ours,0
17,1000,on,/ɑːn/,"trên, ở trên, vào",Preposition,Preposition|Noun|Adverb|Adjective,A1,Grammar,1,1,,0
18,1000,with,/wɪð/,"với, cùng với, bằng",Preposition,Preposition,A1,Grammar,1,1,,0
19,1000,this,/ðɪs/,"này, cái này, điều này",Pronoun,Adjective|Pronoun|Adverb,A1,Grammar,1,2,these,0
20,1000,i,/aɪ/,"tôi, mình, tớ, ta",Pronoun,Noun|Pronoun,A1,Grammar,1,3,me my,0
21,1000,do,/duː/,"làm, thực hiện, tiến hành",Verb,Verb|Noun,A1,Kids,0,9,does don doesn did didn doing done doin,0
22,1000,as,/æz/,"như, giống như, khi, vì",Conjunction,Adverb|Conjunction|Pronoun|Noun,A1,Grammar,1,1,,0
23,1000,at,/æt/,"tại, ở, vào lúc",Preposition,Preposition|Noun,A1,Grammar,1,1,,0
24,1000,she,/ʃiː/,"cô ấy, bà ấy, chị ấy",Pronoun,Pronoun|Noun,A1,Grammar,1,3,her hers,0
25,1000,but,/bʌt/,"nhưng, mà, song",Conjunction,Conjunction|Adverb|Noun|Pronoun|Verb,A1,Grammar,1,2,buts,0
26,1000,from,/frʌm/,"từ, kể từ, xuất phát từ",Preposition,Preposition,A1,Grammar,1,1,,0
27,1000,by,/baɪ/,"bởi, bằng, do, gần",Preposition,Preposition|Noun|Adverb|Adjective,A1,Grammar,1,1,,0
28,1000,will,/wɪl/,"sẽ, sắp sửa (thì tương lai)",Auxiliary,Auxiliary|Noun|Verb,A1,Grammar,1,6,wills willed willing won ll,0
29,1000,or,/ɔːr/,"hoặc, hay, hay là",Conjunction,Noun|Preposition|Conjunction,A1,Grammar,1,1,,0
30,1000,say,/seɪ/,"nói, phát biểu, bảo",Verb,Noun|Verb,A1,Kids,0,5,says said saying sayings,0
31,1000,go,/ɡoʊ/,"đi, đi đến, ra đi",Verb,Noun|Verb,A1,Kids,0,7,goes went going gone goin gonna,0
32,1000,so,/soʊ/,"vì vậy, cho nên, nên",Conjunction,Adverb|Conjunction|Interjection|Noun,A1,Grammar,1,1,,0
33,1000,all,/ɔːl/,"tất cả, toàn bộ, mọi",Determiner,Determiner|Adjective|Noun|Adverb,A1,Grammar,1,1,,0
34,1000,if,/ɪf/,"nếu, nếu như, giả sử",Conjunction,Conjunction|Noun,A1,Grammar,1,2,ifs,0
35,1000,one,/wʌn/,"một, số một, một cái",Numeral,Numeral|Adjective|Noun,A1,Kids,0,2,ones,0
36,1000,would,/wʊd/,"sẽ, hẳn là (thức điều kiện)",Auxiliary,Auxiliary,A1,Grammar,1,2,wouldn,0
37,1000,about,/əˈbaʊt/,"về, liên quan đến, khoảng",Preposition,Adverb|Preposition|Verb,A1,Grammar,1,1,,0
38,1000,can,/kæn/,"có thể, có khả năng, được phép",Auxiliary,Auxiliary|Noun|Verb,A1,Grammar,1,5,cans canned canning cannot,0
39,1000,which,/wɪtʃ/,"cái nào, điều mà, mà",Pronoun,Adjective|Pronoun,A1,Grammar,1,1,,0
40,1000,there,/ðɛr/,"ở đó, đằng kia, tại đó",Adverb,Adverb|Interjection|Noun,A1,Kids,0,1,,0
41,1000,know,/noʊ/,"biết, hiểu biết, quen biết",Verb,Verb|Noun,A1,Kids,0,5,knows knew knowing known,0
42,1000,more,/mɔːr/,"nhiều hơn, thêm, hơn nữa",Adjective,Adjective|Adverb,A1,Kids,0,1,,0
43,1000,get,/ɡɛt/,"nhận được, lấy được, trở nên",Verb,Verb,A1,Kids,0,7,gets got getting gotten gettin gotta,0
44,1000,who,/huː/,"ai, người mà, người nào",Pronoun,Pronoun,A1,Grammar,1,3,whom whose,0
45,1000,like,/laɪk/,"thích, ưa thích, yêu thích",Verb,Adjective|Preposition|Adverb|Conjunction|Noun|Verb,A1,Kids,0,4,likes liked liking,0
46,1000,when,/wɛn/,"khi, lúc, khi nào",Conjunction,Adverb|Conjunction|Pronoun|Noun,A1,Grammar,1,1,,0
47,1000,think,/θɪŋk/,"nghĩ, suy nghĩ, cho rằng",Verb,Verb,A1,Kids,0,5,thinks thought thinking thoughts,0
48,1000,make,/meɪk/,"làm, chế tạo, tạo ra",Verb,Noun|Verb,A1,Kids,0,4,makes made making,0
49,1000,time,/taɪm/,"thời gian, thời điểm, lần",Noun,Noun|Verb,A1,Kids,0,4,times timed timing,0
50,1000,see,/siː/,"thấy, nhìn thấy, hiểu",Verb,Verb|Noun,A1,Kids,0,5,sees saw seeing seen,0
51,1000,what,/wʌt/,"cái gì, gì, điều gì",Pronoun,Pronoun|Adjective,A1,Grammar,1,1,,0
52,1000,up,/ʌp/,"lên, lên trên, ở trên",Adverb,Adverb|Preposition|Adjective|Noun|Verb,A1,Kids,0,4,ups upped upping,0
53,1000,some,/sʌm/,"một vài, một số, vài",Determiner,Determiner|Adjective|Noun|Adverb,A1,Grammar,1,1,,0
54,1000,other,/ˈʌðər/,"khác, kia, còn lại",Adjective,Pronoun|Adjective|Noun|Adverb,A1,Kids,0,2,others,0
55,1000,out,/aʊt/,"ra, ra ngoài, bên ngoài",Adverb,Preposition|Adverb|Noun|Adjective|Verb,A1,Kids,0,5,outs outed outing outings,0
56,1000,good,/ɡʊd/,"tốt, hay, giỏi, ngon",Adjective,Adjective|Noun,A1,Kids,0,2,goodest,0
57,1000,people,/ˈpiːpəl/,"người, mọi người, dân chúng",Noun,Noun|Verb,A1,Kids,0,4,peoples peopled peopling,0
58,1000,year,/jɪr/,"năm, niên khóa, tuổi",Noun,Noun,A1,Kids,0,2,years,0
59,1000,take,/teɪk/,"lấy, cầm, mang, nhận",Verb,Noun|Verb,A1,Kids,0,5,takes took taking taken,0
60,1000,no,/noʊ/,"không, không có, không một",Determiner,Determiner|Adverb|Noun,A1,Grammar,1,1,,0
61,1000,well,/wɛl/,"tốt, giỏi, khỏe, ổn",Adverb,Verb|Adverb|Adjective|Interjection|Noun,A1,Kids,0,4,wells welled welling,0
62,1000,because,/bɪˈkɔːz/,"bởi vì, vì, do là",Conjunction,Conjunction,A1,Grammar,1,2,cos,0
63,1000,very,/ˈvɛri/,"rất, lắm, hết sức",Adverb,Adjective|Adverb,A1,Kids,0,1,,0
64,1000,just,/dʒʌst/,"chỉ, vừa mới, đúng",Adverb,Adjective|Adverb|Noun,A1,Kids,0,1,,0
65,1000,come,/kʌm/,"đến, tới, đi đến",Verb,Verb,A1,Kids,0,5,comes came coming cometh,0
66,1000,could,/kʊd/,"có thể, đã có thể, có lẽ",Auxiliary,Auxiliary|Noun|Verb,A1,Grammar,1,3,couldn coulda,0
67,1000,work,/wɜːrk/,"làm việc, hoạt động, vận hành",Verb,Noun|Verb,A1,Kids,0,5,works worked working workings,0
68,1000,use,/juːs/,"dùng, sử dụng, áp dụng",Verb,Noun|Verb,A1,Kids,0,4,uses used using,0
69,1000,than,/ðæn/,"hơn, so với, hơn là",Conjunction,Conjunction,A1,Grammar,1,1,,0
70,1000,now,/naʊ/,"bây giờ, hiện nay, lúc này",Adverb,Adverb|Conjunction|Noun,A1,Kids,0,1,,0
71,1000,then,/ðɛn/,"khi đó, sau đó, rồi thì",Adverb,Adverb|Conjunction|Adjective|Noun,A1,Kids,0,1,,0
72,1000,also,/ˈɔːlsoʊ/,"cũng, cũng vậy, ngoài ra",Adverb,Adverb,A1,Kids,0,1,,0
73,1000,into,/ˈɪntu/,"vào, vào trong, thành",Preposition,Preposition|Noun,A1,Grammar,1,1,,0
74,1000,only,/ˈoʊnli/,"chỉ, chỉ có, duy nhất",Adverb,Adjective|Adverb|Conjunction,A1,Kids,0,1,,0
75,1000,look,/lʊk/,"nhìn, xem, trông có vẻ",Verb,Noun|Verb,A1,Kids,0,4,looks looked looking,0
76,1000,want,/wɑːnt/,"muốn, mong muốn, cần",Verb,Noun|Verb,A1,Kids,0,5,wants wanted wanting wanna,0
77,1000,give,/ɡɪv/,"cho, đưa, tặng, trao",Verb,Verb|Noun,A1,Kids,0,5,gives gave giving given,0
78,1000,first,/fɜːrst/,"đầu tiên, thứ nhất, trước hết",Adjective,Adjective|Noun|Adverb,A1,Kids,0,2,firsts,0
79,1000,new,/nuː/,"mới, mới mẻ, mới lạ",Adjective,Adjective|Adverb,A1,Kids,0,3,newer newest,0
80,1000,way,/weɪ/,"cách, cách thức, con đường",Noun,Noun,A1,Kids,0,2,ways,0
81,1000,find,/faɪnd/,"tìm, tìm thấy, phát hiện",Verb,Noun|Verb,A1,Kids,0,4,finds finding findings,0
82,1000,over,/ˈoʊvər/,"trên, phía trên, hơn, quá",Preposition,Preposition|Noun|Adverb|Adjective,A1,Grammar,1,2,overs,0
83,1000,any,/ˈɛni/,"bất kỳ, nào, một chút nào",Determiner,Determiner|Adjective|Pronoun|Adverb,A1,Grammar,1,1,,0
84,1000,after,/ˈæftər/,"sau, sau khi, phía sau",Preposition,Adverb|Preposition|Conjunction|Adjective,A1,Grammar,1,1,,0
85,1000,day,/deɪ/,"ngày, ngày tháng, ban ngày",Noun,Noun,A1,Kids,0,2,days,0
86,1000,where,/wɛr/,"ở đâu, nơi mà, chỗ nào",Adverb,Conjunction|Adverb|Pronoun|Noun,A1,Kids,0,1,,0
87,1000,thing,/θɪŋ/,"vật, đồ vật, sự việc, điều",Noun,Noun,A1,Kids,0,2,things,0
88,1000,most,/moʊst/,"nhiều nhất, phần lớn, hầu hết",Adjective,Adjective|Adverb|Noun,A1,Kids,0,1,,0
89,1000,should,/ʃʊd/,"nên, phải, cần phải",Auxiliary,Auxiliary,A1,Grammar,1,3,shouldn shoulda,0
90,1000,need,/niːd/,"cần, cần đến, đòi hỏi",Verb,Noun|Verb,A1,Kids,0,4,needs needed needing,0
91,1000,much,/mʌtʃ/,"nhiều, lắm, rất nhiều",Determiner,Determiner|Adjective|Adverb|Noun,A1,Grammar,1,1,,0
92,1000,right,/raɪt/,"đúng, chính xác; bên phải",Adjective,Noun|Adjective|Adverb|Verb,A1,Kids,0,5,rights righted righting righter,1
93,1000,how,/haʊ/,"như thế nào, làm sao, bao nhiêu",Adverb,Adverb|Noun,A1,Kids,0,2,hows,0
94,1000,back,/bæk/,"trở lại, quay lại, lùi về",Adverb,Noun|Adjective|Adverb|Verb,A1,Kids,0,4,backs backed backing,0
95,1000,mean,/miːn/,"có nghĩa là, ám chỉ, định nói",Verb,Noun|Adjective|Verb,A1,Kids,0,7,means meaning meant meanings meaner meanest,0
96,1000,even,/ˈiːvɪn/,"thậm chí, ngay cả, còn",Adverb,Noun|Adjective|Adverb|Verb,A1,Kids,0,3,evens evened,0
97,1000,may,/meɪ/,"có thể, có lẽ, được phép",Auxiliary,Auxiliary|Verb|Noun,A1,Grammar,1,1,,0
98,1000,here,/hiːr/,"ở đây, tại đây, chỗ này",Adverb,Adverb|Noun,A1,Kids,0,1,,0
99,1000,many,/ˈmɛni/,"nhiều, đông, lắm",Determiner,Determiner|Adjective|Noun,A1,Grammar,1,1,,0
100,1000,such,/sʌtʃ/,"như vậy, như thế, đến thế",Determiner,Determiner|Adjective|Noun,A1,Grammar,1,1,,0
101,1000,last,/læst/,"cuối cùng, vừa qua, trước",Adjective,Noun|Adjective|Adverb|Verb,A1,Kids,0,4,lasts lasted lasting,0
102,1000,child,/tʃaɪld/,"đứa trẻ, trẻ em, con",Noun,Noun,A1,Kids,0,2,children,0
103,1000,tell,/tɛl/,"kể, nói, bảo, cho biết",Verb,Verb,A1,Kids,0,4,tells told telling,0
104,1000,really,/ˈrɪli/,"thật sự, quả thực, rất",Adverb,Adverb,A1,Kids,0,1,,0
105,1000,call,/kɔːl/,"gọi, gọi điện, gọi tên",Verb,Noun|Verb,A1,Kids,0,4,calls called calling,0
106,1000,before,/bɪˈfɔːr/,"trước, trước khi, trước đây",Preposition,Adverb|Preposition|Conjunction,A1,Grammar,1,1,,0
107,1000,company,/ˈkʌmpəˌniː/,"công ty, doanh nghiệp, hãng",Noun,Noun|Verb,A1,Kids,0,2,companies,0
108,1000,through,/θruː/,"qua, xuyên qua, thông qua",Preposition,Preposition|Adverb|Adjective,A1,Grammar,1,1,,0
109,1000,down,/daʊn/,"xuống, xuống dưới, đi xuống",Adverb,Adverb|Preposition|Adjective|Verb|Noun,A1,Kids,0,4,downs downed downing,0
110,1000,show,/ʃoʊ/,"cho thấy, trình bày, chỉ ra",Verb,Noun|Verb,A1,Kids,0,5,shows showed showing shown,0
111,1000,life,/laɪf/,"cuộc sống, đời sống, sinh mạng",Noun,Noun,A1,Kids,0,1,,0
112,1000,man,/mæn/,"người đàn ông, con người",Noun,Noun,A1,Kids,0,5,mans manned manning men,0
113,1000,change,/tʃeɪndʒ/,"thay đổi, đổi, biến đổi",Verb,Noun|Verb,A1,Kids,0,4,changes changed changing,0
114,1000,place,/pleɪs/,"nơi, chỗ, địa điểm",Noun,Noun|Verb,A1,Kids,0,4,places placed placing,0
115,1000,long,/lɔːŋ/,"dài, lâu, dài dòng",Adjective,Adjective|Noun|Adverb|Verb,A1,Kids,0,6,longs longed longing longer longest,0
116,1000,between,/bɪˈtwiːn/,"giữa, ở giữa, giữa hai",Preposition,Preposition|Adverb,A1,Grammar,1,1,,0
117,1000,feel,/fiːl/,"cảm thấy, cảm nhận, sờ",Verb,Noun|Verb,A1,Kids,0,5,feels felt feeling feelings,0
118,1000,too,/tuː/,"quá, cũng, cũng vậy",Adverb,Adverb,A1,Kids,0,1,,0
119,1000,still,/stɪl/,"vẫn, vẫn còn, còn",Adverb,Adjective|Adverb|Noun|Verb,A1,Kids,0,6,stills stilled stilling stiller stillest,0
120,1000,problem,/ˈprɑːbləm/,"vấn đề, khó khăn, bài toán",Noun,Noun,A1,Kids,0,2,problems,0
121,1000,write,/raɪt/,"viết, viết ra, sáng tác",Verb,Verb,A1,Kids,0,6,writes wrote writing written writings,0
122,1000,same,/seɪm/,"giống nhau, như nhau, cùng",Adjective,Adjective|Noun|Adverb,A1,Kids,0,1,,0
123,1000,lot,/lɑːt/,"nhiều, số lượng lớn, lô",Noun,Noun|Verb|Adverb,A1,Kids,0,2,lots,0
124,1000,great,/ɡreɪt/,"tuyệt vời, vĩ đại, lớn lao",Adjective,Adjective|Noun,A1,Kids,0,4,greater greatest greats,0
125,1000,try,/traɪ/,"thử, cố gắng, thử nghiệm",Verb,Noun|Verb,A1,Kids,0,4,tries tried trying,0
126,1000,leave,/liːv/,"rời khỏi, ra đi, để lại",Verb,Noun|Verb,A1,Kids,0,5,leaves leaved leaving leavings,0
127,1000,number,/ˈnʌmbər/,"số, con số, số lượng",Noun,Noun|Verb,A1,Kids,0,5,numbers numbered numbering numberings,0
128,1000,both,/boʊθ/,"cả hai, cả hai đều",Pronoun,Pronoun|Noun|Adverb,A1,Grammar,1,1,,0
129,1000,own,/oʊn/,"riêng, của chính mình",Adjective,Adjective|Verb,A1,Kids,0,4,owns owned owning,0
130,1000,part,/pɑːrt/,"phần, bộ phận, phần việc",Noun,Noun|Verb|Adverb,A1,Kids,0,4,parts parted parting,0
131,1000,point,/pɔɪnt/,"điểm, ý chính, quan điểm",Noun,Noun|Verb,A1,Kids,0,4,points pointed pointing,0
132,1000,little,/ˈlɪtəl/,"nhỏ, bé, ít, chút ít",Adjective,Determiner|Adjective|Noun|Adverb,A1,Kids,0,3,littler littlest,0
133,1000,help,/hɛlp/,"giúp, giúp đỡ, hỗ trợ",Verb,Noun|Verb,A1,Kids,0,5,helps helped helping helpings,0
134,1000,ask,/æsk/,"hỏi, yêu cầu, xin",Verb,Verb,A1,Kids,0,4,asks asked asking,0
135,1000,meet,/miːt/,"gặp, gặp gỡ, đáp ứng",Verb,Noun|Verb|Adjective,A1,Kids,0,5,meets meeting met meetings,0
136,1000,start,/stɑːrt/,"bắt đầu, khởi động, khởi hành",Verb,Noun|Verb,A1,Kids,0,4,starts started starting,0
137,1000,talk,/tɔːk/,"nói chuyện, trò chuyện, bàn",Verb,Noun|Verb,A1,Kids,0,4,talks talked talking,0
138,1000,something,/ˈsʌmθɪŋ/,"cái gì đó, điều gì đó, việc gì đó",Pronoun,Pronoun|Noun|Adverb,A1,Grammar,1,1,,0
139,1000,put,/pʊt/,"đặt, để, bỏ vào",Verb,Verb|Noun,A1,Kids,0,4,puts putted putting,0
140,1000,another,/əˈnʌðər/,"khác, một cái khác, thêm một",Adjective,Adjective|Pronoun,A1,Kids,0,1,,0
141,1000,become,/bɪˈkʌm/,"trở thành, trở nên, hóa ra",Verb,Verb,A1,Kids,0,4,becomes became becoming,0
142,1000,interest,/ˈɪntrəst/,"sự quan tâm, hứng thú; tiền lãi",Noun,Noun|Verb,A1,Kids,0,4,interests interested interesting,1
143,1000,country,/ˈkʌntri/,"đất nước, quốc gia, nông thôn",Noun,Noun,A1,Kids,0,2,countries,0
144,1000,old,/oʊld/,"già, cũ, cổ, lâu năm",Adjective,Adjective|Noun,A1,Kids,0,4,older oldest olds,0
145,1000,each,/iːtʃ/,"mỗi, từng, mỗi cái",Determiner,Determiner|Pronoun|Adjective|Noun,A1,Grammar,1,1,,0
146,1000,school,/skuːl/,"trường học, nhà trường, trường",Noun,Noun|Verb,A1,Kids,0,5,schools schooled schooling schoolings,0
147,1000,late,/leɪt/,"muộn, trễ, chậm",Adjective,Adjective,A1,Kids,0,3,later latest,0
148,1000,high,/haɪ/,"cao, cao cấp, cao độ",Adjective,Adjective|Adverb|Noun,A1,Kids,0,4,higher highest highs,0
149,1000,different,/ˈdɪfərənt/,"khác, khác nhau, khác biệt",Adjective,Adjective,A1,Kids,0,1,,0
150,1000,off,/ɔːf/,"khỏi, rời khỏi, cách xa",Preposition,Adverb|Preposition|Adjective|Noun|Verb|Interjection,A1,Grammar,1,4,offs offed offing,0
151,1000,next,/nɛkst/,"tiếp theo, kế tiếp, sau",Adjective,Adjective|Adverb|Noun,A1,Kids,0,1,,0
152,1000,end,/ɛnd/,"sự kết thúc, phần cuối, đoạn cuối",Noun,Noun|Verb,A1,Kids,0,4,ends ended ending,0
153,1000,live,/laɪv/,"sống, sinh sống, cư trú",Verb,Verb|Adjective,A1,Kids,0,4,lives lived living,0
154,1000,why,/waɪ/,"tại sao, vì sao, lý do gì",Adverb,Adverb|Noun|Interjection,A1,Kids,0,1,,0
155,1000,while,/waɪl/,"trong khi, trong lúc, còn",Conjunction,Noun|Verb|Conjunction,A1,Grammar,1,4,whiles whiled whiling,0
156,1000,world,/wɜːrld/,"thế giới, thế gian, cõi đời",Noun,Noun,A1,Kids,0,2,worlds,0
157,1000,week,/wiːk/,"tuần, tuần lễ, một tuần",Noun,Noun,A1,Kids,0,2,weeks,0
158,1000,play,/pleɪ/,"chơi, chơi đùa, diễn",Verb,Noun|Verb,A1,Kids,0,4,plays played playing,0
159,1000,might,/maɪt/,"có thể, có lẽ, biết đâu",Auxiliary,Auxiliary|Noun,A1,Grammar,1,3,mightn mighta,0
160,1000,must,/mʌst/,"phải, cần phải, chắc hẳn",Auxiliary,Auxiliary|Verb|Noun|Adjective,A1,Grammar,1,3,mustn musta,0
161,1000,home,/hoʊm/,"nhà, gia đình, quê hương",Noun,Noun|Adjective|Adverb|Verb,A1,Kids,0,4,homes homed homing,0
162,1000,never,/ˈnɛvər/,"không bao giờ, chẳng bao giờ",Adverb,Adverb,A1,Kids,0,1,,0
163,1000,include,/ˌɪnˈkluːd/,"bao gồm, gồm có, tính cả",Verb,Verb,A1,Kids,0,4,includes included including,0
164,1000,course,/kɔːrs/,"khóa học, môn học; lộ trình",Noun,Noun|Verb,A1,Kids,0,4,courses coursed coursing,1
165,1000,house,/haʊs/,"ngôi nhà, nhà ở, tòa nhà",Noun,Noun|Verb,A1,Kids,0,5,houses housed housing housings,0
166,1000,report,/riˈpɔːrt/,"báo cáo, bản tường trình",Noun,Noun|Verb,A1,Kids,0,4,reports reported reporting,0
167,1000,group,/ɡruːp/,"nhóm, tập thể, tổ",Noun,Noun|Verb,A1,Kids,0,4,groups grouped grouping,0
168,1000,case,/keɪs/,"trường hợp, vụ việc, hộp đựng",Noun,Noun|Verb,A1,Kids,0,5,cases cased casing casings,0
169,1000,woman,/ˈwʊmən/,"phụ nữ, người đàn bà, cô",Noun,Noun,A1,Kids,0,2,women,0
170,1000,around,/ərˈaʊnd/,"quanh, xung quanh, khoảng",Preposition,Adverb|Preposition,A1,Grammar,1,1,,0
171,1000,book,/bʊk/,"sách, cuốn sách, quyển vở",Noun,Noun|Verb,A1,Kids,0,5,books booked booking bookings,0
172,1000,family,/ˈfæməli/,"gia đình, họ hàng, dòng họ",Noun,Noun,A1,Kids,0,2,families,0
173,1000,seem,/siːm/,"có vẻ, dường như, tỏ ra",Verb,Verb,A1,Kids,0,4,seems seemed seeming,0
174,1000,let,/lɛt/,"để cho, cho phép, hãy",Verb,Noun|Verb,A1,Kids,0,5,lets letting lemme lettings,0
175,1000,again,/əˈɡɛn/,"lại, lần nữa, một lần nữa",Adverb,Adverb,A1,Kids,0,1,,0
176,1000,kind,/kaɪnd/,"loại, kiểu, hạng",Noun,Noun|Adjective,A1,Kids,0,4,kinds kinder kindest,0
177,1000,keep,/kiːp/,"giữ, giữ gìn, tiếp tục",Verb,Verb|Noun,A1,Kids,0,4,keeps keeping kept,0
178,1000,hear,/hiːr/,"nghe, nghe thấy, nghe tin",Verb,Verb,A1,Kids,0,5,hears heard hearing hearings,0
179,1000,system,/ˈsɪstəm/,"hệ thống, chế độ, hệ",Noun,Noun,A1,Kids,0,2,systems,0
180,1000,every,/ˈɛvəri/,"mỗi, mọi, từng cái",Determiner,Determiner|Adjective,A1,Grammar,1,1,,0
181,1000,question,/ˈkwɛstʃən/,"câu hỏi, vấn đề, thắc mắc",Noun,Noun|Verb,A1,Kids,0,5,questions questioned questioning questionings,0
182,1000,during,/ˈdʊrɪŋ/,"trong, trong suốt, trong khi",Preposition,Preposition|Noun,A1,Grammar,1,1,,0
183,1000,always,/ˈɔːlˌweɪz/,"luôn luôn, lúc nào cũng",Adverb,Adverb,A1,Kids,0,1,,0
184,1000,big,/bɪɡ/,"to, lớn, to lớn",Adjective,Adjective|Adverb,A1,Kids,0,3,bigger biggest,0
185,1000,set,/sɛt/,"đặt, để, thiết lập",Verb,Noun|Verb|Adjective,A1,Kids,0,4,sets setting settings,0
186,1000,small,/smɔːl/,"nhỏ, bé, nhỏ bé",Adjective,Adjective|Noun|Adverb,A1,Kids,0,3,smaller smallest,0
187,1000,study,/ˈstʌdi/,"học, học tập, nghiên cứu",Verb,Noun|Verb,A1,Kids,0,4,studies studied studying,0
188,1000,follow,/ˈfɑːloʊ/,"theo, đi theo, tuân theo",Verb,Noun|Verb,A1,Kids,0,5,follows followed following followings,0
189,1000,begin,/bɪˈɡɪn/,"bắt đầu, khởi đầu, mở đầu",Verb,Verb,A1,Kids,0,6,begins began beginning begun beginnings,0
190,1000,important,/ˌɪmˈpɔːrtənt/,"quan trọng, hệ trọng, đáng kể",Adjective,Adjective,A1,Kids,0,1,,0
191,1000,since,/sɪns/,"từ khi, kể từ khi; bởi vì",Conjunction,Adverb|Preposition|Conjunction,A1,Grammar,1,1,,1
192,1000,run,/rʌn/,"chạy; vận hành, điều hành",Verb,Noun|Verb,A1,Kids,0,4,runs ran running,1
193,1000,under,/ˈʌndər/,"dưới, ở dưới, dưới quyền",Preposition,Preposition|Adverb|Adjective,A1,Grammar,1,1,,0
194,1000,turn,/tɜːrn/,"quay, xoay, rẽ, biến thành",Verb,Noun|Verb,A1,Kids,0,4,turns turned turning,0
195,1000,few,/fjuː/,"ít, vài, một vài",Determiner,Determiner|Adjective|Noun,A1,Grammar,1,3,fewer fewest,0
196,1000,bring,/brɪŋ/,"mang, đem, mang lại",Verb,Verb,A1,Kids,0,4,brings brought bringing,0
197,1000,early,/ˈɜːrli/,"sớm, đầu, ban đầu",Adjective,Adjective|Adverb,A1,Kids,0,3,earlier earliest,0
198,1000,hand,/hænd/,"bàn tay, tay, sự giúp đỡ",Noun,Noun|Verb,A1,Kids,0,4,hands handed handing,0
199,1000,state,/steɪt/,"bang, nhà nước; trạng thái",Noun,Noun|Pronoun|Adjective|Verb,A1,Kids,0,4,states stated stating,1
200,1000,move,/muːv/,"di chuyển, dời, chuyển động",Verb,Noun|Verb,A1,Kids,0,4,moves moved moving,0
201,1000,money,/ˈmʌni/,"tiền, tiền bạc, tiền của",Noun,Noun,A1,Kids,0,2,moneys,0
202,1000,fact,/fækt/,"sự thật, thực tế, sự kiện",Noun,Noun,A1,Kids,0,2,facts,0
203,1000,however,/ˌhaʊˈɛvər/,"tuy nhiên, tuy vậy, dù sao",Adverb,Adverb|Conjunction,A1,Kids,0,1,,0
204,1000,area,/ˈɛriə/,"khu vực, vùng, diện tích",Noun,Noun,A1,Kids,0,2,areas,0
205,1000,provide,/prəˈvaɪd/,"cung cấp, chu cấp, cung ứng",Verb,Verb,A1,Kids,0,4,provides provided providing,0
206,1000,name,/neɪm/,"tên, tên gọi, danh tiếng",Noun,Noun|Verb,A1,Kids,0,4,names named naming,0
207,1000,read,/rɛd/,"đọc, đọc hiểu, xem",Verb,Verb|Noun|Adjective,A1,Kids,0,4,reads reading readings,0
208,1000,friend,/frɛnd/,"bạn, bạn bè, người bạn",Noun,Noun|Verb,A1,Kids,0,2,friends,0
209,1000,month,/mʌnθ/,"tháng, tháng trời",Noun,Noun,A1,Kids,0,2,months,0
210,1000,large,/lɑːrdʒ/,"lớn, to, rộng lớn",Adjective,Adjective|Noun|Adverb,A1,Kids,0,3,larger largest,0
211,1000,business,/ˈbɪznəs/,"kinh doanh, doanh nghiệp, việc làm ăn",Noun,Noun,A1,Kids,0,2,businesses,0
212,1000,without,/wɪˈθaʊt/,"không có, thiếu, mà không",Preposition,Preposition|Adverb|Conjunction|Noun,A1,Grammar,1,1,,0
213,1000,information,/ˌɪnfərˈmeɪʃən/,"thông tin, tin tức, tư liệu",Noun,Noun,A1,Kids,0,1,,0
214,1000,open,/ˈoʊpən/,"mở, mở ra, khai trương",Verb,Adjective|Noun|Verb,A1,Kids,0,5,opens opened opening openings,0
215,1000,order,/ˈɔːrdər/,"mệnh lệnh; đơn hàng, thứ tự",Noun,Noun|Verb,A1,Kids,0,4,orders ordered ordering,1
216,1000,government,/ˈɡʌvərmənt/,"chính phủ, chính quyền, nhà nước",Noun,Noun,A1,Kids,0,2,governments,0
217,1000,word,/wɜːrd/,"từ, chữ, lời nói",Noun,Noun|Verb,A1,Kids,0,5,words worded wording wordings,0
218,1000,issue,/ˈɪʃu/,"vấn đề, số báo, sự phát hành",Noun,Noun|Verb,A1,Kids,0,4,issues issued issuing,0
219,1000,market,/ˈmɑːrkət/,"thị trường, chợ, thương trường",Noun,Noun|Verb,A1,Kids,0,4,markets marketed marketing,0
220,1000,pay,/peɪ/,"trả, thanh toán, chi trả",Verb,Verb,A1,Kids,0,4,pays paid paying,0
221,1000,build,/bɪld/,"xây, xây dựng, dựng nên",Verb,Noun|Verb,A1,Kids,0,5,builds building buildings built,0
222,1000,hold,/hoʊld/,"giữ, cầm, nắm, tổ chức",Verb,Noun|Verb,A1,Kids,0,5,holds held holding holdings,0
223,1000,service,/ˈsɜːrvəs/,"dịch vụ, sự phục vụ, ngành",Noun,Noun|Verb,A1,Kids,0,4,services serviced servicing,0
224,1000,against,/əˈɡɛnst/,"chống lại, ngược với, dựa vào",Preposition,Preposition,A1,Grammar,1,1,,0
225,1000,believe,/bɪˈliːv/,"tin, tin tưởng, cho rằng",Verb,Verb,A1,Kids,0,4,believes believed believing,0
226,1000,second,/ˈsɛkənd/,"giây; thứ hai, hạng nhì",Noun,Adjective|Noun|Verb,A1,Kids,0,5,seconds seconded seconding sec,1
227,1000,though,/ðoʊ/,"mặc dù, dù, tuy nhiên",Conjunction,Conjunction|Adverb,A1,Grammar,1,1,,0
228,1000,yes,/jɛs/,"vâng, đúng, có, phải",Adverb,Adverb|Noun,A1,Kids,0,2,yeses,0
229,1000,love,/lʌv/,"yêu, yêu thương, thích",Verb,Noun|Verb,A1,Kids,0,4,loves loved loving,0
230,1000,increase,/ˌɪnˈkriːs/,"tăng, tăng lên, gia tăng",Verb,Noun|Verb,A1,Kids,0,4,increases increased increasing,0
231,1000,job,/dʒɑːb/,"việc làm, công việc, nghề",Noun,Noun|Verb,A1,Kids,0,3,jobs jobbing,0
232,1000,plan,/plæn/,"kế hoạch, dự định, đồ án",Noun,Noun|Verb,A1,Kids,0,4,plans planned planning,0
233,1000,result,/rɪˈzʌlt/,"kết quả, thành quả, hậu quả",Noun,Noun|Verb,A1,Kids,0,4,results resulted resulting,0
234,1000,away,/əˈweɪ/,"đi, xa, ra xa, đi khỏi",Adverb,Adverb,A1,Kids,0,1,,0
235,1000,example,/ɪɡˈzæmpəl/,"ví dụ, thí dụ, tấm gương",Noun,Noun|Verb,A1,Kids,0,2,examples,0
236,1000,happen,/ˈhæpən/,"xảy ra, xảy đến, tình cờ",Verb,Verb,A1,Kids,0,5,happens happened happening happenings,0
237,1000,offer,/ˈɔːfər/,"đề nghị, mời, cung cấp",Verb,Noun|Verb,A1,Kids,0,5,offers offered offering offerings,0
238,1000,young,/jʌŋ/,"trẻ, trẻ tuổi, non trẻ",Adjective,Adjective|Noun,A1,Kids,0,3,younger youngest,0
239,1000,close,/kloʊs/,"đóng, khép lại, đóng cửa",Verb,Adjective|Adverb|Noun|Verb,A1,Kids,0,6,closes closed closing closer closest,0
240,1000,program,/ˈproʊˌɡræm/,"chương trình, chương trình học",Noun,Noun|Verb,A1,Kids,0,8,programs programmed programming programme programmes programed programing,0
241,1000,lead,/lɛd/,"dẫn, dẫn dắt, lãnh đạo",Verb,Noun|Verb,A1,Kids,0,4,leads led leading,0
242,1000,buy,/baɪ/,"mua, mua sắm, sắm",Verb,Verb|Noun,A1,Kids,0,4,buys bought buying,0
243,1000,understand,/ˌʌndərˈstænd/,"hiểu, hiểu biết, thông cảm",Verb,Verb,A1,Kids,0,5,understands understood understanding understandings,0
244,1000,thank,/θæŋk/,"cảm ơn, cám ơn, tạ ơn",Verb,Verb,A1,Kids,0,4,thanks thanked thanking,0
245,1000,far,/fɑːr/,"xa, xa xôi, cách xa",Adverb,Adjective|Adverb|Noun,A1,Kids,0,3,farther farthest,0
246,1000,today,/təˈdeɪ/,"hôm nay, ngày nay, thời nay",Noun,Noun|Adverb,A1,Kids,0,1,,0
247,1000,hour,/ˈaʊər/,"giờ, tiếng đồng hồ, giờ khắc",Noun,Noun,A1,Kids,0,2,hours,0
248,1000,student,/ˈstuːdənt/,"học sinh, sinh viên, học viên",Noun,Noun,A1,Kids,0,2,students,0
249,1000,face,/feɪs/,"khuôn mặt, mặt, vẻ mặt",Noun,Noun|Verb,A1,Kids,0,4,faces faced facing,0
250,1000,hope,/hoʊp/,"hy vọng, mong, mong mỏi",Verb,Noun|Verb,A1,Kids,0,4,hopes hoped hoping,0
251,1000,idea,/aɪˈdiːə/,"ý tưởng, ý kiến, ý niệm",Noun,Noun,A1,Kids,0,2,ideas,0
252,1000,cost,/kɑːst/,"chi phí, giá thành, phí tổn",Noun,Noun|Verb,A1,Kids,0,3,costs costing,0
253,1000,less,/lɛs/,"ít hơn, kém hơn, nhỏ hơn",Adjective,Adjective|Adverb|Noun|Preposition,A1,Kids,0,1,,0
254,1000,room,/ruːm/,"phòng, căn phòng, chỗ trống",Noun,Noun|Verb,A1,Kids,0,4,rooms roomed rooming,0
255,1000,until,/ənˈtɪl/,"cho đến khi, mãi cho đến",Conjunction,Conjunction|Preposition,A1,Grammar,1,2,til,0
256,1000,reason,/ˈriːzən/,"lý do, nguyên nhân, lẽ phải",Noun,Noun|Verb,A1,Kids,0,4,reasons reasoned reasoning,0
257,1000,form,/fɔːrm/,"hình thức, dạng, mẫu đơn",Noun,Noun|Verb,A1,Kids,0,4,forms formed forming,0
258,1000,spend,/spɛnd/,"tiêu, chi tiêu; dành thời gian",Verb,Verb,A1,Kids,0,4,spends spending spent,1
259,1000,head,/hɛd/,"đầu, cái đầu; người đứng đầu",Noun,Noun|Verb,A1,Kids,0,5,heads headed heading headings,1
260,1000,car,/kɑːr/,"xe hơi, ô tô, xe",Noun,Noun,A1,Kids,0,2,cars,0
261,1000,learn,/lɜːrn/,"học, học hỏi, biết được",Verb,Verb,A1,Kids,0,5,learns learned learning learnt,0
262,1000,level,/ˈlɛvəl/,"mức, mức độ, cấp độ, trình độ",Noun,Noun|Adjective|Verb,A1,Kids,0,6,levels leveled leveling levelled levelling,0
263,1000,person,/ˈpɜːrsən/,"người, cá nhân, con người",Noun,Noun,A1,Kids,0,2,persons,0
264,1000,experience,/ɪkˈspɪriəns/,"kinh nghiệm, trải nghiệm, sự từng trải",Noun,Noun|Verb,A1,Kids,0,4,experiences experienced experiencing,0
265,1000,once,/wʌns/,"một lần; đã từng, ngày xưa",Adverb,Adverb|Conjunction|Noun,A1,Kids,0,1,,1
266,1000,member,/ˈmɛmbər/,"thành viên, hội viên, đoàn viên",Noun,Noun,A1,Kids,0,2,members,0
267,1000,enough,/ɪˈnʌf/,"đủ, đầy đủ, vừa đủ",Adjective,Adjective|Noun|Adverb,A1,Kids,0,1,,0
268,1000,bad,/bæd/,"xấu, tồi, tệ, dở",Adjective,Adjective|Noun,A1,Kids,0,4,worse worst baddest,0
269,1000,city,/ˈsɪti/,"thành phố, đô thị, thành thị",Noun,Noun,A1,Kids,0,2,cities,0
270,1000,night,/naɪt/,"đêm, ban đêm, buổi tối",Noun,Noun,A1,Kids,0,2,nights,0
271,1000,able,/ˈeɪbəl/,"có thể, có khả năng, tài giỏi",Adjective,Adjective,A1,Kids,0,3,abler ablest,0
272,1000,support,/səˈpɔːrt/,"ủng hộ, hỗ trợ, nâng đỡ",Verb,Noun|Verb,A1,Kids,0,4,supports supported supporting,0
273,1000,whether,/ˈwɛðər/,"liệu, có hay không, dù",Conjunction,Conjunction|Pronoun,A1,Grammar,1,1,,0
274,1000,line,/laɪn/,"đường, đường kẻ; dòng, hàng",Noun,Noun|Verb,A1,Kids,0,4,lines lined lining,1
275,1000,present,/ˈprɛzənt/,"hiện tại, đương thời; có mặt",Adjective,Adjective|Noun|Verb,A1,Kids,0,4,presents presented presenting,1
276,1000,side,/saɪd/,"bên, phía, mặt, cạnh",Noun,Noun|Verb,A1,Kids,0,5,sides sided siding sidings,0
277,1000,quite,/kwaɪt/,"khá, hoàn toàn, rất",Adverb,Adverb,A1,Kids,0,1,,0
278,1000,although,/ˌɔːlˈðoʊ/,"mặc dù, dù rằng, tuy",Conjunction,Conjunction,A1,Grammar,1,1,,0
279,1000,sure,/ʃʊr/,"chắc chắn, chắc, tin chắc",Adjective,Adjective|Adverb,A1,Kids,0,3,surer surest,0
280,1000,term,/tɜːrm/,"thuật ngữ, kỳ hạn, học kỳ",Noun,Noun|Verb,A1,Kids,0,4,terms termed terming,0
281,1000,least,/liːst/,"ít nhất, nhỏ nhất, tối thiểu",Adjective,Adjective|Adverb|Noun,A1,Kids,0,1,,0
282,1000,age,/eɪdʒ/,"tuổi, độ tuổi, thời đại",Noun,Noun,A1,Kids,0,5,ages aged aging ageing,0
283,1000,low,/loʊ/,"thấp, hạ, kém, thấp kém",Adjective,Noun|Verb|Adjective,A1,Kids,0,9,lows lowed lowing lower lowest lowers lowered lowering,0
284,1000,speak,/spiːk/,"nói, nói chuyện, phát biểu",Verb,Verb,A1,Kids,0,5,speaks spoke speaking spoken,0
285,1000,within,/wɪˈðɪn/,"trong, bên trong, trong vòng",Preposition,Preposition|Adverb|Noun,A1,Grammar,1,1,,0
286,1000,process,/ˈprɑːˌsɛs/,"quá trình, quy trình, tiến trình",Noun,Noun|Verb,A1,Kids,0,4,processes processed processing,0
287,1000,public,/ˈpʌblɪk/,"công cộng, công khai, chung",Adjective,Adjective|Noun,A1,Kids,0,2,publics,0
288,1000,often,/ˈɔːfən/,"thường, thường xuyên, hay",Adverb,Adverb,A1,Kids,0,1,,0
289,1000,train,/treɪn/,"tàu hỏa, xe lửa, đoàn tàu",Noun,Noun|Verb,A1,Kids,0,5,trains trained training trainings,0
290,1000,possible,/ˈpɑːsəbəl/,"có thể, khả thi, có khả năng",Adjective,Adjective|Noun,A1,Kids,0,1,,0
291,1000,actually,/ˈækˌtʃuːəli/,"thực ra, thật ra, thực tế",Adverb,Adverb,A1,Kids,0,1,,0
292,1000,rather,/ˈræðər/,"khá, hơi; đúng hơn là",Adverb,Adverb,A1,Kids,0,1,,1
293,1000,view,/vjuː/,"quan điểm, cách nhìn; cảnh vật",Noun,Noun|Verb,A1,Kids,0,4,views viewed viewing,1
294,1000,together,/təˈɡɛðər/,"cùng nhau, với nhau, chung",Adverb,Adverb,A1,Kids,0,1,,0
295,1000,consider,/kənˈsɪdər/,"xem xét, cân nhắc, coi là",Verb,Verb,A1,Kids,0,4,considers considered considering,0
296,1000,price,/praɪs/,"giá, giá cả, giá tiền",Noun,Noun|Verb,A1,Kids,0,5,prices priced pricing pricings,0
297,1000,parent,/ˈpɛrənt/,"cha mẹ, phụ huynh, bố mẹ",Noun,Noun,A1,Kids,0,4,parents parented parenting,0
298,1000,hard,/hɑːrd/,"khó, cứng, vất vả",Adjective,Adjective|Adverb|Noun,A1,Kids,0,3,harder hardest,0
299,1000,party,/ˈpɑːrti/,"bữa tiệc; đảng phái, bên",Noun,Noun,A1,Kids,0,4,parties partied partying,1
300,1000,local,/ˈloʊkəl/,"địa phương, cục bộ, nội bộ",Adjective,Adjective|Noun,A1,Kids,0,2,locals,0
301,1000,control,/kənˈtroʊl/,"kiểm soát, điều khiển, khống chế",Verb,Noun|Verb,A1,Kids,0,4,controls controlled controlling,0
302,1000,already,/ɔːlˈrɛdi/,"đã, đã rồi, rồi",Adverb,Adverb,A1,Kids,0,1,,0
303,1000,concern,/kənˈsɜːrn/,"mối lo ngại, sự quan tâm, mối bận tâm",Noun,Noun|Verb,A1,Kids,0,4,concerns concerned concerning,0
304,1000,product,/ˈprɑːdəkt/,"sản phẩm, sản vật, tích số",Noun,Noun,A1,Kids,0,2,products,0
305,1000,lose,/luːz/,"mất, thua, đánh mất",Verb,Verb,A1,Kids,0,4,loses lost losing,0
306,1000,story,/ˈstɔːri/,"câu chuyện, truyện, tầng nhà",Noun,Noun,A1,Kids,0,5,stories storied storey storys,0
307,1000,almost,/ˈɔːlˌmoʊst/,"hầu như, gần như, suýt",Adverb,Adverb,A1,Kids,0,1,,0
308,1000,continue,/kənˈtɪnju/,"tiếp tục, tiếp diễn, kéo dài",Verb,Verb,A1,Kids,0,4,continues continued continuing,0
309,1000,stand,/stænd/,"đứng, đứng vững, chịu đựng",Verb,Noun|Verb,A1,Kids,0,4,stands stood standing,0
310,1000,whole,/hoʊl/,"toàn bộ, cả, nguyên vẹn",Adjective,Adjective|Noun,A1,Kids,0,2,wholes,0
311,1000,yet,/jɛt/,"chưa, vẫn chưa; tuy nhiên",Adverb,Adverb|Conjunction,A1,Kids,0,1,,1
312,1000,rate,/reɪt/,"tỷ lệ, mức, tốc độ, giá biểu",Noun,Noun|Verb,A1,Kids,0,5,rates rated rating ratings,0
313,1000,care,/kɛr/,"quan tâm, để ý, chăm sóc",Verb,Noun|Verb,A1,Kids,0,4,cares cared caring,0
314,1000,expect,/ɪkˈspɛkt/,"mong đợi, kỳ vọng, dự kiến",Verb,Verb,A1,Kids,0,4,expects expected expecting,0
315,1000,effect,/ɪˈfɛkt/,"ảnh hưởng, tác dụng, hiệu quả",Noun,Noun|Verb,A1,Kids,0,4,effects effected effecting,0
316,1000,sort,/sɔːrt/,"loại, kiểu, hạng, thứ",Noun,Noun|Verb,A1,Kids,0,4,sorts sorted sorting,0
317,1000,ever,/ˈɛvər/,"từng, bao giờ, mãi mãi",Adverb,Adverb,A1,Kids,0,1,,0
318,1000,anything,/ˈɛniˌθɪŋ/,"bất cứ điều gì, cái gì đó",Pronoun,Pronoun|Noun,A1,Grammar,1,1,,0
319,1000,cause,/kɑːz/,"gây ra, gây nên, làm cho",Verb,Noun|Verb,A1,Kids,0,4,causes caused causing,0
320,1000,fall,/fɔːl/,"rơi, ngã, giảm xuống",Verb,Noun|Verb,A1,Kids,0,5,falls fell falling fallen,0
321,1000,deal,/diːl/,"thỏa thuận, giao dịch, vụ mua bán",Noun,Noun|Verb,A1,Kids,0,4,deals dealing dealt,0
322,1000,water,/ˈwɔːtər/,"nước, nước uống, vùng nước",Noun,Noun|Verb,A1,Kids,0,4,waters watered watering,0
323,1000,send,/sɛnd/,"gửi, gửi đi, phái đi",Verb,Verb,A1,Kids,0,4,sends sending sent,0
324,1000,allow,/əˈlaʊ/,"cho phép, chấp thuận, để cho",Verb,Verb,A1,Kids,0,4,allows allowed allowing,0
325,1000,soon,/suːn/,"sớm, chẳng bao lâu nữa",Adverb,Adverb,A1,Kids,0,3,sooner soonest,0
326,1000,watch,/wɑːtʃ/,"xem, theo dõi, canh chừng",Verb,Noun|Verb,A1,Kids,0,4,watches watched watching,0
327,1000,base,/beɪs/,"cơ sở, nền tảng, căn cứ",Noun,Noun|Verb|Adjective,A1,Kids,0,6,bases based basing baser basest,0
328,1000,probably,/ˈprɑːbəˌbliː/,"có lẽ, có thể, chắc là",Adverb,Adverb,A1,Kids,0,1,,0
329,1000,suggest,/səˈdʒɛst/,"gợi ý, đề nghị, cho thấy",Verb,Verb,A1,Kids,0,4,suggests suggested suggesting,0
330,1000,past,/pæst/,"trước đây, vừa qua, đã qua",Adjective,Adjective|Noun|Adverb|Preposition,A1,Kids,0,1,,0
331,1000,power,/ˈpaʊər/,"sức mạnh, quyền lực, năng lượng",Noun,Noun|Verb,A1,Kids,0,4,powers powered powering,0
332,1000,test,/tɛst/,"bài kiểm tra, cuộc thi; thử nghiệm",Noun,Noun|Verb,A1,Kids,0,4,tests tested testing,1
333,1000,visit,/ˈvɪzɪt/,"thăm, đến thăm, tham quan",Verb,Noun|Verb,A1,Kids,0,4,visits visited visiting,0
334,1000,center,/ˈsɛntər/,"trung tâm, tâm điểm, chính giữa",Noun,Noun,A1,Kids,0,7,centers centered centering centre centres centred,0
335,1000,grow,/ɡroʊ/,"lớn lên, phát triển, trồng",Verb,Verb,A1,Kids,0,5,grows grew growing grown,0
336,1000,nothing,/ˈnʌθɪŋ/,"không gì cả, không có gì",Pronoun,Pronoun|Noun|Adverb,A1,Grammar,1,1,,0
337,1000,return,/rɪˈtɜːrn/,"trở về, trả lại, quay lại",Verb,Noun|Verb,A1,Kids,0,4,returns returned returning,0
338,1000,mother,/ˈmʌðər/,"mẹ, người mẹ, má",Noun,Noun|Verb,A1,Kids,0,4,mothers mothered mothering,0
339,1000,walk,/wɔːk/,"đi bộ, đi dạo, bước đi",Verb,Noun|Verb,A1,Kids,0,4,walks walked walking,0
340,1000,matter,/ˈmætər/,"vấn đề, chuyện, vật chất",Noun,Noun|Verb,A1,Kids,0,4,matters mattered mattering,0
341,1000,mind,/maɪnd/,"tâm trí, trí óc, đầu óc",Noun,Noun|Verb,A1,Kids,0,4,minds minded minding,0
342,1000,value,/ˈvælju/,"giá trị, trị giá, giá trị đạo đức",Noun,Noun|Verb,A1,Kids,0,4,values valued valuing,0
343,1000,office,/ˈɔːfɪs/,"văn phòng, cơ quan, chức vụ",Noun,Noun,A1,Kids,0,2,offices,0
344,1000,record,/rəˈkɔːrd/,"hồ sơ, bản ghi, kỷ lục",Noun,Noun|Verb,A1,Kids,0,5,records recorded recording recordings,0
345,1000,stay,/steɪ/,"ở lại, lưu lại, giữ nguyên",Verb,Noun|Verb,A1,Kids,0,4,stays stayed staying,0
346,1000,force,/fɔːrs/,"lực lượng, sức mạnh, vũ lực",Noun,Noun|Verb,A1,Kids,0,4,forces forced forcing,0
347,1000,stop,/stɑːp/,"dừng, ngừng, dừng lại",Verb,Noun|Verb,A1,Kids,0,4,stops stopped stopping,0
348,1000,several,/ˈsɛvrəl/,"vài, một số, một vài",Determiner,Determiner|Adjective|Noun,A1,Grammar,1,1,,0
349,1000,light,/laɪt/,"ánh sáng, đèn, nguồn sáng",Noun,Noun|Adjective|Verb|Adverb,A1,Kids,0,6,lights lighted lit lighting lightest,0
350,1000,develop,/dɪˈvɛləp/,"phát triển, mở rộng, xây dựng",Verb,Verb,A1,Kids,0,4,develops developed developing,0
351,1000,remember,/rɪˈmɛmbər/,"nhớ, ghi nhớ, nhớ lại",Verb,Verb,A1,Kids,0,4,remembers remembered remembering,0
352,1000,bit,/bɪt/,"miếng nhỏ, chút ít, mẩu, mảnh",Noun,Noun|Verb,A1,Kids,0,3,bits bitted,0
353,1000,share,/ʃɛr/,"chia sẻ, chia phần, san sẻ",Verb,Noun|Verb,A1,Kids,0,4,shares shared sharing,0
354,1000,real,/riːl/,"thật, thực, có thật, thực tế",Adjective,Adjective|Noun,A1,Kids,0,2,realer,0
355,1000,answer,/ˈænsər/,"trả lời, đáp lại, hồi đáp",Verb,Noun|Verb,A1,Kids,0,4,answers answered answering,0
356,1000,sit,/sɪt/,"ngồi, ngồi xuống, có chỗ ngồi",Verb,Verb,A1,Kids,0,4,sits sat sitting,0
357,1000,figure,/ˈfɪɡjər/,"con số, hình dáng, nhân vật",Noun,Noun|Verb,A1,Kids,0,4,figures figured figuring,0
358,1000,letter,/ˈlɛtər/,"thư, lá thư; chữ cái",Noun,Noun|Verb,A1,Kids,0,4,letters lettering letterings,1
359,1000,decide,/ˌdɪˈsaɪd/,"quyết định, định đoạt, dứt khoát",Verb,Verb,A1,Kids,0,4,decides decided deciding,0
360,1000,language,/ˈlæŋɡwədʒ/,"ngôn ngữ, tiếng nói, tiếng",Noun,Noun,A1,Kids,0,2,languages,0
361,1000,subject,/səbˈdʒɛkt/,"chủ đề, môn học, đề tài",Noun,Noun|Adjective|Verb,A1,Kids,0,4,subjects subjected subjecting,0
362,1000,class,/klæs/,"lớp học, giai cấp, hạng",Noun,Noun,A1,Kids,0,4,classes classed classing,0
363,1000,development,/dɪˈvɛləpmənt/,"sự phát triển, sự mở mang",Noun,Noun,A1,Kids,0,2,developments,0
364,1000,town,/taʊn/,"thị trấn, thành phố nhỏ",Noun,Noun,A1,Kids,0,2,towns,0
365,1000,half,/hæf/,"một nửa, phân nửa, nửa",Noun,Noun|Adjective|Adverb,A1,Kids,0,4,halves halved halving,0
366,1000,minute,/ˈmɪnət/,"phút; lát, chốc lát",Noun,Noun|Verb|Adjective,A1,Kids,0,2,minutes,1
367,1000,food,/fuːd/,"thức ăn, đồ ăn, thực phẩm",Noun,Noun,A1,Kids,0,2,foods,0
368,1000,break,/breɪk/,"làm vỡ, bẻ gãy, phá vỡ",Verb,Noun|Verb,A1,Kids,0,5,breaks broke breaking broken,0
369,1000,clear,/klɪr/,"rõ ràng, trong suốt, sáng sủa",Adjective,Adjective|Adverb|Verb,A1,Kids,0,6,clears cleared clearing clearer clearest,0
370,1000,future,/ˈfjuːtʃər/,"tương lai, mai sau, ngày sau",Noun,Adjective|Noun,A1,Kids,0,2,futures,0
371,1000,either,/ˈiːðər/,"một trong hai, cái nào cũng được",Pronoun,Pronoun|Adjective|Noun|Conjunction|Adverb,A1,Grammar,1,1,,0
372,1000,ago,/əˈɡoʊ/,"cách đây, trước đây",Adverb,Adverb,A1,Kids,0,1,,0
373,1000,per,/pɜːr/,"mỗi, theo từng, trên mỗi",Preposition,Preposition|Noun,A1,Grammar,1,1,,0
374,1000,remain,/rɪˈmeɪn/,"còn lại, vẫn giữ, ở lại",Verb,Noun|Verb,A1,Kids,0,4,remains remained remaining,0
375,1000,top,/tɑːp/,"đỉnh, chóp, phần trên cùng",Noun,Noun|Adjective|Verb,A1,Kids,0,5,tops topped topping toppings,0
376,1000,among,/əˈmʌŋ/,"giữa, trong số, ở giữa",Preposition,Preposition,A1,Grammar,1,1,,0
377,1000,win,/wɪn/,"thắng, giành được, chiến thắng",Verb,Noun|Verb,A1,Kids,0,4,wins winning winnings,0
378,1000,color,/ˈkʌlər/,"màu, màu sắc, sắc màu",Noun,Noun,A1,Kids,0,9,colors colored coloring colorings colour colours coloured colouring,0
379,1000,involve,/ˌɪnˈvɑːlv/,"liên quan, bao gồm, dính líu",Verb,Verb,A1,Kids,0,4,involves involved involving,0
380,1000,reach,/riːtʃ/,"tới, đạt tới, với tay",Verb,Noun|Verb,A1,Kids,0,4,reaches reached reaching,0
381,1000,social,/ˈsoʊʃəl/,"thuộc xã hội, mang tính xã hội",Adjective,Adjective|Noun,A1,Kids,0,2,socials,0
382,1000,period,/ˈpɪriəd/,"thời kỳ, giai đoạn, tiết học",Noun,Noun|Adjective,A1,Kids,0,2,periods,0
383,1000,across,/əˈkrɔːs/,"ngang qua, băng qua, bên kia",Preposition,Adverb|Preposition,A1,Grammar,1,1,,0
384,1000,note,/noʊt/,"ghi chú, lời ghi, mẩu tin",Noun,Noun|Verb,A1,Kids,0,4,notes noted noting,0
385,1000,history,/ˈhɪstəri/,"lịch sử, sử học, quá khứ",Noun,Noun,A1,Kids,0,2,histories,0
386,1000,create,/kriˈeɪt/,"tạo ra, sáng tạo, tạo dựng",Verb,Verb,A1,Kids,0,4,creates created creating,0
387,1000,drive,/draɪv/,"lái xe, điều khiển; thúc đẩy",Verb,Noun|Verb,A1,Kids,0,5,drives drove driving driven,1
388,1000,along,/əˈlɔːŋ/,"dọc theo, theo, dọc",Preposition,Adverb|Preposition,A1,Grammar,1,1,,0
389,1000,type,/taɪp/,"loại, kiểu, hạng, dạng",Noun,Noun|Verb,A1,Kids,0,4,types typed typing,0
390,1000,sound,/saʊnd/,"âm thanh, tiếng động, tiếng",Noun,Adjective|Adverb|Noun|Verb,A1,Kids,0,4,sounds sounded sounding,0
391,1000,eye,/aɪ/,"mắt, con mắt, cặp mắt",Noun,Noun|Verb,A1,Kids,0,4,eyes eyed eyeing,0
392,1000,music,/ˈmjuːzɪk/,"âm nhạc, nhạc, bản nhạc",Noun,Noun,A1,Kids,0,1,,0
393,1000,game,/ɡeɪm/,"trò chơi, ván đấu, trận đấu",Noun,Noun|Verb|Adjective,A1,Kids,0,4,games gamed gaming,0
394,1000,political,/pəˈlɪtəkəl/,"thuộc chính trị, về chính trị",Adjective,Adjective|Noun,A1,Kids,0,1,,0
395,1000,free,/friː/,"tự do; miễn phí, không mất tiền",Adjective,Adjective|Adverb|Verb,A1,Kids,0,6,frees freed freeing freer freest,1
396,1000,receive,/rəˈsiːv/,"nhận, nhận được, tiếp nhận",Verb,Verb,A1,Kids,0,4,receives received receiving,0
397,1000,moment,/ˈmoʊmənt/,"khoảnh khắc, lúc, chốc lát",Noun,Noun,A1,Kids,0,2,moments,0
398,1000,sale,/seɪl/,"sự bán hàng, việc bán; đợt giảm giá",Noun,Noun,A1,Kids,0,2,sales,1
399,1000,policy,/ˈpɑːləsi/,"chính sách, đường lối",Noun,Noun,A1,Kids,0,2,policies,0
400,1000,further,/ˈfɜːrðər/,"xa hơn, thêm nữa, hơn nữa",Adverb,Adjective|Adverb|Verb,A1,Kids,0,4,furthers furthered furthering,0
401,1000,body,/ˈbɑːdi/,"cơ thể, thân thể, xác",Noun,Noun|Verb,A1,Kids,0,4,bodies bodied bodying,0
402,1000,require,/ˌriːˈkwaɪər/,"yêu cầu, đòi hỏi, cần",Verb,Verb,A1,Kids,0,4,requires required requiring,0
403,1000,wait,/weɪt/,"đợi, chờ, chờ đợi",Verb,Noun|Verb,A1,Kids,0,4,waits waited waiting,0
404,1000,general,/ˈdʒɛnərəl/,"chung, tổng quát, phổ biến",Adjective,Adjective|Noun,A1,Kids,0,2,generals,0
405,1000,appear,/əˈpɪr/,"xuất hiện, hiện ra; có vẻ",Verb,Verb,A1,Kids,0,4,appears appeared appearing,1
406,1000,toward,/təˈwɔːrd/,"về phía, hướng tới, đối với",Preposition,Adjective|Preposition,A1,Grammar,1,2,towards,0
407,1000,team,/tiːm/,"đội, nhóm, tổ, đội ngũ",Noun,Noun|Verb,A1,Kids,0,4,teams teamed teaming,0
408,1000,easy,/ˈiːzi/,"dễ, dễ dàng, thoải mái",Adjective,Adjective|Adverb|Noun,A1,Kids,0,3,easier easiest,0
409,1000,individual,/ˌɪndəˈvɪdʒəwəl/,"cá nhân, người, cá thể",Noun,Adjective|Noun,A1,Kids,0,2,individuals,0
410,1000,full,/fʊl/,"đầy, đầy đủ, no, kín",Adjective,Adjective|Adverb|Noun|Verb,A1,Kids,0,3,fuller fullest,0
411,1000,black,/blæk/,"đen, màu đen, tối đen",Adjective,Adjective|Noun|Verb,A1,Kids,0,6,blacks blacked blacking blacker blackest,0
412,1000,sense,/sɛns/,"cảm giác, giác quan, ý nghĩa",Noun,Noun|Verb,A1,Kids,0,4,senses sensed sensing,0
413,1000,perhaps,/pərˈhæps/,"có lẽ, có thể, biết đâu",Adverb,Adverb,A1,Kids,0,1,,0
414,1000,add,/æd/,"thêm, cộng, bổ sung, thêm vào",Verb,Verb,A1,Kids,0,4,adds added adding,0
415,1000,rule,/ruːl/,"quy tắc, luật lệ, nội quy",Noun,Noun|Verb,A1,Kids,0,5,rules ruled ruling rulings,0
416,1000,pass,/pæs/,"đi qua, vượt qua; đưa, chuyền",Verb,Verb|Noun,A1,Kids,0,4,passes passed passing,1
417,1000,produce,/prəˈduːs/,"sản xuất, tạo ra, chế tạo",Verb,Noun|Verb,A1,Kids,0,4,produces produced producing,0
418,1000,sell,/sɛl/,"bán, bán được, bán ra",Verb,Noun|Verb,A1,Kids,0,4,sells sold selling,0
419,1000,short,/ʃɔːrt/,"ngắn, thấp, thiếu, ngắn ngủi",Adjective,Adjective|Adverb|Noun|Verb,A1,Kids,0,6,shorts shorted shorting shorter shortest,0
420,1000,agree,/əˈɡriː/,"đồng ý, tán thành, nhất trí",Verb,Verb,A1,Kids,0,4,agrees agreed agreeing,0
421,1000,law,/lɔː/,"luật, luật pháp, đạo luật",Noun,Noun,A1,Kids,0,2,laws,0
422,1000,everything,/ˈɛvriˌθɪŋ/,"mọi thứ, tất cả, mọi việc",Pronoun,Pronoun,A1,Grammar,1,1,,0
423,1000,research,/riˈsɜːrtʃ/,"nghiên cứu, công trình nghiên cứu",Noun,Noun|Verb,A1,Kids,0,4,researches researched researching,0
424,1000,cover,/ˈkʌvər/,"che, phủ, bao gồm, bao phủ",Verb,Noun|Verb,A1,Kids,0,5,covers covered covering coverings,0
425,1000,paper,/ˈpeɪpər/,"giấy; bài báo, tài liệu",Noun,Noun|Verb,A1,Kids,0,4,papers papered papering,1
426,1000,position,/pəˈzɪʃən/,"vị trí, chỗ, chức vụ",Noun,Noun|Verb,A1,Kids,0,4,positions positioned positioning,0
427,1000,near,/nɪr/,"gần, ở gần, kề bên",Preposition,Adjective|Adverb|Preposition|Verb,A1,Grammar,1,6,nears neared nearing nearer nearest,0
428,1000,human,/ˈhjuːmən/,"con người, loài người",Noun,Adjective|Noun,A1,Kids,0,2,humans,0
429,1000,computer,/kəmˈpjuːtər/,"máy tính, máy vi tính",Noun,Noun,A1,Kids,0,2,computers,0
430,1000,situation,/ˌsɪtʃuˈeɪʃən/,"tình hình, hoàn cảnh, tình huống",Noun,Noun,A1,Kids,0,2,situations,0
431,1000,staff,/stæf/,"nhân viên, đội ngũ nhân viên",Noun,Noun|Verb,A1,Kids,0,4,staffs staffed staffing,0
432,1000,activity,/ækˈtɪvəti/,"hoạt động, sinh hoạt",Noun,Noun,A1,Kids,0,2,activities,0
433,1000,film,/fɪlm/,"phim, bộ phim, phim ảnh",Noun,Noun|Verb,A1,Kids,0,4,films filmed filming,0
434,1000,morning,/ˈmɔːrnɪŋ/,"buổi sáng, sáng, ban mai",Noun,Noun,A1,Kids,0,2,mornings,0
435,1000,war,/wɔːr/,"chiến tranh, cuộc chiến",Noun,Noun|Verb,A1,Kids,0,4,wars warred warring,0
436,1000,account,/əˈkaʊnt/,tài khoản; bản tường thuật,Noun,Noun|Verb,A1,Kids,0,4,accounts accounted accounting,1
437,1000,shop,/ʃɑːp/,"cửa hàng, tiệm, quán",Noun,Noun|Verb,A1,Kids,0,4,shops shopped shopping,0
438,1000,major,/ˈmeɪdʒər/,"chính, chủ yếu, lớn, quan trọng",Adjective,Noun|Adjective|Verb,A1,Kids,0,4,majors majored majoring,0
439,1000,someone,/ˈsʌmˌwʌn/,"ai đó, một người nào đó",Pronoun,Pronoun,A1,Grammar,1,1,,0
440,1000,above,/əˈbʌv/,"ở trên, phía trên, hơn",Preposition,Adverb|Preposition|Adjective|Noun,A1,Grammar,1,1,,0
441,1000,design,/dɪˈzaɪn/,"thiết kế, bản thiết kế, kiểu dáng",Noun,Noun|Verb,A1,Kids,0,4,designs designed designing,0
442,1000,event,/ɪˈvɛnt/,"sự kiện, biến cố, sự việc",Noun,Noun,A1,Kids,0,2,events,0
443,1000,special,/ˈspɛʃəl/,"đặc biệt, riêng biệt, đặc thù",Adjective,Adjective|Noun,A1,Kids,0,2,specials,0
444,1000,sometimes,/səmˈtaɪmz/,"đôi khi, thỉnh thoảng",Adverb,Adverb,A1,Kids,0,1,,0
445,1000,condition,/kənˈdɪʃən/,"điều kiện, tình trạng, hoàn cảnh",Noun,Noun|Verb,A1,Kids,0,5,conditions conditioned conditioning conditionings,0
446,1000,carry,/ˈkæri/,"mang, vác, chở, khiêng",Verb,Noun|Verb,A1,Kids,0,4,carries carried carrying,0
447,1000,choose,/tʃuːz/,"chọn, lựa chọn, chọn lựa",Verb,Verb,A1,Kids,0,5,chooses chose choosing chosen,0
448,1000,father,/ˈfɑːðər/,"cha, bố, ba, phụ thân",Noun,Noun,A1,Kids,0,4,fathers fathered fathering,0
449,1000,decision,/dɪˈsɪʒən/,"quyết định, sự quyết định",Noun,Noun,A1,Kids,0,2,decisions,0
450,1000,table,/ˈteɪbəl/,"cái bàn; bảng, biểu",Noun,Noun|Verb,A1,Kids,0,3,tables tabled,1
451,1000,certain,/ˈsɜːrtən/,"chắc chắn, nhất định; nào đó",Adjective,Adjective,A1,Kids,0,1,,1
452,1000,forward,/ˈfɔːrwərd/,"về phía trước, tới trước",Adverb,Adjective|Adverb|Noun|Verb,A1,Kids,0,4,forwards forwarded forwarding,0
453,1000,main,/meɪn/,"chính, chủ yếu, quan trọng nhất",Adjective,Noun|Adjective,A1,Kids,0,1,,0
454,1000,die,/daɪ/,"chết, qua đời, mất, tắt thở",Verb,Noun|Verb,A1,Kids,0,4,dies died dying,0
455,1000,bear,/bɛr/,"chịu đựng; mang, sinh ra",Verb,Verb|Noun,A1,Kids,0,5,bears bearing borne bearings,1
456,1000,cut,/kʌt/,"cắt, chặt, cắt giảm",Verb,Noun|Verb,A1,Kids,0,4,cuts cutting cuttings,0
457,1000,describe,/dɪˈskraɪb/,"mô tả, miêu tả, tả lại",Verb,Verb,A1,Kids,0,4,describes described describing,0
458,1000,himself,/hɪmˈsɛlf/,"chính anh ấy, tự anh ta",Pronoun,Pronoun,A1,Grammar,1,1,,0
459,1000,available,/əˈveɪləbəl/,"có sẵn, sẵn có, rảnh",Adjective,Adjective,A1,Kids,0,1,,0
460,1000,especially,/əˈspɛʃli/,"đặc biệt là, nhất là",Adverb,Adverb,A1,Kids,0,1,,0
461,1000,strong,/strɔːŋ/,"mạnh, khỏe, chắc, mạnh mẽ",Adjective,Adjective,A1,Kids,0,3,stronger strongest,0
462,1000,rise,/raɪz/,"tăng lên, dâng lên, mọc",Verb,Noun|Verb,A1,Kids,0,4,rises rising risen,0
463,1000,girl,/ɡɜːrl/,"cô gái, bé gái, con gái",Noun,Noun,A1,Kids,0,2,girls,0
464,1000,maybe,/ˈmeɪbi/,"có lẽ, có thể, chắc là",Adverb,Adverb,A1,Kids,0,1,,0
465,1000,community,/kəˈmjuːnəti/,"cộng đồng, cư dân, giới",Noun,Noun,A1,Kids,0,2,communities,0
466,1000,else,/ɛls/,"khác, nữa, ngoài ra",Adverb,Adverb,A1,Kids,0,1,,0
467,1000,particular,/pərˈtɪkjələr/,"cụ thể, riêng biệt, đặc biệt",Adjective,Adjective|Noun,A1,Kids,0,2,particulars,0
468,1000,role,/roʊl/,"vai trò, vai diễn, vai",Noun,Noun,A1,Kids,0,2,roles,0
469,1000,join,/dʒɔɪn/,"tham gia, gia nhập, nối",Verb,Verb|Noun,A1,Kids,0,4,joins joined joining,0
470,1000,difficult,/ˈdɪfəkəlt/,"khó, khó khăn, gian nan",Adjective,Adjective,A1,Kids,0,1,,0
471,1000,please,/pliːz/,"làm hài lòng, làm vừa lòng, làm vui",Verb,Verb,A1,Kids,0,4,pleases pleased pleasing,0
472,1000,detail,/dɪˈteɪl/,"chi tiết, tiểu tiết, điểm nhỏ",Noun,Noun|Verb,A1,Kids,0,4,details detailed detailing,0
473,1000,difference,/ˈdɪfərəns/,"sự khác nhau, khác biệt, chênh lệch",Noun,Noun|Verb,A1,Kids,0,4,differences differenced differencing,0
474,1000,action,/ˈækʃən/,"hành động, hoạt động, việc làm",Noun,Noun|Verb,A1,Kids,0,2,actions,0
475,1000,health,/hɛlθ/,"sức khỏe, tình trạng sức khỏe",Noun,Noun,A1,Kids,0,1,,0
476,1000,eat,/iːt/,"ăn, ăn uống, dùng bữa",Verb,Verb,A1,Kids,0,5,eats ate eating eaten,0
477,1000,step,/stɛp/,"bước, bậc thang, biện pháp",Noun,Noun|Verb,A1,Kids,0,4,steps stepped stepping,0
478,1000,true,/truː/,"đúng, thật, chân thật, xác thực",Adjective,Adjective|Adverb|Noun|Verb,A1,Kids,0,6,trues trued truing truer truest,0
479,1000,phone,/foʊn/,"điện thoại, máy điện thoại",Noun,Noun|Verb,A1,Kids,0,4,phones phoned phoning,0
480,1000,themselves,/ðɛmˈsɛlvz/,"chính họ, tự họ, bản thân họ",Pronoun,Pronoun|Noun,A1,Grammar,1,1,,0
481,1000,draw,/drɔː/,"vẽ; kéo, rút, lôi kéo",Verb,Noun|Verb,A1,Kids,0,6,draws drew drawing drawn drawings,1
482,1000,white,/waɪt/,"trắng, màu trắng, bạc",Adjective,Adjective|Noun,A1,Kids,0,4,whiter whitest whites,0
483,1000,date,/deɪt/,"ngày, ngày tháng; buổi hẹn",Noun,Noun|Verb,A1,Kids,0,4,dates dated dating,1
484,1000,practice,/ˈpræktəs/,"thực hành, luyện tập, thông lệ",Noun,Noun|Verb,A1,Kids,0,8,practices practiced practicing practise practised practises practising,0
485,1000,model,/ˈmɑːdəl/,"mô hình, mẫu, người mẫu",Noun,Noun|Adjective|Verb,A1,Kids,0,6,models modeled modeling modelled modelling,0
486,1000,raise,/reɪz/,"nâng lên, tăng, nuôi dưỡng",Verb,Verb|Noun,A1,Kids,0,5,raises raised raising raisings,0
487,1000,customer,/ˈkʌstəmər/,"khách hàng, người mua",Noun,Noun,A1,Kids,0,2,customers,0
488,1000,front,/frʌnt/,"mặt trước, phía trước, đằng trước",Noun,Noun|Adjective|Adverb|Verb,A1,Kids,0,4,fronts fronted fronting,0
489,1000,explain,/ɪkˈspleɪn/,"giải thích, giảng giải, trình bày",Verb,Verb,A1,Kids,0,4,explains explained explaining,0
490,1000,door,/dɔːr/,"cửa, cánh cửa, cửa ra vào",Noun,Noun,A1,Kids,0,2,doors,0
491,1000,outside,/ˈaʊtˈsaɪd/,"bên ngoài, phía ngoài, mặt ngoài",Noun,Noun|Adverb|Adjective|Preposition,A1,Kids,0,2,outsides,0
492,1000,behind,/bɪˈhaɪnd/,"phía sau, đằng sau, sau",Preposition,Adverb|Preposition|Noun,A1,Grammar,1,1,,0
493,1000,economic,/ˌɛkəˈnɑːmɪk/,"thuộc kinh tế, về kinh tế",Adjective,Adjective,A1,Kids,0,2,economics,0
494,1000,site,/saɪt/,"địa điểm, khu đất, trang mạng",Noun,Noun|Verb,A1,Kids,0,3,sites sited,0
495,1000,approach,/əˈproʊtʃ/,"cách tiếp cận, phương pháp, sự tiếp cận",Noun,Noun|Verb,A1,Kids,0,4,approaches approached approaching,0
496,1000,teacher,/ˈtiːtʃər/,"giáo viên, thầy giáo, cô giáo",Noun,Noun,A1,Kids,0,2,teachers,0
497,1000,land,/lænd/,"đất, đất đai, vùng đất",Noun,Noun|Verb,A1,Kids,0,5,lands landed landing landings,0
498,1000,charge,/tʃɑːrdʒ/,"tính tiền, thu phí; buộc tội",Verb,Noun|Verb,A1,Kids,0,4,charges charged charging,1
499,1000,finally,/ˈfaɪnəli/,"cuối cùng, rốt cuộc, sau cùng",Adverb,Adverb,A1,Kids,0,1,,0
500,1000,sign,/saɪn/,"dấu hiệu, biển báo, ký hiệu",Noun,Noun|Verb,A1,Kids,0,4,signs signed signing,0
501,1000,claim,/kleɪm/,"tuyên bố, khẳng định, đòi hỏi",Verb,Noun|Verb,A2,Kids,0,4,claims claimed claiming,0
502,1000,relationship,/riˈleɪʃənˌʃɪp/,"mối quan hệ, quan hệ, mối liên hệ",Noun,Noun,A2,Kids,0,2,relationships,0
503,1000,travel,/ˈtrævəl/,"đi lại, du lịch, đi xa",Verb,Noun|Verb,A2,Kids,0,6,travels traveled traveling travelled travelling,0
504,1000,enjoy,/ˌɛnˈdʒɔɪ/,"thích, tận hưởng, thưởng thức",Verb,Verb,A2,Kids,0,4,enjoys enjoyed enjoying,0
505,1000,death,/dɛθ/,"cái chết, sự chết, sự qua đời",Noun,Noun,A2,Kids,0,2,deaths,0
506,1000,nice,/naɪs/,"tốt, đẹp, dễ chịu, tử tế",Adjective,Adjective,A2,Kids,0,3,nicer nicest,0
507,1000,amount,/əˈmaʊnt/,"số lượng, lượng, khoản",Noun,Noun|Verb,A2,Kids,0,3,amounts amounted,0
508,1000,improve,/ˌɪmˈpruːv/,"cải thiện, nâng cao, cải tiến",Verb,Verb,A2,Kids,0,4,improves improved improving,0
509,1000,picture,/ˈpɪktʃər/,"bức tranh, bức ảnh, hình",Noun,Noun|Verb,A2,Kids,0,4,pictures pictured picturing,0
510,1000,boy,/bɔɪ/,"cậu bé, con trai, thằng bé",Noun,Noun,A2,Kids,0,2,boys,0
511,1000,regard,/rɪˈɡɑːrd/,"coi như, xem như, coi trọng",Verb,Noun|Verb,A2,Kids,0,4,regards regarded regarding,0
512,1000,organization,/ˌɔːrɡənəˈzeɪʃən/,"tổ chức, cơ quan, đoàn thể",Noun,Noun,A2,Kids,0,4,organizations organisation organisations,0
513,1000,happy,/ˈhæpi/,"vui, hạnh phúc, vui vẻ",Adjective,Adjective,A2,Kids,0,3,happier happiest,0
514,1000,couple,/ˈkʌpəl/,"cặp, đôi, vài, một vài",Noun,Noun|Verb,A2,Kids,0,4,couples coupled coupling,0
515,1000,act,/ækt/,"hành động, hành xử; diễn",Verb,Noun|Verb,A2,Kids,0,4,acts acted acting,1
516,1000,range,/reɪndʒ/,"phạm vi, khoảng, dãy",Noun,Noun|Verb,A2,Kids,0,4,ranges ranged ranging,0
517,1000,quality,/ˈkwɑːləti/,"chất lượng, phẩm chất",Noun,Noun,A2,Kids,0,2,qualities,0
518,1000,project,/ˈprɑːdʒɛkt/,"dự án, đề án, công trình",Noun,Noun|Verb,A2,Kids,0,4,projects projected projecting,0
519,1000,round,/raʊnd/,"tròn, hình tròn, tròn trịa",Adjective,Adjective|Noun|Adverb|Verb,A2,Kids,0,6,rounds rounded rounding rounder roundest,0
520,1000,opportunity,/ˌɑːpərˈtuːnəti/,"cơ hội, dịp, thời cơ",Noun,Noun,A2,Kids,0,2,opportunities,0
521,1000,road,/roʊd/,"con đường, đường, đường bộ",Noun,Noun|Verb,A2,Kids,0,2,roads,0
522,1000,accord,/əˈkɔːrd/,"sự thỏa thuận, hiệp định, sự nhất trí",Noun,Noun|Verb,A2,Kids,0,4,accords accorded according,0
523,1000,list,/lɪst/,"danh sách, bản kê, bảng liệt kê",Noun,Noun|Verb,A2,Kids,0,5,lists listed listing listings,0
524,1000,wish,/wɪʃ/,"mong, ước, muốn, ước ao",Verb,Noun|Verb,A2,Kids,0,4,wishes wished wishing,0
525,1000,therefore,/ˈðɛrˌfɔːr/,"vì vậy, do đó, cho nên",Adverb,Adverb,A2,Kids,0,1,,0
526,1000,wear,/wɛr/,"mặc, đeo, đội, mang",Verb,Noun|Verb,A2,Kids,0,5,wears wore wearing worn,0
527,1000,fund,/fʌnd/,"quỹ, ngân quỹ, vốn",Noun,Noun|Verb,A2,Kids,0,4,funds funded funding,0
528,1000,rest,/rɛst/,phần còn lại; sự nghỉ ngơi,Noun,Noun|Verb,A2,Kids,0,4,rests rested resting,1
529,1000,kid,/kɪd/,"đứa trẻ, đứa bé, con nít",Noun,Noun|Verb,A2,Kids,0,4,kids kidded kidding,0
530,1000,industry,/ˈɪndəstri/,"ngành công nghiệp, ngành nghề",Noun,Noun,A2,Kids,0,2,industries,0
531,1000,education,/ˌɛdʒəˈkeɪʃən/,"giáo dục, sự giáo dục, học vấn",Noun,Noun,A2,Kids,0,2,educations,0
532,1000,measure,/ˈmɛʒər/,"đo, đo lường, đánh giá",Verb,Noun|Verb,A2,Kids,0,4,measures measured measuring,0
533,1000,kill,/kɪl/,"giết, giết chết, sát hại",Verb,Verb|Noun,A2,Kids,0,5,kills killed killing killings,0
534,1000,serve,/sɜːrv/,"phục vụ, phụng sự, dọn ăn",Verb,Noun|Verb,A2,Kids,0,5,serves served serving servings,0
535,1000,likely,/ˈlaɪkli/,"có khả năng, có thể xảy ra",Adjective,Adjective|Adverb,A2,Kids,0,3,likelier likeliest,0
536,1000,certainly,/ˈsɜːrtənli/,"chắc chắn, nhất định",Adverb,Adverb,A2,Kids,0,1,,0
537,1000,national,/ˈnæʃənəl/,"thuộc quốc gia, toàn quốc",Adjective,Adjective|Noun,A2,Kids,0,2,nationals,0
538,1000,itself,/ˌɪtˈsɛlf/,"chính nó, tự nó, bản thân nó",Pronoun,Pronoun,A2,Grammar,1,1,,0
539,1000,teach,/tiːtʃ/,"dạy, giảng dạy, dạy học",Verb,Verb,A2,Kids,0,5,teaches taught teaching teachings,0
540,1000,field,/fiːld/,"cánh đồng; lĩnh vực, sân",Noun,Noun|Verb,A2,Kids,0,4,fields fielded fielding,1
541,1000,security,/sɪˈkjʊrəti/,"an ninh, sự an toàn, bảo mật",Noun,Noun,A2,Kids,0,2,securities,0
542,1000,air,/ɛr/,"không khí, khí trời, không trung",Noun,Noun|Verb,A2,Kids,0,4,airs aired airing,0
543,1000,benefit,/ˈbɛnəfɪt/,"lợi ích, quyền lợi, trợ cấp",Noun,Noun|Verb,A2,Kids,0,6,benefits benefited benefiting benefitted benefitting,0
544,1000,trade,/treɪd/,"thương mại, mậu dịch, buôn bán",Noun,Noun|Verb,A2,Kids,0,4,trades traded trading,0
545,1000,risk,/rɪsk/,"rủi ro, nguy cơ, sự mạo hiểm",Noun,Noun|Verb,A2,Kids,0,4,risks risked risking,0
546,1000,news,/nuːz/,"tin tức, tin, bản tin",Noun,Noun,A2,Kids,0,1,,0
547,1000,standard,/ˈstændərd/,"tiêu chuẩn, chuẩn mực, mức chuẩn",Noun,Noun,A2,Kids,0,2,standards,0
548,1000,vote,/voʊt/,"bỏ phiếu, bầu, biểu quyết",Verb,Noun|Verb,A2,Kids,0,4,votes voted voting,0
549,1000,percent,/pərˈsɛnt/,"phần trăm, tỷ lệ phần trăm",Noun,Noun,A2,Kids,0,2,percents,0
550,1000,focus,/ˈfoʊkəs/,"tập trung, chú tâm, tập trung vào",Verb,Noun|Verb,A2,Kids,0,8,focuses focused focusing focussed focuss focusses focussing,0
551,1000,stage,/steɪdʒ/,"giai đoạn; sân khấu, bục",Noun,Noun|Verb,A2,Kids,0,4,stages staged staging,1
552,1000,space,/speɪs/,"không gian, khoảng trống, vũ trụ",Noun,Noun|Verb,A2,Kids,0,4,spaces spaced spacing,0
553,1000,instead,/ˌɪnˈstɛd/,"thay vào đó, thay vì",Adverb,Adverb,A2,Kids,0,1,,0
554,1000,realize,/ˈriːəˌlaɪz/,"nhận ra, nhận thức, hiểu ra",Verb,Verb,A2,Kids,0,8,realizes realized realizing realise realises realised realising,0
555,1000,usually,/ˈjuːʒəwəli/,"thường, thường thường, thông thường",Adverb,Adverb,A2,Kids,0,1,,0
556,1000,data,/ˈdeɪtə/,"dữ liệu, số liệu, dữ kiện",Noun,Noun,A2,Kids,0,2,datum,0
557,1000,single,/ˈsɪŋɡəl/,"đơn, duy nhất, độc thân",Adjective,Adjective|Noun,A2,Kids,0,4,singles singled singling,0
558,1000,address,/ˈæˌdrɛs/,địa chỉ; bài phát biểu,Noun,Noun|Verb,A2,Kids,0,4,addresses addressed addressing,1
559,1000,performance,/pərˈfɔːrməns/,"thành tích, hiệu suất; buổi biểu diễn",Noun,Noun,A2,Kids,0,2,performances,1
560,1000,chance,/tʃæns/,"cơ hội, khả năng, may rủi",Noun,Noun|Adjective|Verb,A2,Kids,0,4,chances chanced chancing,0
561,1000,accept,/ækˈsɛpt/,"chấp nhận, nhận, đồng ý",Verb,Verb,A2,Kids,0,4,accepts accepted accepting,0
562,1000,society,/səˈsaɪəti/,"xã hội; hội, hiệp hội",Noun,Noun,A2,Kids,0,2,societies,1
563,1000,technology,/tɛkˈnɑːlədʒi/,"công nghệ, kỹ thuật",Noun,Noun,A2,Kids,0,2,technologies,0
564,1000,mention,/ˈmɛnʃən/,"đề cập, nhắc đến, nói đến",Verb,Noun|Verb,A2,Kids,0,4,mentions mentioned mentioning,0
565,1000,choice,/tʃɔɪs/,"sự lựa chọn, lựa chọn, quyền chọn",Noun,Noun,A2,Kids,0,4,choices choicer choicest,0
566,1000,save,/seɪv/,"cứu; tiết kiệm, lưu lại",Verb,Noun|Verb|Preposition,A2,Kids,0,5,saves saved saving savings,1
567,1000,common,/ˈkɑːmən/,"chung, phổ biến, thông thường",Adjective,Adjective|Noun,A2,Kids,0,2,commonest,0
568,1000,culture,/ˈkʌltʃər/,"văn hóa, nền văn hóa",Noun,Noun|Verb,A2,Kids,0,4,cultures cultured culturing,0
569,1000,total,/ˈtoʊtəl/,"tổng cộng, toàn bộ, hoàn toàn",Adjective,Adjective|Noun|Verb,A2,Kids,0,6,totals totaled totaling totalled totalling,0
570,1000,demand,/dɪˈmænd/,"nhu cầu, sự đòi hỏi, yêu cầu",Noun,Noun|Verb,A2,Kids,0,4,demands demanded demanding,0
571,1000,material,/məˈtɪriəl/,"vật liệu, nguyên liệu, tư liệu",Noun,Adjective|Noun,A2,Kids,0,2,materials,0
572,1000,limit,/ˈlɪmət/,"giới hạn, hạn mức, mức tối đa",Noun,Noun|Verb,A2,Kids,0,4,limits limited limiting,0
573,1000,listen,/ˈlɪsən/,"nghe, lắng nghe, chú ý nghe",Verb,Verb,A2,Kids,0,4,listens listened listening,0
574,1000,due,/duː/,"đến hạn, phải trả; do, vì",Adjective,Noun|Adjective|Adverb,A2,Kids,0,1,,1
575,1000,wrong,/rɔːŋ/,"sai, sai lầm, không đúng",Adjective,Adjective|Adverb|Noun|Verb,A2,Kids,0,4,wrongs wronged wronging,0
576,1000,foot,/fʊt/,"bàn chân, chân, chân đế",Noun,Noun|Verb,A2,Kids,0,5,foots footed footing feet,0
577,1000,effort,/ˈɛfərt/,"nỗ lực, cố gắng, sự gắng sức",Noun,Noun,A2,Kids,0,2,efforts,0
578,1000,attention,/əˈtɛnʃən/,"sự chú ý, sự quan tâm",Noun,Noun,A2,Kids,0,2,attentions,0
579,1000,upon,/əˈpɑːn/,"trên, ở trên, vào lúc",Preposition,Preposition,A2,Grammar,1,1,,0
580,1000,check,/tʃɛk/,"kiểm tra, xem xét, đối chiếu",Verb,Noun|Verb,A2,Kids,0,4,checks checked checking,0
581,1000,complete,/kəmˈpliːt/,"hoàn thành, hoàn tất, làm xong",Verb,Adjective|Verb,A2,Kids,0,4,completes completed completing,0
582,1000,lie,/laɪ/,"nằm, ở, tọa lạc; nói dối",Verb,Noun|Verb,A2,Kids,0,5,lies lied lying lain,1
583,1000,pick,/pɪk/,"chọn, nhặt, hái, lựa",Verb,Noun|Verb,A2,Kids,0,4,picks picked picking,0
584,1000,reduce,/rəˈduːs/,"giảm, giảm bớt, hạ, thu nhỏ",Verb,Verb,A2,Kids,0,4,reduces reduced reducing,0
585,1000,personal,/ˈpɜːrsɪnəl/,"cá nhân, riêng tư, thuộc cá nhân",Adjective,Adjective|Verb,A2,Kids,0,2,personals,0
586,1000,ground,/ɡraʊnd/,"mặt đất, đất; căn cứ, cơ sở",Noun,Noun|Verb,A2,Kids,0,4,grounds grounded grounding,1
587,1000,animal,/ˈænəməl/,"động vật, con vật, thú",Noun,Noun|Adjective,A2,Kids,0,2,animals,0
588,1000,arrive,/ərˈaɪv/,"đến, tới, đến nơi",Verb,Verb,A2,Kids,0,4,arrives arrived arriving,0
589,1000,patient,/ˈpeɪʃənt/,"bệnh nhân, người bệnh",Noun,Adjective|Noun,A2,Kids,0,2,patients,0
590,1000,current,/ˈkɜːrənt/,"hiện tại, hiện nay, đương thời",Adjective,Noun|Adjective,A2,Kids,0,2,currents,0
591,1000,century,/ˈsɛntʃəri/,"thế kỷ, một trăm năm",Noun,Noun,A2,Kids,0,2,centuries,0
592,1000,evidence,/ˈɛvədəns/,"bằng chứng, chứng cứ",Noun,Noun|Verb,A2,Kids,0,4,evidences evidenced evidencing,0
593,1000,exist,/ɪɡˈzɪst/,"tồn tại, hiện hữu, có",Verb,Verb,A2,Kids,0,4,exists existed existing,0
594,1000,similar,/ˈsɪmələr/,"giống nhau, tương tự, tương đồng",Adjective,Adjective|Noun,A2,Kids,0,1,,0
595,1000,fight,/faɪt/,"đánh nhau, chiến đấu, đấu tranh",Verb,Noun|Verb,A2,Kids,0,4,fights fought fighting,0
596,1000,leader,/ˈliːdər/,"người lãnh đạo, thủ lĩnh, nhà lãnh đạo",Noun,Noun,A2,Kids,0,2,leaders,0
597,1000,fine,/faɪn/,"tốt, ổn, khá; mịn, nhỏ",Adjective,Adjective|Adverb|Noun|Verb,A2,Kids,0,6,fines fined fining finer finest,1
598,1000,street,/striːt/,"đường phố, phố, con phố",Noun,Noun,A2,Kids,0,2,streets,0
599,1000,former,/ˈfɔːrmər/,"trước đây, cựu, nguyên",Adjective,Adjective|Noun,A2,Kids,0,2,formers,0
600,1000,contact,/ˈkɑːnˌtækt/,"sự liên lạc, sự tiếp xúc, người liên hệ",Noun,Noun|Verb,A2,Kids,0,4,contacts contacted contacting,0
601,1000,particularly,/ˌpɑːrˈtɪkjələrli/,"đặc biệt là, nhất là, riêng",Adverb,Adverb,A2,Kids,0,1,,0
602,1000,wife,/waɪf/,"vợ, người vợ, bà xã",Noun,Noun,A2,Kids,0,2,wives,0
603,1000,sport,/spɔːrt/,"thể thao, môn thể thao",Noun,Noun|Verb,A2,Kids,0,4,sports sported sporting,0
604,1000,prepare,/priˈpɛr/,"chuẩn bị, sửa soạn, sắp xếp",Verb,Verb,A2,Kids,0,4,prepares prepared preparing,0
605,1000,discuss,/dɪˈskʌs/,"thảo luận, bàn bạc, bàn luận",Verb,Verb,A2,Kids,0,4,discusses discussed discussing,0
606,1000,response,/rɪˈspɑːns/,"phản hồi, sự đáp lại, câu trả lời",Noun,Noun,A2,Kids,0,2,responses,0
607,1000,voice,/vɔɪs/,"giọng nói, tiếng nói, giọng",Noun,Noun|Verb,A2,Kids,0,4,voices voiced voicing,0
608,1000,piece,/piːs/,"mảnh, miếng, mẩu, mảnh vỡ",Noun,Noun|Verb,A2,Kids,0,4,pieces pieced piecing,0
609,1000,finish,/ˈfɪnɪʃ/,"kết thúc, hoàn thành, làm xong",Verb,Noun|Verb,A2,Kids,0,4,finishes finished finishing,0
610,1000,suppose,/səˈpoʊz/,"cho rằng, giả sử, đoán",Verb,Verb,A2,Kids,0,4,supposes supposed supposing,0
611,1000,apply,/əˈplaɪ/,"áp dụng; nộp đơn, xin",Verb,Verb,A2,Kids,0,4,applies applied applying,1
612,1000,president,/ˈprɛzəˌdɛnt/,"tổng thống, chủ tịch",Noun,Noun,A2,Kids,0,2,presidents,0
613,1000,fire,/ˈfaɪər/,"lửa, đám cháy, hỏa hoạn",Noun,Noun|Verb,A2,Kids,0,5,fires fired firing firings,0
614,1000,compare,/kəmˈpɛr/,"so sánh, đối chiếu, ví với",Verb,Verb|Noun,A2,Kids,0,4,compares compared comparing,0
615,1000,court,/kɔːrt/,"tòa án; sân đấu, sân",Noun,Noun|Verb,A2,Kids,0,4,courts courted courting,1
616,1000,police,/pəˈliːs/,"cảnh sát, công an",Noun,Noun|Verb,A2,Kids,0,4,polices policed policing,0
617,1000,store,/stɔːr/,"cửa hàng; kho, kho chứa",Noun,Noun|Verb,A2,Kids,0,4,stores stored storing,1
618,1000,poor,/puːr/,"nghèo, nghèo khó; kém, tồi",Adjective,Adjective,A2,Kids,0,3,poorer poorest,1
619,1000,knowledge,/ˈnɑːlədʒ/,"kiến thức, tri thức, hiểu biết",Noun,Noun,A2,Kids,0,1,,0
620,1000,laugh,/læf/,"cười, cười to, cười phá lên",Verb,Noun|Verb,A2,Kids,0,4,laughs laughed laughing,0
621,1000,arm,/ɑːrm/,"cánh tay, tay, chi trên",Noun,Noun|Verb,A2,Kids,0,4,arms armed arming,0
622,1000,heart,/hɑːrt/,"tim, trái tim, tấm lòng",Noun,Noun,A2,Kids,0,3,hearts hearted,0
623,1000,source,/sɔːrs/,"nguồn, nguồn gốc, xuất xứ",Noun,Noun,A2,Kids,0,4,sources sourced sourcing,0
624,1000,employee,/ɛmˈplɔɪi/,"nhân viên, người làm công",Noun,Noun,A2,Kids,0,2,employees,0
625,1000,manage,/ˈmænədʒ/,"quản lý, điều hành; xoay xở",Verb,Verb,A2,Kids,0,4,manages managed managing,1
626,1000,simply,/ˈsɪmpli/,"đơn giản là, chỉ, giản dị",Adverb,Adverb,A2,Kids,0,1,,0
627,1000,bank,/bæŋk/,"ngân hàng; bờ sông, bờ đê",Noun,Noun|Verb,A2,Kids,0,4,banks banked banking,1
628,1000,firm,/fɜːrm/,"công ty, hãng, doanh nghiệp",Noun,Noun|Adjective|Adverb|Verb,A2,Kids,0,6,firms firmed firming firmer firmest,0
629,1000,cell,/sɛl/,"tế bào; ô, phòng giam",Noun,Noun,A2,Kids,0,3,cells celled,1
630,1000,article,/ˈɑːrtəkəl/,"bài báo, bài viết; điều khoản",Noun,Noun|Verb,A2,Kids,0,4,articles articled articling,1
631,1000,fast,/fæst/,"nhanh, mau lẹ, nhanh chóng",Adjective,Adjective|Adverb|Noun|Verb,A2,Kids,0,6,fasts fasted fasting faster fastest,0
632,1000,attack,/əˈtæk/,"tấn công, công kích, đả kích",Verb,Noun|Verb,A2,Kids,0,4,attacks attacked attacking,0
633,1000,foreign,/ˈfɔːrən/,"nước ngoài, ngoại quốc, ngoại",Adjective,Adjective,A2,Kids,0,1,,0
634,1000,surprise,/sərˈpraɪz/,"làm ngạc nhiên, làm bất ngờ",Verb,Noun|Verb,A2,Kids,0,4,surprises surprised surprising,0
635,1000,feature,/ˈfiːtʃər/,"đặc điểm, tính năng, nét",Noun,Noun|Verb,A2,Kids,0,4,features featured featuring,0
636,1000,factor,/ˈfæktər/,"yếu tố, nhân tố, thành tố",Noun,Noun,A2,Kids,0,5,factors factored factoring factorings,0
637,1000,pretty,/ˈprɪti/,"xinh, đẹp, xinh xắn",Adjective,Adjective|Noun|Adverb,A2,Kids,0,5,pretties prettying prettier prettiest,0
638,1000,recently,/ˈriːsəntli/,"gần đây, mới đây",Adverb,Adverb,A2,Kids,0,1,,0
639,1000,affect,/əˈfɛkt/,"ảnh hưởng, tác động đến",Verb,Verb|Noun,A2,Kids,0,4,affects affected affecting,0
640,1000,drop,/drɑːp/,"rơi, làm rơi; giảm, tụt",Verb,Noun|Verb,A2,Kids,0,4,drops dropped dropping,1
641,1000,recent,/ˈriːsənt/,"gần đây, mới đây, mới xảy ra",Adjective,Adjective,A2,Kids,0,1,,0
642,1000,relate,/rɪˈleɪt/,"liên quan, có liên hệ; kể lại",Verb,Verb,A2,Kids,0,4,relates related relating,1
643,1000,official,/əˈfɪʃəl/,"chính thức, mang tính chính thức",Adjective,Adjective|Noun,A2,Kids,0,2,officials,0
644,1000,financial,/fəˈnænʃəl/,"thuộc tài chính, về tài chính",Adjective,Adjective,A2,Kids,0,2,financials,0
645,1000,miss,/mɪs/,"nhớ, bỏ lỡ, trượt, lỡ",Verb,Noun|Verb,A2,Kids,0,4,misses missed missing,0
646,1000,art,/ɑːrt/,"nghệ thuật, mỹ thuật",Noun,Noun,A2,Kids,0,2,arts,0
647,1000,campaign,/kæmˈpeɪn/,"chiến dịch, cuộc vận động",Noun,Noun|Verb,A2,Kids,0,4,campaigns campaigned campaigning,0
648,1000,private,/ˈpraɪvət/,"riêng, riêng tư, tư nhân",Adjective,Adjective|Noun,A2,Kids,0,1,,0
649,1000,pause,/pɔːz/,"tạm dừng, ngừng lại, dừng một lát",Verb,Noun|Verb,A2,Kids,0,4,pauses paused pausing,0
650,1000,everyone,/ˈɛvriˌwʌn/,"mọi người, tất cả mọi người",Pronoun,Pronoun|Noun,A2,Grammar,1,1,,0
651,1000,forget,/fərˈɡɛt/,"quên, lãng quên, bỏ quên",Verb,Verb,A2,Kids,0,5,forgets forgot forgetting forgotten,0
652,1000,page,/peɪdʒ/,"trang, trang giấy, trang sách",Noun,Noun|Verb,A2,Kids,0,4,pages paged paging,0
653,1000,worry,/ˈwɜːri/,"lo lắng, lo, băn khoăn",Verb,Noun|Verb,A2,Kids,0,4,worries worried worrying,0
654,1000,summer,/ˈsʌmər/,"mùa hè, mùa hạ, hè",Noun,Noun|Verb,A2,Kids,0,3,summers summered,0
655,1000,drink,/drɪŋk/,"uống, uống rượu, nhấp",Verb,Noun|Verb,A2,Kids,0,4,drinks drank drinking,0
656,1000,opinion,/əˈpɪnjən/,"ý kiến, quan điểm, nhận định",Noun,Noun,A2,Kids,0,3,opinions opinioned,0
657,1000,park,/pɑːrk/,"công viên, vườn hoa, khu vui chơi",Noun,Noun|Verb,A2,Kids,0,4,parks parked parking,0
658,1000,represent,/ˌrɛprɪˈzɛnt/,"đại diện, tượng trưng, thể hiện",Verb,Verb,A2,Kids,0,4,represents represented representing,0
659,1000,key,/kiː/,"chìa khóa; phím, then chốt",Noun,Noun|Verb,A2,Kids,0,4,keys keyed keying,1
660,1000,inside,/ˌɪnˈsaɪd/,"bên trong, phía trong, mặt trong",Noun,Noun|Adjective|Preposition,A2,Kids,0,2,insides,0
661,1000,manager,/ˈmænədʒər/,"người quản lý, giám đốc, trưởng phòng",Noun,Noun,A2,Kids,0,2,managers,0
662,1000,international,/ˌɪntərˈnæʃənəl/,"quốc tế, thuộc quốc tế",Adjective,Adjective|Noun,A2,Kids,0,2,internationals,0
663,1000,contain,/kənˈteɪn/,"chứa, chứa đựng, bao gồm",Verb,Verb,A2,Kids,0,4,contains contained containing,0
664,1000,notice,/ˈnoʊtəs/,"nhận thấy, để ý, chú ý",Verb,Noun|Verb,A2,Kids,0,4,notices noticed noticing,0
665,1000,wonder,/ˈwʌndər/,"tự hỏi, thắc mắc, ngạc nhiên",Verb,Noun|Verb,A2,Kids,0,5,wonders wondered wondering wonderings,0
666,1000,nature,/ˈneɪtʃər/,"thiên nhiên, tự nhiên; bản chất",Noun,Noun,A2,Kids,0,3,natures natured,1
667,1000,structure,/ˈstrʌktʃər/,"cấu trúc, kết cấu, công trình",Noun,Noun,A2,Kids,0,4,structures structured structuring,0
668,1000,section,/ˈsɛkʃən/,"phần, mục, khu vực, đoạn",Noun,Noun|Verb,A2,Kids,0,4,sections sectioned sectioning,0
669,1000,myself,/ˌmaɪˈsɛlf/,"chính tôi, bản thân tôi",Pronoun,Pronoun,A2,Grammar,1,1,,0
670,1000,exactly,/ɪɡˈzæktli/,"chính xác, đúng, đích thị",Adverb,Adverb,A2,Kids,0,1,,0
671,1000,plant,/plænt/,"cây, thực vật; nhà máy",Noun,Noun|Verb,A2,Kids,0,5,plants planted planting plantings,1
672,1000,paint,/peɪnt/,"sơn, quét sơn, vẽ",Verb,Noun|Verb,A2,Kids,0,5,paints painted painting paintings,0
673,1000,worker,/ˈwɜːrkər/,"công nhân, người lao động",Noun,Noun,A2,Kids,0,2,workers,0
674,1000,press,/prɛs/,"ấn, nhấn, ép, thúc ép",Verb,Noun|Verb,A2,Kids,0,5,presses pressed pressing pressings,0
675,1000,whatever,/ˌwʌˈtɛvər/,"bất cứ cái gì, bất kể điều gì",Pronoun,Pronoun|Adjective|Noun,A2,Grammar,1,1,,0
676,1000,necessary,/ˈnɛsəˌsɛri/,"cần thiết, cần, thiết yếu",Adjective,Adjective|Noun,A2,Kids,0,2,necessaries,0
677,1000,region,/ˈriːdʒən/,"vùng, khu vực, miền",Noun,Noun,A2,Kids,0,2,regions,0
678,1000,growth,/ɡroʊθ/,"sự tăng trưởng, sự phát triển",Noun,Noun,A2,Kids,0,2,growths,0
679,1000,evening,/ˈiːvnɪŋ/,"buổi tối, buổi chiều tối",Noun,Noun,A2,Kids,0,2,evenings,0
680,1000,influence,/ˈɪnfluəns/,"ảnh hưởng, sự tác động",Noun,Noun,A2,Kids,0,4,influences influenced influencing,0
681,1000,respect,/rɪˈspɛkt/,"tôn trọng, kính trọng, kính nể",Verb,Noun|Verb,A2,Kids,0,4,respects respected respecting,0
682,1000,various,/ˈvɛriəs/,"khác nhau, nhiều, đa dạng",Adjective,Adjective,A2,Kids,0,1,,0
683,1000,catch,/kætʃ/,"bắt, chộp, bắt kịp, tóm",Verb,Noun|Verb,A2,Kids,0,4,catches caught catching,0
684,1000,thus,/ðʌs/,"do đó, vì vậy, như vậy",Adverb,Adverb,A2,Kids,0,1,,0
685,1000,skill,/skɪl/,"kỹ năng, tay nghề, kỹ xảo",Noun,Noun|Verb,A2,Kids,0,3,skills skilled,0
686,1000,attempt,/əˈtɛmpt/,"cố gắng, thử, mưu toan",Verb,Noun|Verb,A2,Kids,0,4,attempts attempted attempting,0
687,1000,son,/sʌn/,"con trai, đứa con trai",Noun,Noun,A2,Kids,0,2,sons,0
688,1000,simple,/ˈsɪmpəl/,"đơn giản, giản dị, dễ",Adjective,Adjective|Noun,A2,Kids,0,3,simpler simplest,0
689,1000,medium,/ˈmiːdiəm/,phương tiện truyền thông; cỡ vừa,Noun,Noun|Adjective,A2,Kids,0,2,mediums,1
690,1000,average,/ˈævərɪdʒ/,"trung bình, thường, xoàng",Adjective,Noun|Adjective|Verb,A2,Kids,0,4,averages averaged averaging,0
691,1000,stock,/stɑːk/,cổ phiếu; hàng dự trữ,Noun,Noun|Verb,A2,Kids,0,4,stocks stocked stocking,1
692,1000,management,/ˈmænədʒmənt/,"sự quản lý, ban quản lý, ban giám đốc",Noun,Noun,A2,Kids,0,2,managements,0
693,1000,character,/ˈkɛrɪktər/,"nhân vật; tính cách, ký tự",Noun,Noun,A2,Kids,0,2,characters,1
694,1000,bed,/bɛd/,"giường, cái giường, giường ngủ",Noun,Noun|Verb,A2,Kids,0,5,beds bedded bedding beddings,0
695,1000,hit,/hɪt/,"đánh, đập, va vào, trúng",Verb,Noun|Verb,A2,Kids,0,3,hits hitting,0
696,1000,establish,/ɪˈstæblɪʃ/,"thành lập, thiết lập, xác lập",Verb,Verb,A2,Kids,0,4,establishes established establishing,0
697,1000,indeed,/ˌɪnˈdiːd/,"thật vậy, quả thật, thực sự",Adverb,Adverb,A2,Kids,0,1,,0
698,1000,final,/ˈfaɪnəl/,"cuối cùng, sau chót, chung kết",Adjective,Adjective|Noun,A2,Kids,0,2,finals,0
699,1000,economy,/ɪˈkɑːnəmi/,"nền kinh tế, kinh tế",Noun,Noun,A2,Kids,0,2,economies,0
700,1000,fit,/fɪt/,"vừa, vừa vặn, phù hợp",Verb,Noun|Adjective|Verb,A2,Kids,0,7,fits fitted fitting fitter fittest fittings,0
701,1000,guy,/ɡaɪ/,"gã, anh chàng, chàng trai",Noun,Noun|Verb,A2,Kids,0,4,guys guyed guying,0
702,1000,function,/ˈfʌŋkʃən/,"chức năng, công dụng; hàm số",Noun,Noun|Verb,A2,Kids,0,4,functions functioned functioning,1
703,1000,yesterday,/ˈjɛstərˌdeɪ/,"hôm qua, ngày hôm qua",Noun,Noun,A2,Kids,0,2,yesterdays,0
704,1000,image,/ˈɪmədʒ/,"hình ảnh, bức ảnh, hình tượng",Noun,Noun|Verb,A2,Kids,0,4,images imaged imaging,0
705,1000,size,/saɪz/,"kích thước, kích cỡ, cỡ số",Noun,Noun|Verb,A2,Kids,0,4,sizes sized sizing,0
706,1000,behavior,/bɪˈheɪvjər/,"hành vi, cách cư xử, thái độ",Noun,Noun,A2,Kids,0,4,behaviors behaviour behaviours,0
707,1000,addition,/əˈdɪʃən/,"sự thêm vào, phần bổ sung; phép cộng",Noun,Noun,A2,Kids,0,2,additions,1
708,1000,determine,/dəˈtɜːrmən/,"xác định, quyết định, định đoạt",Verb,Verb,A2,Kids,0,4,determines determined determining,0
709,1000,station,/ˈsteɪʃən/,"nhà ga, trạm, đài",Noun,Noun|Verb,A2,Kids,0,4,stations stationed stationing,0
710,1000,population,/ˌpɑːpjəˈleɪʃən/,"dân số, dân cư, số dân",Noun,Noun,A2,Kids,0,2,populations,0
711,1000,fail,/feɪl/,"thất bại, hỏng, trượt",Verb,Noun|Verb,A2,Kids,0,5,fails failed failing failings,0
712,1000,environment,/ɪnˈvaɪrənmənt/,"môi trường, hoàn cảnh xung quanh",Noun,Noun,A2,Kids,0,2,environments,0
713,1000,production,/prəˈdʌkʃən/,"sự sản xuất, sản lượng, quá trình chế tạo",Noun,Noun,A2,Kids,0,2,productions,0
714,1000,contract,/ˈkɑːnˌtrækt/,"hợp đồng, khế ước, giao kèo",Noun,Noun|Verb,A2,Kids,0,4,contracts contracted contracting,0
715,1000,player,/ˈpleɪər/,"người chơi, cầu thủ, đấu thủ",Noun,Noun,A2,Kids,0,2,players,0
716,1000,comment,/ˈkɑːmɛnt/,"lời bình luận, nhận xét, ý kiến",Noun,Noun|Verb,A2,Kids,0,4,comments commented commenting,0
717,1000,enter,/ˈɛntər/,"đi vào, bước vào, nhập vào",Verb,Verb,A2,Kids,0,4,enters entered entering,0
718,1000,occur,/əˈkɜːr/,"xảy ra, diễn ra, phát sinh",Verb,Verb,A2,Kids,0,4,occurs occurred occurring,0
719,1000,alone,/əˈloʊn/,"một mình, đơn độc, cô đơn",Adjective,Adjective,A2,Kids,0,1,,0
720,1000,significant,/səɡˈnɪfɪkənt/,"quan trọng, đáng kể, có ý nghĩa",Adjective,Adjective,A2,Kids,0,1,,0
721,1000,drug,/drʌɡ/,"thuốc, dược phẩm; ma túy",Noun,Noun|Verb,A2,Kids,0,4,drugs drugged drugging,1
722,1000,wall,/wɔːl/,"bức tường, vách, tường rào",Noun,Noun|Verb,A2,Kids,0,4,walls walled walling,0
723,1000,series,/ˈsɪriz/,"chuỗi, loạt, dãy liên tiếp",Noun,Noun,A2,Kids,0,1,,0
724,1000,direct,/dərˈɛkt/,"trực tiếp, thẳng, thẳng thắn",Adjective,Verb|Adjective|Adverb,A2,Kids,0,4,directs directed directing,0
725,1000,success,/səkˈsɛs/,"sự thành công, thành tựu, thắng lợi",Noun,Noun,A2,Kids,0,2,successes,0
726,1000,tomorrow,/təˈmɑːˌroʊ/,"ngày mai, hôm sau",Noun,Noun,A2,Kids,0,2,tomorrows,0
727,1000,director,/dərˈɛktər/,"giám đốc, đạo diễn, người điều hành",Noun,Noun,A2,Kids,0,2,directors,0
728,1000,clearly,/ˈklɪrli/,"rõ ràng, một cách rõ ràng, hiển nhiên",Adverb,Adverb,A2,Kids,0,1,,0
729,1000,lack,/læk/,"sự thiếu hụt, sự thiếu, tình trạng thiếu",Noun,Noun|Verb,A2,Kids,0,4,lacks lacked lacking,0
730,1000,review,/ˌriːˈvjuː/,"bài đánh giá, sự xem xét lại, bài phê bình",Noun,Noun|Verb,A2,Kids,0,4,reviews reviewed reviewing,0
731,1000,depend,/dɪˈpɛnd/,"phụ thuộc, tùy thuộc, dựa vào",Verb,Verb,A2,Kids,0,4,depends depended depending,0
732,1000,race,/reɪs/,"cuộc đua, cuộc chạy đua; chủng tộc",Noun,Noun|Verb,A2,Kids,0,4,races raced racing,1
733,1000,recognize,/ˈrɛkəɡˌnaɪz/,"nhận ra, công nhận, thừa nhận",Verb,Verb,A2,Kids,0,8,recognizes recognized recognizing recognise recognises recognised recognising,0
734,1000,window,/ˈwɪndoʊ/,"cửa sổ, ô cửa sổ",Noun,Noun,A2,Kids,0,4,windows windowed windowing,0
735,1000,purpose,/ˈpɜːrpəs/,"mục đích, ý định, mục tiêu",Noun,Noun|Verb,A2,Kids,0,4,purposes purposed purposing,0
736,1000,department,/dɪˈpɑːrtmənt/,"phòng ban, bộ phận, khoa",Noun,Noun,A2,Kids,0,2,departments,0
737,1000,gain,/ɡeɪn/,"đạt được, thu được, tăng thêm",Verb,Noun|Verb,A2,Kids,0,4,gains gained gaining,0
738,1000,tree,/triː/,"cái cây, cây cối, thân cây",Noun,Noun|Verb,A2,Kids,0,2,trees,0
739,1000,college,/ˈkɑːlɪdʒ/,"trường cao đẳng, trường đại học",Noun,Noun,A2,Kids,0,2,colleges,0
740,1000,argue,/ˈɑːrɡju/,"tranh cãi, lập luận, cãi nhau",Verb,Verb,A2,Kids,0,4,argues argued arguing,0
741,1000,board,/bɔːrd/,"ban lãnh đạo, hội đồng; tấm ván",Noun,Noun|Verb,A2,Kids,0,4,boards boarded boarding,1
742,1000,holiday,/ˈhɑːləˌdeɪ/,"ngày lễ, kỳ nghỉ, ngày nghỉ",Noun,Noun|Verb,A2,Kids,0,4,holidays holidayed holidaying,0
743,1000,mark,/mɑːrk/,"đánh dấu, ghi dấu, chấm điểm",Verb,Noun|Verb,A2,Kids,0,5,marks marked marking markings,0
744,1000,church,/tʃɜːrtʃ/,"nhà thờ, giáo hội, thánh đường",Noun,Noun|Verb,A2,Kids,0,4,churches churched churching,0
745,1000,machine,/məˈʃiːn/,"cỗ máy, máy móc, thiết bị",Noun,Noun|Adjective|Verb,A2,Kids,0,4,machines machined machining,0
746,1000,achieve,/əˈtʃiːv/,"đạt được, giành được, thực hiện được",Verb,Verb,A2,Kids,0,4,achieves achieved achieving,0
747,1000,item,/ˈaɪtəm/,"món đồ, hạng mục, khoản mục",Noun,Noun,A2,Kids,0,2,items,0
748,1000,prove,/pruːv/,"chứng minh, chứng tỏ, tỏ ra là",Verb,Verb,A2,Kids,0,5,proves proved proving proven,0
749,1000,cent,/sɛnt/,"xu, đồng xu, một phần trăm đô la",Noun,Noun,A2,Kids,0,2,cents,0
750,1000,season,/ˈsiːzən/,"mùa, mùa giải, thời vụ",Noun,Noun|Verb,A2,Kids,0,5,seasons seasoned seasoning seasonings,0
751,1000,floor,/flɔːr/,"sàn nhà, nền nhà, tầng nhà",Noun,Noun|Verb,A2,Kids,0,5,floors floored flooring floorings,0
752,1000,stuff,/stʌf/,"đồ đạc, thứ, đồ vật lặt vặt",Noun,Noun|Verb,A2,Kids,0,4,stuffs stuffed stuffing,0
753,1000,wide,/waɪd/,"rộng, rộng lớn, bao quát",Adjective,Adjective|Adverb|Noun,A2,Kids,0,3,wider widest,0
754,1000,anyone,/ˈɛniˌwʌn/,"bất cứ ai, ai đó, người nào",Pronoun,Pronoun,A2,Grammar,1,1,,0
755,1000,method,/ˈmɛθəd/,"phương pháp, cách thức, phương thức",Noun,Noun,A2,Kids,0,2,methods,0
756,1000,analysis,/əˈnæləsəs/,"sự phân tích, bài phân tích, sự mổ xẻ",Noun,Noun,A2,Kids,0,2,analyses,0
757,1000,election,/ɪˈlɛkʃən/,"cuộc bầu cử, sự bầu chọn",Noun,Noun,A2,Kids,0,2,elections,0
758,1000,military,/ˈmɪləˌtɛri/,"thuộc quân sự, thuộc quân đội, nhà binh",Adjective,Adjective|Noun,A2,Kids,0,2,militaries,0
759,1000,hotel,/hoʊˈtɛl/,"khách sạn, nhà nghỉ",Noun,Noun,A2,Kids,0,2,hotels,0
760,1000,club,/klʌb/,"câu lạc bộ, hội, đoàn thể",Noun,Noun|Verb,A2,Kids,0,4,clubs clubbed clubbing,0
761,1000,below,/bɪˈloʊ/,"ở dưới, bên dưới, phía dưới",Adverb,Adverb|Preposition,A2,Kids,0,1,,0
762,1000,movie,/ˈmuːvi/,"bộ phim, phim ảnh, phim chiếu rạp",Noun,Noun,A2,Kids,0,2,movies,0
763,1000,doctor,/ˈdɑːktər/,"bác sĩ, thầy thuốc; tiến sĩ",Noun,Noun|Verb,A2,Kids,0,4,doctors doctored doctoring,1
764,1000,discussion,/dɪˈskʌʃən/,"cuộc thảo luận, sự bàn bạc, cuộc trao đổi",Noun,Noun,A2,Kids,0,2,discussions,0
765,1000,sorry,/ˈsɑːri/,"xin lỗi, lấy làm tiếc, ân hận",Adjective,Adjective,A2,Kids,0,3,sorrier sorriest,0
766,1000,challenge,/ˈtʃæləndʒ/,"thử thách, thách thức, khó khăn",Noun,Noun|Verb,A2,Kids,0,4,challenges challenged challenging,0
767,1000,nation,/ˈneɪʃən/,"quốc gia, dân tộc, đất nước",Noun,Noun,A2,Kids,0,2,nations,0
768,1000,nearly,/ˈnɪrli/,"gần như, suýt nữa, gần",Adverb,Adverb,A2,Kids,0,1,,0
769,1000,statement,/ˈsteɪtmənt/,"lời tuyên bố, bản kê khai, phát biểu",Noun,Noun,A2,Kids,0,2,statements,0
770,1000,link,/lɪŋk/,"liên kết, nối, kết nối",Verb,Noun|Verb,A2,Kids,0,4,links linked linking,0
771,1000,despite,/dɪˈspaɪt/,"mặc dù, bất chấp, dù có",Preposition,Noun|Preposition,A2,Grammar,1,1,,0
772,1000,introduce,/ˌɪntrəˈduːs/,"giới thiệu, đưa vào, trình bày",Verb,Verb,A2,Kids,0,4,introduces introduced introducing,0
773,1000,advantage,/ædˈvæntɪdʒ/,"lợi thế, ưu thế, điều thuận lợi",Noun,Noun|Verb,A2,Kids,0,3,advantages advantaged,0
774,1000,ready,/ˈrɛdi/,"sẵn sàng, chuẩn bị xong, sẵn lòng",Adjective,Adjective|Adverb|Noun|Verb,A2,Kids,0,6,readies readied readying readier readiest,0
775,1000,marry,/ˈmɛri/,"kết hôn, cưới, lấy vợ lấy chồng",Verb,Verb|Interjection,A2,Kids,0,4,marries married marrying,0
776,1000,strike,/straɪk/,"đánh, đập, giáng đòn; đình công",Verb,Verb|Noun,A2,Kids,0,4,strikes struck striking,1
777,1000,mile,/maɪl/,"dặm, dặm Anh, một đơn vị đo chiều dài",Noun,Noun,A2,Kids,0,2,miles,0
778,1000,seek,/siːk/,"tìm kiếm, tìm, mưu cầu",Verb,Verb,A2,Kids,0,4,seeks sought seeking,0
779,1000,ability,/əˈbɪləˌtiː/,"khả năng, năng lực, tài năng",Noun,Noun,A2,Kids,0,2,abilities,0
780,1000,unit,/ˈjuːnət/,"đơn vị, bộ phận, căn hộ",Noun,Noun,A2,Kids,0,2,units,0
781,1000,card,/kɑːrd/,"tấm thẻ, tấm thiệp, quân bài",Noun,Noun|Verb,A2,Kids,0,4,cards carded carding,0
782,1000,hospital,/ˈhɑːˌspɪtəl/,"bệnh viện, nhà thương",Noun,Noun,A2,Kids,0,2,hospitals,0
783,1000,quickly,/ˈkwɪkli/,"nhanh chóng, mau lẹ, một cách nhanh",Adverb,Adverb,A2,Kids,0,1,,0
784,1000,interview,/ˈɪntərˌvjuː/,"cuộc phỏng vấn, buổi phỏng vấn",Noun,Noun|Verb,A2,Kids,0,4,interviews interviewed interviewing,0
785,1000,agreement,/əˈɡriːmənt/,"thỏa thuận, hiệp định, sự đồng ý",Noun,Noun,A2,Kids,0,2,agreements,0
786,1000,release,/riˈliːs/,"phát hành, thả ra, giải phóng",Verb,Noun|Verb,A2,Kids,0,4,releases released releasing,0
787,1000,tax,/tæks/,"thuế, tiền thuế, khoản thuế",Noun,Noun|Verb,A2,Kids,0,4,taxes taxed taxing,0
788,1000,solution,/səˈluːʃən/,"giải pháp, cách giải quyết; dung dịch",Noun,Noun|Verb,A2,Kids,0,2,solutions,1
789,1000,capital,/ˈkæpətəl/,"thủ đô; vốn, tiền vốn",Noun,Noun|Adjective,A2,Kids,0,2,capitals,1
790,1000,popular,/ˈpɑːpjələr/,"phổ biến, được ưa chuộng, thịnh hành",Adjective,Adjective,A2,Kids,0,1,,0
791,1000,specific,/spəˈsɪfɪk/,"cụ thể, riêng biệt, xác định",Adjective,Adjective|Noun,A2,Kids,0,2,specifics,0
792,1000,beautiful,/ˈbjuːtəfəl/,"đẹp, xinh đẹp, tuyệt đẹp",Adjective,Adjective,A2,Kids,0,1,,0
793,1000,fear,/fɪr/,"nỗi sợ hãi, sự lo sợ, nỗi lo",Noun,Noun|Verb,A2,Kids,0,4,fears feared fearing,0
794,1000,aim,/eɪm/,"nhắm, hướng tới, đặt mục tiêu",Verb,Noun|Verb,A2,Kids,0,4,aims aimed aiming,0
795,1000,television,/ˈtɛləˌvɪʒən/,"truyền hình, máy thu hình, vô tuyến",Noun,Noun,A2,Kids,0,2,televisions,0
796,1000,serious,/ˈsɪriəs/,"nghiêm trọng, nghiêm túc, đứng đắn",Adjective,Adjective,A2,Kids,0,1,,0
797,1000,target,/ˈtɑːrɡət/,"mục tiêu, cái đích, chỉ tiêu",Noun,Noun,A2,Kids,0,4,targets targeted targeting,0
798,1000,degree,/dɪˈɡriː/,"mức độ, cấp độ, độ; bằng cấp",Noun,Noun,A2,Kids,0,2,degrees,1
799,1000,pull,/pʊl/,"kéo, lôi, giật, kéo lê",Verb,Noun|Verb,A2,Kids,0,4,pulls pulled pulling,0
800,1000,red,/rɛd/,"màu đỏ, đỏ, đỏ thắm",Adjective,Adjective|Noun,A2,Kids,0,4,reds redder reddest,0
801,1000,husband,/ˈhʌzbənd/,"người chồng, ông xã",Noun,Noun|Verb,A2,Kids,0,4,husbands husbanded husbanding,0
802,1000,access,/ˈækˌsɛs/,"sự truy cập, quyền tiếp cận, lối vào",Noun,Noun,A2,Kids,0,4,accesses accessed accessing,0
803,1000,movement,/ˈmuːvmənt/,"sự chuyển động, cử động, phong trào",Noun,Noun,A2,Kids,0,2,movements,0
804,1000,treat,/triːt/,"đối xử, điều trị, chiêu đãi",Verb,Noun|Verb,A2,Kids,0,4,treats treated treating,0
805,1000,identify,/aɪˈdɛntəˌfaɪ/,"nhận diện, xác định, nhận ra",Verb,Verb,A2,Kids,0,4,identifies identified identifying,0
806,1000,loss,/lɔːs/,"sự mất mát, tổn thất, thua lỗ",Noun,Noun,A2,Kids,0,2,losses,0
807,1000,shall,/ʃæl/,"sẽ, sẽ phải, nên, hãy",Auxiliary,Auxiliary|Verb,A2,Grammar,1,1,,0
808,1000,modern,/ˈmɑːdərn/,"hiện đại, tân tiến, thời nay",Adjective,Adjective|Noun,A2,Kids,0,2,moderns,0
809,1000,pressure,/ˈprɛʃər/,"áp lực, sức ép, áp suất",Noun,Noun,A2,Kids,0,4,pressures pressured pressuring,0
810,1000,bus,/bʌs/,"xe buýt, xe khách, xe đò",Noun,Noun|Verb,A2,Kids,0,4,buses bused busing,0
811,1000,treatment,/ˈtriːtmənt/,"sự điều trị, cách chữa trị, cách đối xử",Noun,Noun,A2,Kids,0,2,treatments,0
812,1000,yourself,/jərˈsɛlf/,"chính bạn, tự bạn, bản thân bạn",Pronoun,Pronoun,A2,Grammar,1,2,yourselves,0
813,1000,supply,/səˈplaɪ/,"cung cấp, cung ứng, tiếp tế",Verb,Noun|Verb|Adverb,A2,Kids,0,4,supplies supplied supplying,0
814,1000,village,/ˈvɪlədʒ/,"làng, thôn, ngôi làng",Noun,Noun,A2,Kids,0,2,villages,0
815,1000,worth,/wɜːrθ/,"đáng giá, xứng đáng, có giá trị",Adjective,Adjective|Noun,A2,Kids,0,1,,0
816,1000,natural,/ˈnætʃərəl/,"tự nhiên, thiên nhiên, bẩm sinh",Adjective,Adjective|Noun,A2,Kids,0,2,naturals,0
817,1000,express,/ɪkˈsprɛs/,"bày tỏ, diễn đạt, thể hiện",Verb,Noun|Adjective|Adverb|Verb,A2,Kids,0,4,expresses expressed expressing,0
818,1000,indicate,/ˈɪndəˌkeɪt/,"chỉ ra, cho thấy, biểu thị",Verb,Verb,A2,Kids,0,4,indicates indicated indicating,0
819,1000,attend,/əˈtɛnd/,"tham dự, có mặt, dự",Verb,Verb,A2,Kids,0,4,attends attended attending,0
820,1000,brother,/ˈbrʌðər/,"anh trai, em trai, anh em",Noun,Noun,A2,Kids,0,2,brothers,0
821,1000,investment,/ˌɪnˈvɛstmənt/,"sự đầu tư, khoản đầu tư, vốn đầu tư",Noun,Noun,A2,Kids,0,2,investments,0
822,1000,score,/skɔːr/,"điểm số, tỉ số, bàn thắng",Noun,Noun|Verb,A2,Kids,0,5,scores scored scoring scorings,0
823,1000,organize,/ˈɔːrɡəˌnaɪz/,"tổ chức, sắp xếp, thu xếp",Verb,Verb,A2,Kids,0,8,organizes organized organizing organise organises organised organising,0
824,1000,trip,/trɪp/,"chuyến đi, cuộc hành trình, chuyến du lịch",Noun,Noun|Verb,A2,Kids,0,4,trips tripped tripping,0
825,1000,beyond,/bɪˈɑːnd/,"vượt quá, ngoài, bên kia",Preposition,Adverb|Preposition|Noun,A2,Grammar,1,1,,0
826,1000,sleep,/sliːp/,"ngủ, đi ngủ, an giấc",Verb,Noun|Verb,A2,Kids,0,4,sleeps slept sleeping,0
827,1000,fish,/fɪʃ/,"con cá, cá, loài cá",Noun,Noun|Verb,A2,Kids,0,4,fishes fished fishing,0
828,1000,promise,/ˈprɑːməs/,"hứa, hứa hẹn, cam kết",Verb,Noun|Verb,A2,Kids,0,4,promises promised promising,0
829,1000,potential,/pəˈtɛnʃəl/,"tiềm năng, tiềm tàng, có khả năng xảy ra",Adjective,Adjective|Noun,A2,Kids,0,2,potentials,0
830,1000,energy,/ˈɛnərdʒi/,"năng lượng, sức lực, nghị lực",Noun,Noun,A2,Kids,0,2,energies,0
831,1000,trouble,/ˈtrʌbəl/,"rắc rối, phiền phức, khó khăn",Noun,Noun|Verb,A2,Kids,0,4,troubles troubled troubling,0
832,1000,relation,/riˈleɪʃən/,"mối quan hệ, quan hệ, sự liên hệ",Noun,Noun,A2,Kids,0,2,relations,0
833,1000,touch,/tʌtʃ/,"chạm, sờ, đụng vào",Verb,Noun|Verb,A2,Kids,0,4,touches touched touching,0
834,1000,file,/faɪl/,"tập tin, hồ sơ, tập tài liệu",Noun,Noun|Verb,A2,Kids,0,5,files filed filing filings,0
835,1000,middle,/ˈmɪdəl/,"phần giữa, chính giữa, khoảng giữa",Noun,Noun|Adjective|Verb,A2,Kids,0,4,middles middled middling,0
836,1000,bar,/bɑːr/,"quán rượu, quầy bar; thanh, thỏi",Noun,Noun|Verb|Preposition,A2,Kids,0,4,bars barred barring,1
837,1000,suffer,/ˈsʌfər/,"chịu đựng, đau khổ, gánh chịu",Verb,Verb,A2,Kids,0,6,suffers suffered suffering sufferred sufferring,0
838,1000,strategy,/ˈstrætədʒi/,"chiến lược, sách lược, kế sách",Noun,Noun,A2,Kids,0,2,strategies,0
839,1000,deep,/diːp/,"sâu, sâu thẳm, sâu sắc",Adjective,Adjective|Adverb|Noun,A2,Kids,0,4,deeper deepest deeps,0
840,1000,except,/ɪkˈsɛpt/,"trừ, ngoại trừ, trừ ra",Preposition,Verb|Preposition|Conjunction,A2,Grammar,1,4,excepts excepted excepting,0
841,1000,clean,/kliːn/,"lau chùi, dọn dẹp, làm sạch",Verb,Adjective|Noun|Adverb|Verb,A2,Kids,0,5,cleans cleaned cleaning cleanings,0
842,1000,tend,/tɛnd/,"có xu hướng, thường hay, hay là",Verb,Verb,A2,Kids,0,4,tends tended tending,0
843,1000,advance,/ədˈvæns/,"tiến lên, tiến bộ, thúc đẩy",Verb,Noun|Verb,A2,Kids,0,4,advances advanced advancing,0
844,1000,fill,/fɪl/,"lấp đầy, đổ đầy, điền vào",Verb,Noun|Verb,A2,Kids,0,5,fills filled filling fillings,0
845,1000,star,/stɑːr/,"ngôi sao, vì sao; minh tinh",Noun,Noun|Verb,A2,Kids,0,4,stars starred starring,1
846,1000,network,/ˈnɛˌtwɜːrk/,"mạng lưới, mạng, hệ thống liên kết",Noun,Noun,A2,Kids,0,4,networks networked networking,0
847,1000,generally,/ˈdʒɛnərəli/,"nói chung, thường thì, đại thể",Adverb,Adverb,A2,Kids,0,1,,0
848,1000,operation,/ˌɑːpərˈeɪʃən/,"hoạt động, sự vận hành, ca phẫu thuật",Noun,Noun,A2,Kids,0,2,operations,0
849,1000,match,/mætʃ/,"hợp với, xứng với, ghép đôi",Verb,Noun|Verb,A2,Kids,0,4,matches matched matching,0
850,1000,avoid,/əˈvɔɪd/,"tránh, né tránh, lảng tránh",Verb,Verb,A2,Kids,0,4,avoids avoided avoiding,0
851,1000,seat,/siːt/,"chỗ ngồi, ghế ngồi, chiếc ghế",Noun,Noun|Verb,A2,Kids,0,4,seats seated seating,0
852,1000,throw,/θroʊ/,"ném, quăng, vứt",Verb,Noun|Verb,A2,Kids,0,5,throws threw throwing thrown,0
853,1000,task,/tæsk/,"nhiệm vụ, công việc, phận sự",Noun,Noun|Verb,A2,Kids,0,4,tasks tasked tasking,0
854,1000,normal,/ˈnɔːrməl/,"bình thường, thông thường, thường lệ",Adjective,Adjective|Noun,A2,Kids,0,2,normals,0
855,1000,goal,/ɡoʊl/,"mục tiêu, mục đích; bàn thắng",Noun,Noun,A2,Kids,0,2,goals,1
856,1000,associate,/əˈsoʊsiət/,"liên kết, liên tưởng, kết giao",Verb,Adjective|Noun|Verb,A2,Kids,0,4,associates associated associating,0
857,1000,blue,/bluː/,"màu xanh lam, xanh dương, xanh biếc",Adjective,Adjective|Noun|Verb,A2,Kids,0,6,blues blued bluing bluer bluest,0
858,1000,positive,/ˈpɑːzətɪv/,"tích cực, lạc quan; dương tính",Adjective,Adjective|Noun,A2,Kids,0,2,positives,1
859,1000,option,/ˈɑːpʃən/,"lựa chọn, phương án, quyền chọn",Noun,Noun,A2,Kids,0,2,options,0
860,1000,box,/bɑːks/,"cái hộp, cái thùng, ô vuông",Noun,Noun|Verb,A2,Kids,0,4,boxes boxed boxing,0
861,1000,huge,/hjuːdʒ/,"khổng lồ, to lớn, đồ sộ",Adjective,Adjective,A2,Kids,0,3,huger hugest,0
862,1000,message,/ˈmɛsədʒ/,"tin nhắn, thông điệp, lời nhắn",Noun,Noun|Verb,A2,Kids,0,4,messages messaged messaging,0
863,1000,instance,/ˈɪnstəns/,"trường hợp, ví dụ, dẫn chứng",Noun,Noun|Verb,A2,Kids,0,4,instances instanced instancing,0
864,1000,style,/staɪl/,"phong cách, kiểu dáng, lối",Noun,Noun|Verb,A2,Kids,0,4,styles styled styling,0
865,1000,refer,/rəˈfɜːr/,"đề cập, nhắc đến, tham khảo",Verb,Verb,A2,Kids,0,6,refers referred referring refered refering,0
866,1000,cold,/koʊld/,"lạnh, lạnh lẽo, nguội",Adjective,Adjective|Noun,A2,Kids,0,4,colder coldest colds,0
867,1000,push,/pʊʃ/,"đẩy, xô, thúc đẩy",Verb,Noun|Verb,A2,Kids,0,4,pushes pushed pushing,0
868,1000,quarter,/ˈkwɔːrtər/,"một phần tư; quý, quý năm",Noun,Noun|Verb,A2,Kids,0,4,quarters quartered quartering,1
869,1000,assume,/əˈsuːm/,"cho rằng, giả định, đảm nhận",Verb,Verb,A2,Kids,0,4,assumes assumed assuming,0
870,1000,baby,/ˈbeɪbi/,"em bé, đứa bé, trẻ sơ sinh",Noun,Noun,A2,Kids,0,4,babies babied babying,0
871,1000,successful,/səkˈsɛsfəl/,"thành công, thành đạt, có kết quả tốt",Adjective,Adjective,A2,Kids,0,1,,0
872,1000,sing,/sɪŋ/,"hát, ca hát, hót",Verb,Verb|Noun,A2,Kids,0,5,sings sang singing sung,0
873,1000,doubt,/daʊt/,"nghi ngờ, hoài nghi, ngờ vực",Verb,Noun|Verb,A2,Kids,0,4,doubts doubted doubting,0
874,1000,competition,/ˌkɑːmpəˈtɪʃən/,"cuộc thi, sự cạnh tranh, cuộc tranh tài",Noun,Noun,A2,Kids,0,2,competitions,0
875,1000,theory,/ˈθɪri/,"lý thuyết, học thuyết, lý luận",Noun,Noun,A2,Kids,0,2,theories,0
876,1000,propose,/prəˈpoʊz/,"đề xuất, đề nghị, cầu hôn",Verb,Verb,A2,Kids,0,4,proposes proposed proposing,0
877,1000,reference,/ˈrɛfərəns/,"sự tham khảo, tài liệu tham khảo, sự nhắc đến",Noun,Noun,A2,Kids,0,4,references referenced referencing,0
878,1000,argument,/ˈɑːrɡjəmənt/,"cuộc tranh cãi, lập luận, lý lẽ",Noun,Noun,A2,Kids,0,2,arguments,0
879,1000,adult,/əˈdʌlt/,"người lớn, người trưởng thành",Noun,Noun|Adjective,A2,Kids,0,2,adults,0
880,1000,fly,/flaɪ/,"bay, bay lượn, lái máy bay",Verb,Noun|Verb|Adjective,A2,Kids,0,5,flies flew flying flown,0
881,1000,document,/ˈdɑːkjəmɛnt/,"tài liệu, văn kiện, giấy tờ",Noun,Noun|Verb,A2,Kids,0,4,documents documented documenting,0
882,1000,pattern,/ˈpætərn/,"hình mẫu, khuôn mẫu, mô hình",Noun,Noun|Verb,A2,Kids,0,4,patterns patterned patterning,0
883,1000,application,/ˌæpləˈkeɪʃən/,"đơn xin, sự ứng dụng, phần mềm ứng dụng",Noun,Noun,A2,Kids,0,2,applications,0
884,1000,hot,/hɑːt/,"nóng, nóng bức, cay",Adjective,Adjective|Adverb|Verb,A2,Kids,0,4,hots hotter hottest,0
885,1000,obviously,/ˈɑːbviəsli/,"rõ ràng là, hiển nhiên, dĩ nhiên",Adverb,Adverb|Adjective,A2,Kids,0,1,,0
886,1000,unclear,/ənˈklɪr/,"không rõ ràng, mơ hồ, khó hiểu",Adjective,Adjective,A2,Kids,0,1,,0
887,1000,bill,/bɪl/,"hóa đơn, dự luật, tờ tiền",Noun,Noun|Verb,A2,Kids,0,4,bills billed billing,0
888,1000,search,/sɜːrtʃ/,"tìm kiếm, lục soát, lùng sục",Verb,Noun|Verb,A2,Kids,0,4,searches searched searching,0
889,1000,separate,/ˈsɛpərˌeɪt/,"tách ra, chia tách, phân ra",Verb,Adjective|Noun|Verb,A2,Kids,0,4,separates separated separating,0
890,1000,central,/ˈsɛntrəl/,"trung tâm, ở giữa, chủ chốt",Adjective,Adjective|Noun,A2,Kids,0,2,centrals,0
891,1000,career,/kərˈɪr/,"sự nghiệp, nghề nghiệp, con đường công danh",Noun,Noun|Verb,A2,Kids,0,4,careers careered careering,0
892,1000,anyway,/ˈɛniˌweɪ/,"dù sao, dù sao đi nữa, thôi thì",Adverb,Adverb,A2,Kids,0,2,anyways,0
893,1000,speech,/spiːtʃ/,"bài phát biểu, lời nói, khả năng nói",Noun,Noun,A2,Kids,0,2,speeches,0
894,1000,dog,/dɔːɡ/,"con chó, chó, loài chó",Noun,Noun|Verb,A2,Kids,0,4,dogs dogged dogging,0
895,1000,officer,/ˈɔːfəsər/,"sĩ quan, viên chức, cảnh sát",Noun,Noun|Verb,A2,Kids,0,4,officers officered officering,0
896,1000,throughout,/θruˈaʊt/,"suốt, khắp, trong suốt",Preposition,Preposition|Adverb,A2,Grammar,1,1,,0
897,1000,oil,/ɔɪl/,"dầu, dầu mỏ, dầu ăn",Noun,Noun|Verb,A2,Kids,0,4,oils oiled oiling,0
898,1000,dress,/drɛs/,"váy, đầm, trang phục",Noun,Noun|Verb,A2,Kids,0,4,dresses dressed dressing,0
899,1000,profit,/ˈprɑːfət/,"lợi nhuận, tiền lời, lợi ích",Noun,Noun|Verb,A2,Kids,0,4,profits profited profiting,0
900,1000,guess,/ɡɛs/,"đoán, phỏng đoán, cho rằng",Verb,Noun|Verb,A2,Kids,0,4,guesses guessed guessing,0
901,1000,fun,/fʌn/,"niềm vui, sự vui vẻ, trò vui",Noun,Noun|Verb,A2,Kids,0,1,,0
902,1000,protect,/prəˈtɛkt/,"bảo vệ, che chở, bảo hộ",Verb,Verb,A2,Kids,0,4,protects protected protecting,0
903,1000,resource,/ˈriːsɔːrs/,"tài nguyên, nguồn lực, nguồn tài trợ",Noun,Noun,A2,Kids,0,4,resources resourced resourcing,0
904,1000,science,/ˈsaɪəns/,"khoa học, ngành khoa học",Noun,Noun,A2,Kids,0,2,sciences,0
905,1000,disease,/dɪˈziːz/,"bệnh, căn bệnh, bệnh tật",Noun,Noun,A2,Kids,0,3,diseases diseased,0
906,1000,balance,/ˈbæləns/,"sự cân bằng, thế thăng bằng; số dư",Noun,Noun|Verb,A2,Kids,0,4,balances balanced balancing,1
907,1000,damage,/ˈdæmədʒ/,"thiệt hại, hư hỏng, tổn hại",Noun,Noun|Verb,A2,Kids,0,4,damages damaged damaging,0
908,1000,basis,/ˈbeɪsəs/,"cơ sở, nền tảng, căn cứ",Noun,Noun,A2,Kids,0,1,,0
909,1000,author,/ˈɔːθər/,"tác giả, người viết, nhà văn",Noun,Noun,A2,Kids,0,4,authors authored authoring,0
910,1000,basic,/ˈbeɪsɪk/,"cơ bản, căn bản, cốt lõi",Adjective,Adjective,A2,Kids,0,2,basics,0
911,1000,encourage,/ɛnˈkɜːrɪdʒ/,"khuyến khích, động viên, cổ vũ",Verb,Verb,A2,Kids,0,4,encourages encouraged encouraging,0
912,1000,hair,/hɛr/,"tóc, lông, sợi tóc",Noun,Noun,A2,Kids,0,3,hairs haired,0
913,1000,male,/meɪl/,"nam, giống đực, thuộc nam giới",Adjective,Adjective|Noun,A2,Kids,0,2,males,0
914,1000,operate,/ˈɑːpərˌeɪt/,"vận hành, điều khiển, phẫu thuật",Verb,Verb,A2,Kids,0,4,operates operated operating,0
915,1000,reflect,/rɪˈflɛkt/,"phản ánh, phản chiếu, suy ngẫm",Verb,Verb,A2,Kids,0,4,reflects reflected reflecting,0
916,1000,exercise,/ˈɛksərˌsaɪz/,"bài tập, sự tập luyện, sự vận động",Noun,Noun|Verb,A2,Kids,0,4,exercises exercised exercising,0
917,1000,useful,/ˈjuːsfəl/,"hữu ích, có ích, hữu dụng",Adjective,Adjective,A2,Kids,0,1,,0
918,1000,restaurant,/ˈrɛstərˌɑːnt/,"nhà hàng, quán ăn, tiệm ăn",Noun,Noun,A2,Kids,0,2,restaurants,0
919,1000,income,/ˈɪnˌkʌm/,"thu nhập, lợi tức, tiền kiếm được",Noun,Noun,A2,Kids,0,2,incomes,0
920,1000,property,/ˈprɑːpərti/,"tài sản, bất động sản; thuộc tính",Noun,Noun,A2,Kids,0,2,properties,1
921,1000,previous,/ˈpriːviəs/,"trước đó, trước đây, liền trước",Adjective,Adjective|Adverb,A2,Kids,0,1,,0
922,1000,dark,/dɑːrk/,"tối, tối tăm, sẫm màu",Adjective,Adjective|Noun,A2,Kids,0,3,darker darkest,0
923,1000,imagine,/ˌɪˈmædʒən/,"tưởng tượng, hình dung, mường tượng",Verb,Verb,A2,Kids,0,5,imagines imagined imagining imaginings,0
924,1000,okay,/ˌoʊˈkeɪ/,"ổn, được, không sao",Adjective,Adjective|Noun,A2,Kids,0,5,okays okayed okaying ok,0
925,1000,earn,/ɜːrn/,"kiếm được, giành được, thu về",Verb,Verb,A2,Kids,0,5,earns earned earning earnings,0
926,1000,daughter,/ˈdɔːtər/,"con gái, người con gái",Noun,Noun,A2,Kids,0,2,daughters,0
927,1000,post,/poʊst/,"đăng bài, gửi thư, niêm yết",Verb,Noun|Verb,A2,Kids,0,5,posts posted posting postings,0
928,1000,newspaper,/ˈnuːzˌpeɪpər/,"tờ báo, báo, nhật báo",Noun,Noun,A2,Kids,0,2,newspapers,0
929,1000,define,/dɪˈfaɪn/,"định nghĩa, xác định, giải nghĩa",Verb,Verb,A2,Kids,0,4,defines defined defining,0
930,1000,conclusion,/kənˈkluːʒən/,"kết luận, sự kết thúc, phần cuối",Noun,Noun,A2,Kids,0,2,conclusions,0
931,1000,clock,/klɑːk/,"đồng hồ, đồng hồ treo tường",Noun,Noun|Verb,A2,Kids,0,4,clocks clocked clocking,0
932,1000,everybody,/ˈɛvriˌbɑːdi/,"mọi người, tất cả mọi người, ai nấy",Pronoun,Pronoun|Noun,A2,Grammar,1,1,,0
933,1000,weekend,/ˈwiːˌkɛnd/,"cuối tuần, ngày cuối tuần",Noun,Noun|Verb,A2,Kids,0,3,weekends weekending,0
934,1000,perform,/pərˈfɔːrm/,"thực hiện, biểu diễn, trình diễn",Verb,Verb,A2,Kids,0,4,performs performed performing,0
935,1000,professional,/prəˈfɛʃənəl/,"chuyên nghiệp, thuộc nghề nghiệp, nhà nghề",Adjective,Adjective|Noun,A2,Kids,0,2,professionals,0
936,1000,mine,/maɪn/,"của tôi, cái của tôi",Pronoun,Pronoun|Noun|Verb,A2,Grammar,1,4,mines mined mining,0
937,1000,debate,/dəˈbeɪt/,"tranh luận, bàn cãi, thảo luận",Verb,Noun|Verb,A2,Kids,0,4,debates debated debating,0
938,1000,memory,/ˈmɛməri/,"trí nhớ, kỷ niệm, bộ nhớ",Noun,Noun,A2,Kids,0,2,memories,0
939,1000,green,/ɡriːn/,"màu xanh lá, xanh lục, xanh non",Adjective,Adjective|Noun|Verb,A2,Kids,0,6,greens greened greening greener greenest,0
940,1000,song,/sɔːŋ/,"bài hát, ca khúc, khúc ca",Noun,Noun,A2,Kids,0,2,songs,0
941,1000,object,/ˈɑːbdʒɛkt/,"vật thể, đồ vật, đối tượng",Noun,Noun|Verb,A2,Kids,0,4,objects objected objecting,0
942,1000,maintain,/meɪnˈteɪn/,"duy trì, bảo trì, khẳng định",Verb,Verb,A2,Kids,0,4,maintains maintained maintaining,0
943,1000,credit,/ˈkrɛdət/,"tín dụng, sự ghi công, uy tín",Noun,Noun|Verb,A2,Kids,0,4,credits credited crediting,0
944,1000,ring,/rɪŋ/,"reo, rung chuông, gọi điện thoại",Verb,Noun|Verb,A2,Kids,0,6,rings ringed rang ringing rung,0
945,1000,discover,/dɪˈskʌvər/,"khám phá, phát hiện, tìm ra",Verb,Verb,A2,Kids,0,4,discovers discovered discovering,0
946,1000,dead,/dɛd/,"chết, đã chết, hết sinh khí",Adjective,Adjective|Noun|Adverb,A2,Kids,0,3,deader deadest,0
947,1000,afternoon,/ˌæftərˈnuːn/,"buổi chiều, chiều, xế trưa",Noun,Noun,A2,Kids,0,2,afternoons,0
948,1000,prefer,/prəˈfɜːr/,"thích hơn, ưa thích hơn, chuộng hơn",Verb,Verb,A2,Kids,0,6,prefers preferred preferring prefered prefering,0
949,1000,extend,/ɪkˈstɛnd/,"mở rộng, kéo dài, gia hạn",Verb,Verb,A2,Kids,0,4,extends extended extending,0
950,1000,possibility,/ˌpɑːsəˈbɪləˌtiː/,"khả năng, sự có thể, triển vọng",Noun,Noun,A2,Kids,0,2,possibilities,0
951,1000,direction,/dərˈɛkʃən/,"phương hướng, hướng đi, sự chỉ đạo",Noun,Noun,A2,Kids,0,2,directions,0
952,1000,facility,/fəˈsɪlɪti/,"cơ sở vật chất, công trình, tiện nghi",Noun,Noun,A2,Kids,0,2,facilities,0
953,1000,variety,/vərˈaɪəti/,"sự đa dạng, nhiều loại, chủng loại",Noun,Noun,A2,Kids,0,2,varieties,0
954,1000,daily,/ˈdeɪli/,"hằng ngày, mỗi ngày, thường nhật",Adjective,Adjective|Noun,A2,Kids,0,2,dailies,0
955,1000,clothes,/kloʊðz/,"quần áo, y phục, đồ mặc",Noun,Noun,A2,Kids,0,1,,0
956,1000,screen,/skriːn/,"màn hình, màn che, tấm chắn",Noun,Noun|Verb,A2,Kids,0,5,screens screened screening screenings,0
957,1000,track,/træk/,"đường ray, đường chạy, dấu vết",Noun,Noun|Verb,A2,Kids,0,4,tracks tracked tracking,0
958,1000,dance,/dæns/,"nhảy múa, khiêu vũ, múa",Verb,Noun|Verb,A2,Kids,0,4,dances danced dancing,0
959,1000,completely,/kəmˈpliːtli/,"hoàn toàn, trọn vẹn, triệt để",Adverb,Adverb,A2,Kids,0,1,,0
960,1000,female,/ˈfiːˌmeɪl/,"nữ, giống cái, thuộc nữ giới",Adjective,Adjective|Noun,A2,Kids,0,2,females,0
961,1000,responsibility,/riˌspɑːnsəˈbɪləti/,"trách nhiệm, bổn phận, nghĩa vụ",Noun,Noun,A2,Kids,0,2,responsibilities,0
962,1000,original,/ərˈɪdʒənəl/,"nguyên bản, ban đầu, độc đáo",Adjective,Adjective|Noun,A2,Kids,0,2,originals,0
963,1000,sister,/ˈsɪstər/,"chị gái, em gái, chị em",Noun,Noun,A2,Kids,0,2,sisters,0
964,1000,rock,/rɑːk/,"đá, tảng đá, đá tảng",Noun,Noun|Verb,A2,Kids,0,4,rocks rocked rocking,0
965,1000,dream,/driːm/,"giấc mơ, ước mơ, giấc mộng",Noun,Noun|Verb,A2,Kids,0,5,dreams dreamed dreaming dreamt,0
966,1000,nor,/nɔːr/,"cũng không, và cũng không",Conjunction,Conjunction|Adverb,A2,Grammar,1,1,,0
967,1000,university,/ˌjuːnəˈvɜːrsəti/,"trường đại học, đại học",Noun,Noun,A2,Kids,0,2,universities,0
968,1000,easily,/ˈiːzəli/,"dễ dàng, một cách dễ dàng, thoải mái",Adverb,Adverb,A2,Kids,0,1,,0
969,1000,agency,/ˈeɪdʒənsi/,"cơ quan, đại lý, hãng",Noun,Noun,A2,Kids,0,2,agencies,0
970,1000,dollar,/ˈdɑːlər/,"đô la, đồng đô la",Noun,Noun,A2,Kids,0,2,dollars,0
971,1000,garden,/ˈɡɑːrdən/,"khu vườn, vườn, vườn cảnh",Noun,Noun|Verb,A2,Kids,0,4,gardens gardened gardening,0
972,1000,fix,/fɪks/,"sửa chữa, khắc phục, cố định",Verb,Verb|Noun,A2,Kids,0,5,fixes fixed fixing fixings,0
973,1000,ahead,/əˈhɛd/,"phía trước, ở phía trước, trước",Adverb,Adverb|Adjective,A2,Kids,0,1,,0
974,1000,cross,/krɔːs/,"băng qua, vượt qua, đi ngang",Verb,Noun|Adjective|Verb,A2,Kids,0,5,crosses crossed crossing crossings,0
975,1000,yeah,/jæ/,"ừ, vâng, đúng vậy",Interjection,Interjection|Adverb,A2,Kids,0,1,,0
976,1000,weight,/weɪt/,"trọng lượng, cân nặng, sức nặng",Noun,Noun|Verb,A2,Kids,0,5,weights weighted weighting weightings,0
977,1000,legal,/ˈliːɡəl/,"hợp pháp, thuộc pháp lý, đúng luật",Adjective,Adjective,A2,Kids,0,1,,0
978,1000,proposal,/prəˈpoʊzəl/,"đề xuất, lời đề nghị, lời cầu hôn",Noun,Noun,A2,Kids,0,2,proposals,0
979,1000,version,/ˈvɜːrʒən/,"phiên bản, bản, dị bản",Noun,Noun,A2,Kids,0,3,versions versioned,0
980,1000,conversation,/ˌkɑːnvərˈseɪʃən/,"cuộc trò chuyện, cuộc đối thoại",Noun,Noun,A2,Kids,0,2,conversations,0
981,1000,somebody,/ˈsʌmˌbɑːdi/,"ai đó, một người nào đó",Pronoun,Pronoun,A2,Grammar,1,1,,0
982,1000,pound,/paʊnd/,"cân Anh; đồng bảng, bảng Anh",Noun,Noun|Verb,A2,Kids,0,5,pounds pounded pounding poundings,1
983,1000,magazine,/ˈmæɡəˌziːn/,"tạp chí, tập san, ấn phẩm định kỳ",Noun,Noun,A2,Kids,0,2,magazines,0
984,1000,shape,/ʃeɪp/,"hình dạng, hình thù, vóc dáng",Noun,Noun|Verb,A2,Kids,0,4,shapes shaped shaping,0
985,1000,sea,/siː/,"biển, đại dương, biển cả",Noun,Noun,A2,Kids,0,2,seas,0
986,1000,immediately,/ˌɪˈmiːˌdiːətli/,"ngay lập tức, tức thì, ngay",Adverb,Adverb,A2,Kids,0,1,,0
987,1000,welcome,/ˈwɛlkəm/,"chào đón, hoan nghênh, đón tiếp",Verb,Adjective|Interjection|Noun|Verb,A2,Kids,0,4,welcomes welcomed welcoming,0
988,1000,smile,/smaɪl/,"mỉm cười, cười, tươi cười",Verb,Noun|Verb,A2,Kids,0,4,smiles smiled smiling,0
989,1000,communication,/kəˌmjuːnəˈkeɪʃən/,"sự giao tiếp, thông tin liên lạc",Noun,Noun,A2,Kids,0,2,communications,0
990,1000,agent,/ˈeɪdʒənt/,"đại lý, đặc vụ, người đại diện",Noun,Noun,A2,Kids,0,2,agents,0
991,1000,traditional,/trəˈdɪʃənəl/,"truyền thống, cổ truyền, theo lệ xưa",Adjective,Adjective,A2,Kids,0,1,,0
992,1000,replace,/ˌriːˈpleɪs/,"thay thế, thay, đổi mới",Verb,Verb,A2,Kids,0,4,replaces replaced replacing,0
993,1000,judge,/dʒʌdʒ/,"thẩm phán, quan tòa, giám khảo",Noun,Noun|Verb,A2,Kids,0,4,judges judged judging,0
994,1000,herself,/hərˈsɛlf/,"chính cô ấy, tự cô ấy, bản thân cô ấy",Pronoun,Pronoun,A2,Grammar,1,1,,0
995,1000,suddenly,/ˈsʌdənli/,"đột nhiên, bất ngờ, thình lình",Adverb,Adverb|Adjective|Noun,A2,Kids,0,1,,0
996,1000,generation,/ˌdʒɛnərˈeɪʃən/,"thế hệ, đời, lứa",Noun,Noun,A2,Kids,0,2,generations,0
997,1000,estimate,/ˈɛstəmət/,"ước tính, ước lượng, đánh giá",Verb,Noun|Verb,A2,Kids,0,4,estimates estimated estimating,0
998,1000,favorite,/ˈfeɪvərɪt/,"yêu thích, ưa thích nhất, được cưng",Adjective,Adjective|Noun,A2,Kids,0,4,favorites favourite favourites,0
999,1000,difficulty,/ˈdɪfəkəlti/,"khó khăn, trở ngại, sự gian nan",Noun,Noun,A2,Kids,0,2,difficulties,0
1000,1000,purchase,/ˈpɜːrtʃəs/,"mua, mua sắm, tậu",Verb,Noun|Verb,A2,Kids,0,4,purchases purchased purchasing,0
1001,2000,announce,/əˈnaʊns/,"thông báo, tuyên bố, công bố",Verb,Verb,B1,Teen,0,4,announces announced announcing,0
1002,2000,unless,/ənˈlɛs/,"trừ khi, nếu không, chỉ trừ khi",Conjunction,Conjunction,B1,Grammar,1,1,,0
1003,2000,independent,/ˌɪndɪˈpɛndənt/,"độc lập, tự chủ, tự lập",Adjective,Adjective|Noun,B1,Teen,0,2,independents,0
1004,2000,recommend,/ˌrɛkəˈmɛnd/,"giới thiệu, khuyên, tiến cử",Verb,Verb,B1,Teen,0,4,recommends recommended recommending,0
1005,2000,survey,/sərˈveɪ/,"cuộc khảo sát, cuộc điều tra, bản thăm dò",Noun,Noun|Verb,B1,Teen,0,4,surveys surveyed surveying,0
1006,2000,majority,/məˈdʒɔːrəti/,"đa số, phần lớn, số đông",Noun,Noun,B1,Teen,0,2,majorities,0
1007,2000,stick,/stɪk/,"dán, dính vào, mắc kẹt",Verb,Noun|Verb,B1,Teen,0,4,sticks stuck sticking,0
1008,2000,request,/rɪˈkwɛst/,"yêu cầu, đề nghị, thỉnh cầu",Verb,Noun|Verb,B1,Teen,0,4,requests requested requesting,0
1009,2000,rich,/rɪtʃ/,"giàu, giàu có, phong phú",Adjective,Adjective,B1,Teen,0,3,richer richest,0
1010,2000,wind,/waɪnd/,"gió, luồng gió, cơn gió",Noun,Noun|Verb,B1,Teen,0,4,winds winded winding,0
1011,2000,none,/nʌn/,"không ai, không cái nào, không chút nào",Pronoun,Pronoun|Noun|Adverb,B1,Grammar,1,1,,0
1012,2000,exchange,/ɪksˈtʃeɪndʒ/,"trao đổi, đổi, hoán đổi",Verb,Noun|Verb,B1,Teen,0,4,exchanges exchanged exchanging,0
1013,2000,budget,/ˈbʌdʒɪt/,"ngân sách, kinh phí, dự toán",Noun,Noun|Verb,B1,Teen,0,4,budgets budgeted budgeting,0
1014,2000,famous,/ˈfeɪməs/,"nổi tiếng, lừng danh, trứ danh",Adjective,Adjective,B1,Teen,0,1,,0
1015,2000,blood,/blʌd/,"máu, huyết thống, dòng máu",Noun,Noun|Verb,B1,Teen,0,4,bloods blooded blooding,0
1016,2000,appropriate,/əˈproʊpriət/,"phù hợp, thích hợp, thỏa đáng",Adjective,Adjective|Verb,B1,Teen,0,4,appropriates appropriated appropriating,0
1017,2000,block,/blɑːk/,"chặn, ngăn chặn, cản trở",Verb,Noun|Verb,B1,Teen,0,4,blocks blocked blocking,0
1018,2000,warm,/wɔːrm/,"ấm, ấm áp, nồng hậu",Adjective,Adjective|Noun|Verb,B1,Teen,0,6,warms warmed warming warmer warmest,0
1019,2000,count,/kaʊnt/,"đếm, tính, kể đến",Verb,Noun|Verb,B1,Teen,0,4,counts counted counting,0
1020,2000,scene,/siːn/,"cảnh, hiện trường, phân cảnh",Noun,Noun,B1,Teen,0,2,scenes,0
1021,2000,writer,/ˈraɪtər/,"nhà văn, người viết, tác giả",Noun,Noun,B1,Teen,0,2,writers,0
1022,2000,content,/ˈkɑːntɛnt/,"nội dung, hàm lượng, phần chứa bên trong",Noun,Noun|Adjective|Verb,B1,Teen,0,4,contents contented contenting,0
1023,2000,prevent,/prɪˈvɛnt/,"ngăn chặn, ngăn ngừa, phòng ngừa",Verb,Verb,B1,Teen,0,4,prevents prevented preventing,0
1024,2000,safe,/seɪf/,"an toàn, chắc chắn, vô sự",Adjective,Noun|Adjective,B1,Teen,0,3,safer safest,0
1025,2000,invite,/ˌɪnˈvaɪt/,"mời, mời gọi, rủ",Verb,Verb|Noun,B1,Teen,0,4,invites invited inviting,0
1026,2000,mix,/mɪks/,"trộn, pha trộn, hòa lẫn",Verb,Verb,B1,Teen,0,4,mixes mixed mixing,0
1027,2000,element,/ˈɛləmənt/,"yếu tố, thành phần, nguyên tố",Noun,Noun,B1,Teen,0,2,elements,0
1028,2000,effective,/ɪˈfɛktɪv/,"hiệu quả, có hiệu lực, đắc lực",Adjective,Adjective|Noun,B1,Teen,0,1,,0
1029,2000,correct,/kərˈɛkt/,"đúng, chính xác, đúng đắn",Adjective,Adjective|Verb,B1,Teen,0,4,corrects corrected correcting,0
1030,2000,medical,/ˈmɛdəkəl/,"thuộc y tế, y khoa, chữa bệnh",Adjective,Adjective|Noun,B1,Teen,0,2,medicals,0
1031,2000,admit,/ədˈmɪt/,"thừa nhận, thú nhận, cho vào",Verb,Verb,B1,Teen,0,4,admits admitting admitted,0
1032,2000,beat,/biːt/,"đánh bại, đập, đánh",Verb,Noun|Verb,B1,Teen,0,5,beats beating beaten beatings,0
1033,2000,telephone,/ˈtɛləˌfoʊn/,"điện thoại, máy điện thoại",Noun,Noun|Verb,B1,Teen,0,4,telephones telephoned telephoning,0
1034,2000,copy,/ˈkɑːpi/,"sao chép, chép lại, bắt chước",Verb,Noun|Verb,B1,Teen,0,4,copies copied copying,0
1035,2000,committee,/kəˈmɪti/,"ủy ban, hội đồng, ban",Noun,Noun,B1,Teen,0,2,committees,0
1036,2000,aware,/əˈwɛr/,"nhận thức được, ý thức được, biết rõ",Adjective,Adjective,B1,Teen,0,1,,0
1037,2000,advice,/ædˈvaɪs/,"lời khuyên, lời chỉ dẫn, lời góp ý",Noun,Noun,B1,Teen,0,2,advices,0
1038,2000,handle,/ˈhændəl/,"xử lý, giải quyết, cầm nắm",Verb,Noun|Verb,B1,Teen,0,4,handles handled handling,0
1039,2000,glass,/ɡlæs/,"thủy tinh, kính; cái cốc",Noun,Noun|Verb,B1,Teen,0,4,glasses glassed glassing,1
1040,2000,trial,/ˈtraɪəl/,"phiên tòa, cuộc thử nghiệm, sự thử thách",Noun,Noun,B1,Teen,0,6,trials trialed trialing trialled trialling,0
1041,2000,stress,/strɛs/,"căng thẳng, áp lực, sự nhấn mạnh",Noun,Noun|Verb,B1,Teen,0,3,stresses stressed,0
1042,2000,radio,/ˈreɪdiˌoʊ/,"đài phát thanh, máy thu thanh, sóng vô tuyến",Noun,Noun|Verb,B1,Teen,0,3,radios radioed,0
1043,2000,administration,/ædˌmɪnɪˈstreɪʃən/,"chính quyền, ban quản trị, sự quản lý",Noun,Noun,B1,Teen,0,2,administrations,0
1044,2000,complex,/ˈkɑːmplɛks/,"phức tạp, rắc rối, đa tầng",Adjective,Adjective|Noun,B1,Teen,0,2,complexes,0
1045,2000,text,/tɛkst/,"văn bản, bài viết, đoạn văn",Noun,Noun,B1,Teen,0,2,texts,0
1046,2000,context,/ˈkɑːntɛkst/,"bối cảnh, ngữ cảnh, hoàn cảnh",Noun,Noun,B1,Teen,0,2,contexts,0
1047,2000,ride,/raɪd/,"cưỡi, đi xe, lái",Verb,Noun|Verb,B1,Teen,0,5,rides rode riding ridden,0
1048,2000,directly,/dərˈɛktli/,"trực tiếp, thẳng, ngay",Adverb,Adverb,B1,Teen,0,1,,0
1049,2000,heavy,/ˈhɛvi/,"nặng, nặng nề, nặng trĩu",Adjective,Adjective|Adverb|Noun,B1,Teen,0,4,heavies heavier heaviest,0
1050,2000,remove,/riˈmuːv/,"loại bỏ, gỡ bỏ, dời đi",Verb,Noun|Verb,B1,Teen,0,4,removes removed removing,0
1051,2000,conduct,/ˈkɑːndəkt/,"tiến hành, thực hiện, chỉ huy",Verb,Noun|Verb,B1,Teen,0,4,conducts conducted conducting,0
1052,2000,equipment,/ɪˈkwɪpmənt/,"thiết bị, trang bị, dụng cụ",Noun,Noun,B1,Teen,0,2,equipments,0
1053,2000,otherwise,/ˈʌðərˌwaɪz/,"nếu không thì, mặt khác, cách khác",Adverb,Adverb,B1,Teen,0,1,,0
1054,2000,title,/ˈtaɪtəl/,"nhan đề, tiêu đề, tựa đề; chức danh",Noun,Noun,B1,Teen,0,4,titles titled titling,1
1055,2000,extra,/ˈɛkstrə/,"thêm, phụ, ngoài mức thông thường",Adjective,Adjective|Adverb|Noun,B1,Teen,0,2,extras,0
1056,2000,executive,/ɪɡˈzɛkjətɪv/,"giám đốc điều hành, người quản trị cấp cao",Noun,Adjective|Noun,B1,Teen,0,2,executives,0
1057,2000,chair,/tʃɛr/,"cái ghế, ghế tựa, ghế ngồi",Noun,Noun|Verb,B1,Teen,0,4,chairs chaired chairing,0
1058,2000,expensive,/ɪkˈspɛnsɪv/,"đắt, đắt tiền, tốn kém",Adjective,Adjective,B1,Teen,0,1,,0
1059,2000,sample,/ˈsæmpəl/,"mẫu, mẫu thử, mẫu vật",Noun,Noun|Verb,B1,Teen,0,5,samples sampled sampling samplings,0
1060,2000,sex,/sɛks/,"giới tính, phái; chuyện chăn gối",Noun,Noun|Verb,B1,Teen,0,2,sexes,1
1061,2000,deliver,/dɪˈlɪvər/,"giao, chuyển giao, phân phát",Verb,Verb,B1,Teen,0,4,delivers delivered delivering,0
1062,2000,video,/ˈvɪdioʊ/,"đoạn phim, băng hình, phim ghi hình",Noun,Adjective|Noun,B1,Teen,0,3,videos videoed,0
1063,2000,connection,/kəˈnɛkʃən/,"sự kết nối, mối liên hệ, quan hệ",Noun,Noun,B1,Teen,0,4,connections connexion connexions,0
1064,2000,primary,/ˈpraɪˌmɛri/,"chính, chủ yếu, hàng đầu",Adjective,Adjective|Noun,B1,Teen,0,2,primaries,0
1065,2000,weather,/ˈwɛðər/,"thời tiết, khí trời",Noun,Noun|Verb,B1,Teen,0,4,weathers weathered weathering,0
1066,2000,collect,/kəˈlɛkt/,"thu thập, sưu tầm, thu gom",Verb,Verb,B1,Teen,0,4,collects collected collecting,0
1067,2000,inform,/ˌɪnˈfɔːrm/,"báo cho biết, thông báo, cho hay",Verb,Verb,B1,Teen,0,4,informs informed informing,0
1068,2000,principle,/ˈprɪnsəpəl/,"nguyên tắc, nguyên lý, quy tắc",Noun,Noun,B1,Teen,0,3,principles principled,0
1069,2000,straight,/streɪt/,"thẳng, ngay thẳng, liên tiếp",Adjective,Adjective|Adverb|Noun,B1,Teen,0,3,straighter straightest,0
1070,2000,appeal,/əˈpiːl/,"lời kêu gọi; sức hấp dẫn, sự lôi cuốn",Noun,Noun,B1,Teen,0,4,appeals appealed appealing,1
1071,2000,highly,/ˈhaɪli/,"rất, hết sức, cao độ",Adverb,Adverb,B1,Teen,0,1,,0
1072,2000,trust,/trʌst/,"tin tưởng, tin cậy, phó thác",Verb,Noun|Verb,B1,Teen,0,4,trusts trusted trusting,0
1073,2000,wonderful,/ˈwʌndərfəl/,"tuyệt vời, tuyệt diệu, kỳ diệu",Adjective,Adjective,B1,Teen,0,1,,0
1074,2000,flat,/flæt/,"phẳng, bằng phẳng, xẹp lép",Adjective,Noun|Adjective|Adverb|Verb,B1,Teen,0,4,flats flatted flatting,0
1075,2000,absolutely,/ˌæbsəˈluːtli/,"hoàn toàn, tuyệt đối, chắc chắn",Adverb,Adverb,B1,Teen,0,1,,0
1076,2000,flow,/floʊ/,"chảy, tuôn ra, trôi chảy",Verb,Noun|Verb,B1,Teen,0,4,flows flowed flowing,0
1077,2000,fair,/fɛr/,"công bằng, hợp lẽ, khá tốt",Adjective,Noun|Adjective|Adverb|Verb,B1,Teen,0,6,fairs faired fairing fairer fairest,0
1078,2000,additional,/əˈdɪʃənəl/,"thêm, bổ sung, phụ thêm",Adjective,Adjective,B1,Teen,0,1,,0
1079,2000,responsible,/riˈspɑːnsəbəl/,"chịu trách nhiệm, có trách nhiệm",Adjective,Adjective,B1,Teen,0,1,,0
1080,2000,farm,/fɑːrm/,"nông trại, trang trại, đồn điền",Noun,Noun|Verb,B1,Teen,0,4,farms farmed farming,0
1081,2000,collection,/kəˈlɛkʃən/,"bộ sưu tập, sự thu gom, tuyển tập",Noun,Noun,B1,Teen,0,2,collections,0
1082,2000,hang,/hæŋ/,"treo, móc lên, lơ lửng",Verb,Noun|Verb,B1,Teen,0,6,hangs hung hanging hanged hangings,0
1083,2000,negative,/ˈnɛɡətɪv/,"tiêu cực, phủ định, âm",Adjective,Adjective|Noun|Verb,B1,Teen,0,2,negatives,0
1084,2000,band,/bænd/,"ban nhạc; dải, băng, đai",Noun,Noun|Verb,B1,Teen,0,3,bands banded,1
1085,2000,relative,/ˈrɛlətɪv/,"người thân, họ hàng, bà con",Noun,Adjective|Noun,B1,Teen,0,2,relatives,0
1086,2000,tour,/tʊr/,"chuyến du lịch, chuyến tham quan, chuyến lưu diễn",Noun,Noun|Verb,B1,Teen,0,4,tours toured touring,0
1087,2000,alternative,/ɔːlˈtɜːrnətɪv/,"lựa chọn thay thế, phương án khác",Noun,Adjective|Noun,B1,Teen,0,2,alternatives,0
1088,2000,software,/ˈsɔːfˌtwɛr/,"phần mềm, chương trình máy tính",Noun,Noun,B1,Teen,0,1,,0
1089,2000,pair,/pɛr/,"đôi, cặp, bộ đôi",Noun,Noun|Verb,B1,Teen,0,5,pairs paired pairing pairings,0
1090,2000,ship,/ʃɪp/,"tàu, tàu thủy, con tàu",Noun,Noun|Verb,B1,Teen,0,4,ships shipped shipping,0
1091,2000,attitude,/ˈætəˌtuːd/,"thái độ, quan điểm, cách nhìn",Noun,Noun,B1,Teen,0,2,attitudes,0
1092,2000,cheap,/tʃiːp/,"rẻ, rẻ tiền, ít tốn kém",Adjective,Adjective|Adverb|Noun,B1,Teen,0,3,cheaper cheapest,0
1093,2000,double,/ˈdʌbəl/,"nhân đôi, tăng gấp đôi, gấp lại",Verb,Adjective|Noun|Adverb|Verb,B1,Teen,0,4,doubles doubled doubling,0
1094,2000,leg,/lɛɡ/,"chân, cẳng chân, chân bàn ghế",Noun,Noun|Verb,B1,Teen,0,5,legs legged legging leggings,0
1095,2000,observe,/əbˈzɜːrv/,"quan sát, theo dõi, nhận thấy",Verb,Verb,B1,Teen,0,4,observes observed observing,0
1096,2000,sentence,/ˈsɛntəns/,"câu, câu văn; bản án",Noun,Noun|Verb,B1,Teen,0,4,sentences sentenced sentencing,1
1097,2000,print,/prɪnt/,"in, in ấn, xuất bản",Verb,Noun|Verb,B1,Teen,0,5,prints printed printing printings,0
1098,2000,progress,/ˈprɑːˌɡrɛs/,"sự tiến bộ, sự tiến triển, đà phát triển",Noun,Noun|Verb,B1,Teen,0,4,progresses progressed progressing,0
1099,2000,truth,/truːθ/,"sự thật, chân lý, điều đúng đắn",Noun,Noun,B1,Teen,0,2,truths,0
1100,2000,nobody,/ˈnoʊˌbɑːˌdiː/,"không ai, chẳng ai, không một ai",Pronoun,Pronoun|Noun,B1,Grammar,1,2,nobodies,0
1101,2000,examine,/ɪɡˈzæmɪn/,"kiểm tra, xem xét, khám xét",Verb,Verb,B1,Teen,0,4,examines examined examining,0
1102,2000,lay,/leɪ/,"đặt, để nằm, bày ra",Verb,Noun|Verb|Adjective,B1,Teen,0,4,lays laid laying,0
1103,2000,speed,/spiːd/,"tốc độ, vận tốc, sự nhanh chóng",Noun,Noun|Verb,B1,Teen,0,5,speeds sped speeded speeding,0
1104,2000,politics,/ˈpɑːləˌtɪks/,"chính trị, hoạt động chính trị",Noun,Noun,B1,Teen,0,1,,0
1105,2000,reply,/rɪˈplaɪ/,"trả lời, đáp lại, hồi âm",Verb,Noun|Verb,B1,Teen,0,4,replies replied replying,0
1106,2000,display,/dɪˈspleɪ/,"trưng bày, hiển thị, phô bày",Verb,Noun|Verb,B1,Teen,0,4,displays displayed displaying,0
1107,2000,transfer,/trænˈsfɜːr/,"chuyển, chuyển giao, điều chuyển",Verb,Noun|Verb,B1,Teen,0,5,transfers transferred transferring transfering,0
1108,2000,perfect,/pərˈfɛkt/,"hoàn hảo, hoàn thiện, tuyệt đối",Adjective,Adjective|Noun|Verb,B1,Teen,0,4,perfects perfected perfecting,0
1109,2000,slightly,/ˈslaɪtli/,"hơi, một chút, khẽ",Adverb,Adverb,B1,Teen,0,1,,0
1110,2000,overall,/ˈoʊvərˌɔːl/,"tổng thể, toàn bộ, chung",Adjective,Adjective|Noun,B1,Teen,0,1,,0
1111,2000,intend,/ˌɪnˈtɛnd/,"dự định, có ý định, nhắm tới",Verb,Verb,B1,Teen,0,4,intends intended intending,0
1112,2000,user,/ˈjuːzər/,"người dùng, người sử dụng",Noun,Noun,B1,Teen,0,2,users,0
1113,2000,respond,/rɪˈspɑːnd/,"đáp lại, phản hồi, hưởng ứng",Verb,Verb,B1,Teen,0,4,responds responded responding,0
1114,2000,dinner,/ˈdɪnər/,"bữa tối, bữa ăn tối, bữa chính",Noun,Noun,B1,Teen,0,2,dinners,0
1115,2000,slow,/sloʊ/,"chậm, chậm chạp, trì trệ",Adjective,Adjective|Adverb|Verb,B1,Teen,0,6,slows slowed slowing slower slowest,0
1116,2000,regular,/ˈrɛɡjələr/,"thường xuyên, đều đặn, thông thường",Adjective,Adjective|Noun,B1,Teen,0,2,regulars,0
1117,2000,physical,/ˈfɪzɪkəl/,"thuộc thể chất, vật lý, hữu hình",Adjective,Adjective,B1,Teen,0,2,physicals,0
1118,2000,apart,/əˈpɑːrt/,"cách xa nhau, riêng ra, rời ra",Adverb,Adverb,B1,Teen,0,1,,0
1119,2000,suit,/suːt/,"bộ com lê, bộ quần áo đồng bộ; vụ kiện",Noun,Noun|Verb,B1,Teen,0,4,suits suited suiting,1
1120,2000,federal,/ˈfɛdərəl/,"thuộc liên bang, của chính quyền liên bang",Adjective,Adjective,B1,Teen,0,2,federals,0
1121,2000,reveal,/rɪˈviːl/,"tiết lộ, để lộ, bộc lộ",Verb,Verb,B1,Teen,0,6,reveals revealed revealing revealled revealling,0
1122,2000,percentage,/pərˈsɛntədʒ/,"tỷ lệ phần trăm, phần trăm",Noun,Noun,B1,Teen,0,2,percentages,0
1123,2000,peace,/piːs/,"hòa bình, sự yên bình, sự thanh thản",Noun,Noun,B1,Teen,0,2,peaces,0
1124,2000,status,/ˈstætəs/,"địa vị, tình trạng, thân phận",Noun,Noun,B1,Teen,0,1,,0
1125,2000,crime,/kraɪm/,"tội phạm, tội ác, hành vi phạm tội",Noun,Noun|Verb,B1,Teen,0,2,crimes,0
1126,2000,decline,/dɪˈklaɪn/,"từ chối, suy giảm, giảm sút",Verb,Noun|Verb,B1,Teen,0,4,declines declined declining,0
1127,2000,decade,/dɛˈkeɪd/,"thập kỷ, mười năm",Noun,Noun,B1,Teen,0,2,decades,0
1128,2000,launch,/lɔːntʃ/,"phát động, khởi động, phóng đi",Verb,Noun|Verb,B1,Teen,0,4,launches launched launching,0
1129,2000,warn,/wɔːrn/,"cảnh báo, báo trước, nhắc chừng",Verb,Verb,B1,Teen,0,5,warns warned warning warnings,0
1130,2000,consumer,/kənˈsuːmər/,"người tiêu dùng, khách tiêu thụ",Noun,Noun,B1,Teen,0,2,consumers,0
1131,2000,favor,/ˈfeɪvər/,"sự giúp đỡ, ân huệ; sự ủng hộ",Noun,Noun|Verb,B1,Teen,0,8,favors favored favoring favour favours favoured favouring,1
1132,2000,dry,/draɪ/,"khô, khô ráo, cạn nước",Adjective,Adjective|Noun|Verb,B1,Teen,0,6,dries dried drying drier driest,0
1133,2000,partner,/ˈpɑːrtnər/,"đối tác, cộng sự, bạn đời",Noun,Noun|Verb,B1,Teen,0,4,partners partnered partnering,0
1134,2000,institution,/ˌɪnstɪˈtuːʃən/,"tổ chức, cơ sở, thiết chế",Noun,Noun,B1,Teen,0,2,institutions,0
1135,2000,spot,/spɑːt/,"địa điểm, chỗ; đốm, vết",Noun,Noun|Verb|Adjective,B1,Teen,0,4,spots spotted spotting,1
1136,2000,horse,/hɔːrs/,"con ngựa, ngựa cưỡi",Noun,Noun|Verb,B1,Teen,0,4,horses horsed horsing,0
1137,2000,eventually,/ɪˈvɛntʃəwəli/,"cuối cùng, rốt cuộc, sau cùng",Adverb,Adverb,B1,Teen,0,1,,0
1138,2000,heat,/hiːt/,"nhiệt, sức nóng, hơi nóng",Noun,Noun|Verb,B1,Teen,0,4,heats heated heating,0
1139,2000,excite,/ɪkˈsaɪt/,"kích thích, làm phấn khích, khơi dậy",Verb,Verb,B1,Teen,0,4,excites excited exciting,0
1140,2000,reader,/ˈriːdər/,"độc giả, người đọc, bạn đọc",Noun,Noun,B1,Teen,0,2,readers,0
1141,2000,importance,/ˌɪmˈpɔːrtəns/,"tầm quan trọng, sự quan trọng",Noun,Noun,B1,Teen,0,1,,0
1142,2000,distance,/ˈdɪstəns/,"khoảng cách, quãng đường, cự ly",Noun,Noun|Verb,B1,Teen,0,4,distances distanced distancing,0
1143,2000,guide,/ɡaɪd/,"hướng dẫn, dẫn đường, chỉ dẫn",Verb,Noun|Verb,B1,Teen,0,4,guides guided guiding,0
1144,2000,grant,/ɡrænt/,"cấp cho, ban cho, thừa nhận",Verb,Noun|Verb,B1,Teen,0,4,grants granted granting,0
1145,2000,taxi,/ˈtæksi/,"xe tắc xi, xe chở khách tính tiền theo cây số",Noun,Noun|Verb,B1,Teen,0,4,taxis taxiing taxies,0
1146,2000,feed,/fiːd/,"cho ăn, nuôi, cung cấp",Verb,Noun|Verb,B1,Teen,0,5,feeds fed feeding feedings,0
1147,2000,pain,/peɪn/,"cơn đau, sự đau đớn, nỗi đau",Noun,Noun|Verb,B1,Teen,0,4,pains pained paining,0
1148,2000,sector,/ˈsɛktər/,"khu vực, ngành, lĩnh vực",Noun,Noun,B1,Teen,0,2,sectors,0
1149,2000,mistake,/mɪˈsteɪk/,"lỗi, sai lầm, sự nhầm lẫn",Noun,Noun|Verb,B1,Teen,0,4,mistakes mistook mistaking,0
1150,2000,ensure,/ɛnˈʃʊr/,"bảo đảm, đảm bảo chắc chắn",Verb,Verb,B1,Teen,0,4,ensures ensured ensuring,0
1151,2000,satisfy,/ˈsætəˌsfaɪ/,"làm hài lòng, thỏa mãn, đáp ứng",Verb,Verb,B1,Teen,0,4,satisfies satisfied satisfying,0
1152,2000,chief,/tʃiːf/,"người đứng đầu, thủ lĩnh, sếp lớn",Noun,Noun|Adjective,B1,Teen,0,2,chiefs,0
1153,2000,cool,/kuːl/,"mát, mát mẻ, điềm tĩnh",Adjective,Adjective|Noun|Verb,B1,Teen,0,5,cools cooled cooling coolest,0
1154,2000,expert,/ˈɛkspərt/,"chuyên gia, nhà chuyên môn",Noun,Adjective|Noun,B1,Teen,0,2,experts,0
1155,2000,wave,/weɪv/,"sóng, làn sóng, đợt",Noun,Noun|Verb,B1,Teen,0,4,waves waved waving,0
1156,2000,south,/saʊθ/,"phía nam, miền nam, hướng nam",Noun,Noun|Adjective|Adverb|Verb,B1,Teen,0,1,,0
1157,2000,labor,/ˈleɪbər/,"lao động, sức lao động, nhân công",Noun,Noun|Verb,B1,Teen,0,8,labors labored laboring labour labours laboured labouring,0
1158,2000,surface,/ˈsɜːrfəs/,"bề mặt, mặt ngoài, mặt phẳng",Noun,Noun|Verb,B1,Teen,0,4,surfaces surfaced surfacing,0
1159,2000,library,/ˈlaɪbrɛˌriː/,"thư viện, phòng đọc sách",Noun,Noun,B1,Teen,0,2,libraries,0
1160,2000,excellent,/ˈɛksələnt/,"xuất sắc, tuyệt vời, ưu tú",Adjective,Adjective,B1,Teen,0,1,,0
1161,2000,edge,/ɛdʒ/,"cạnh, rìa, bờ mép",Noun,Noun|Verb,B1,Teen,0,4,edges edged edging,0
1162,2000,camp,/kæmp/,"trại, khu cắm trại, doanh trại",Noun,Noun|Verb,B1,Teen,0,4,camps camped camping,0
1163,2000,audience,/ˈɑːdiəns/,"khán giả, thính giả, người xem",Noun,Noun,B1,Teen,0,2,audiences,0
1164,2000,lift,/lɪft/,"nâng lên, nhấc lên, dỡ bỏ",Verb,Noun|Verb,B1,Teen,0,4,lifts lifted lifting,0
1165,2000,procedure,/prəˈsiːdʒər/,"thủ tục, quy trình, cách tiến hành",Noun,Noun,B1,Teen,0,2,procedures,0
1166,2000,email,/iˈmeɪl/,"thư điện tử, hộp thư điện tử",Noun,Noun,B1,Teen,0,4,emails emailed emailing,0
1167,2000,global,/ˈɡloʊbəl/,"toàn cầu, khắp thế giới, tổng thể",Adjective,Adjective,B1,Teen,0,1,,0
1168,2000,struggle,/ˈstrʌɡəl/,"đấu tranh, vật lộn, chật vật",Verb,Noun|Verb,B1,Teen,0,4,struggles struggled struggling,0
1169,2000,advertise,/ˈædvərˌtaɪz/,"quảng cáo, rao bán, đăng tin rao",Verb,Verb,B1,Teen,0,8,advertises advertised advertising advertize advertizes advertized advertizing,0
1170,2000,select,/səˈlɛkt/,"chọn, lựa chọn, tuyển chọn",Verb,Adjective|Verb,B1,Teen,0,4,selects selected selecting,0
1171,2000,surround,/sərˈaʊnd/,"bao quanh, vây quanh, bao vây",Verb,Noun|Verb,B1,Teen,0,5,surrounds surrounded surrounding surroundings,0
1172,2000,extent,/ɪkˈstɛnt/,"mức độ, phạm vi, quy mô",Noun,Noun,B1,Teen,0,2,extents,0
1173,2000,river,/ˈrɪvər/,"sông, dòng sông, con sông",Noun,Noun,B1,Teen,0,2,rivers,0
1174,2000,annual,/ˈænjuəl/,"hằng năm, thường niên, mỗi năm một lần",Adjective,Adjective|Noun,B1,Teen,0,2,annuals,0
1175,2000,fully,/ˈfʊli/,"hoàn toàn, đầy đủ, trọn vẹn",Adverb,Adverb,B1,Teen,0,1,,0
1176,2000,contrast,/ˈkɑːntræst/,"sự tương phản, sự đối lập, sự khác biệt rõ",Noun,Noun|Verb,B1,Teen,0,4,contrasts contrasted contrasting,0
1177,2000,roll,/roʊl/,"lăn, cuộn lại, cuốn tròn",Verb,Noun|Verb,B1,Teen,0,4,rolls rolled rolling,0
1178,2000,reality,/ˌriːˈæləˌtiː/,"thực tế, hiện thực, sự thật",Noun,Noun,B1,Teen,0,2,realities,0
1179,2000,photograph,/ˈfoʊtəˌɡræf/,"bức ảnh, tấm hình, ảnh chụp",Noun,Noun|Verb,B1,Teen,0,4,photographs photographed photographing,0
1180,2000,artist,/ˈɑːrtəst/,"nghệ sĩ, họa sĩ, người làm nghệ thuật",Noun,Noun,B1,Teen,0,2,artists,0
1181,2000,conflict,/ˈkɑːnflɪkt/,"xung đột, mâu thuẫn, sự tranh chấp",Noun,Noun|Verb,B1,Teen,0,4,conflicts conflicted conflicting,0
1182,2000,entire,/ɪnˈtaɪər/,"toàn bộ, toàn thể, trọn vẹn",Adjective,Adjective|Noun,B1,Teen,0,1,,0
1183,2000,presence,/ˈprɛzəns/,"sự có mặt, sự hiện diện",Noun,Noun,B1,Teen,0,2,presences,0
1184,2000,crowd,/kraʊd/,"đám đông, đám người, quần chúng",Noun,Noun|Verb,B1,Teen,0,4,crowds crowded crowding,0
1185,2000,corner,/ˈkɔːrnər/,"góc, góc phố, xó nhà",Noun,Noun|Verb,B1,Teen,0,4,corners cornered cornering,0
1186,2000,gas,/ɡæs/,"khí, chất khí; xăng",Noun,Noun|Verb,B1,Teen,0,5,gases gassed gassing gasses,1
1187,2000,shift,/ʃɪft/,"chuyển, dịch chuyển, thay đổi",Verb,Noun|Verb,B1,Teen,0,4,shifts shifted shifting,0
1188,2000,net,/nɛt/,"lưới, tấm lưới, vợt lưới",Noun,Noun|Verb|Adjective,B1,Teen,0,4,nets netted netting,0
1189,2000,category,/ˈkætəˌɡɔːri/,"loại, hạng mục, phạm trù",Noun,Noun,B1,Teen,0,2,categories,0
1190,2000,secretary,/ˈsɛkrəˌtɛri/,thư ký; bộ trưởng,Noun,Noun,B1,Teen,0,2,secretaries,1
1191,2000,defense,/dɪˈfɛns/,"sự phòng thủ, sự bào chữa, quốc phòng",Noun,Noun,B1,Teen,0,4,defenses defence defences,0
1192,2000,quick,/kwɪk/,"nhanh, mau lẹ, nhanh chóng",Adjective,Noun|Adjective|Adverb,B1,Teen,0,3,quicker quickest,0
1193,2000,cook,/kʊk/,"nấu ăn, nấu nướng, chế biến",Verb,Noun|Verb,B1,Teen,0,4,cooks cooked cooking,0
1194,2000,spread,/sprɛd/,"lan ra, trải ra, truyền bá",Verb,Noun|Verb,B1,Teen,0,3,spreads spreading,0
1195,2000,nuclear,/ˈnuːkliər/,"thuộc hạt nhân, nguyên tử",Adjective,Adjective,B1,Teen,0,1,,0
1196,2000,scale,/skeɪl/,"quy mô, tầm cỡ; thang đo, cái cân",Noun,Noun|Verb,B1,Teen,0,4,scales scaled scaling,1
1197,2000,driver,/ˈdraɪvər/,"tài xế, người lái xe",Noun,Noun,B1,Teen,0,2,drivers,0
1198,2000,ball,/bɔːl/,"quả bóng, trái banh, quả cầu",Noun,Noun|Verb,B1,Teen,0,4,balls balled balling,0
1199,2000,cry,/kraɪ/,"khóc, kêu la, gào lên",Verb,Noun|Verb,B1,Teen,0,4,cries cried crying,0
1200,2000,introduction,/ˌɪntrəˈdʌkʃən/,"sự giới thiệu, lời mở đầu, phần dẫn nhập",Noun,Noun,B1,Teen,0,2,introductions,0
1201,2000,requirement,/rɪˈkwaɪrmənt/,"yêu cầu, điều kiện bắt buộc, nhu cầu",Noun,Noun,B1,Teen,0,2,requirements,0
1202,2000,north,/nɔːrθ/,"phía bắc, miền bắc, hướng bắc",Noun,Noun|Adjective|Adverb,B1,Teen,0,1,,0
1203,2000,confirm,/kənˈfɜːrm/,"xác nhận, khẳng định, chuẩn y",Verb,Verb,B1,Teen,0,4,confirms confirmed confirming,0
1204,2000,senior,/ˈsiːnjər/,"cao cấp, thâm niên, lớn tuổi hơn",Adjective,Adjective|Noun,B1,Teen,0,2,seniors,0
1205,2000,photo,/ˈfoʊˌtoʊ/,"bức ảnh, tấm ảnh, hình chụp",Noun,Noun|Verb,B1,Teen,0,2,photos,0
1206,2000,refuse,/rəˈfjuːz/,"từ chối, khước từ, không chịu",Verb,Verb|Noun,B1,Teen,0,4,refuses refused refusing,0
1207,2000,transport,/trænˈspɔːrt/,"vận chuyển, chuyên chở, vận tải",Verb,Noun|Verb,B1,Teen,0,4,transports transported transporting,0
1208,2000,emerge,/ɪˈmɜːrdʒ/,"nổi lên, xuất hiện, hiện ra",Verb,Verb,B1,Teen,0,4,emerges emerged emerging,0
1209,2000,map,/mæp/,"bản đồ, tấm bản đồ, sơ đồ",Noun,Noun|Verb,B1,Teen,0,5,maps mapped mapping mappings,0
1210,2000,concept,/ˈkɑːnsɛpt/,"khái niệm, ý niệm, quan niệm",Noun,Noun,B1,Teen,0,2,concepts,0
1211,2000,island,/ˈaɪlənd/,"hòn đảo, đảo, cù lao",Noun,Noun|Verb,B1,Teen,0,4,islands islanded islanding,0
1212,2000,reform,/rəˈfɔːrm/,"cải cách, cải tổ, chấn chỉnh",Verb,Noun|Verb,B1,Teen,0,4,reforms reformed reforming,0
1213,2000,neither,/ˈniːðər/,"không cái nào trong hai, chẳng ai trong hai",Pronoun,Pronoun|Adjective|Adverb|Conjunction|Noun,B1,Grammar,1,1,,0
1214,2000,football,/ˈfʊtˌbɔːl/,"bóng đá, môn bóng đá; quả bóng đá",Noun,Noun,B1,Teen,0,2,footballs,1
1215,2000,survive,/sərˈvaɪv/,"sống sót, tồn tại, trụ lại",Verb,Verb,B1,Teen,0,4,survives survived surviving,0
1216,2000,flight,/flaɪt/,"chuyến bay, sự bay, đường bay",Noun,Noun|Verb,B1,Teen,0,2,flights,0
1217,2000,left,/lɛft/,"phía trái, bên trái, cánh tả",Noun,Adjective|Adverb|Noun,B1,Teen,0,2,lefts,0
1218,2000,solve,/sɑːlv/,"giải quyết, giải, tháo gỡ",Verb,Verb,B1,Teen,0,4,solves solved solving,0
1219,2000,neighbor,/ˈneɪbər/,"hàng xóm, láng giềng, người kế bên",Noun,Noun,B1,Teen,0,8,neighbors neighbored neighboring neighbour neighbours neighboured neighbouring,0
1220,2000,background,/ˈbækˌɡraʊnd/,"nền, hậu cảnh; lai lịch, xuất thân",Noun,Noun,B1,Teen,0,2,backgrounds,1
1221,2000,technique,/tɛkˈniːk/,"kỹ thuật, kỹ năng, thủ pháp",Noun,Noun,B1,Teen,0,2,techniques,0
1222,2000,traffic,/ˈtræfɪk/,"giao thông, sự đi lại, lưu lượng xe cộ",Noun,Noun|Verb,B1,Teen,0,6,traffics trafficked trafficking traffick trafficks,0
1223,2000,improvement,/ˌɪmˈpruːvmənt/,"sự cải thiện, sự tiến bộ, sự nâng cấp",Noun,Noun,B1,Teen,0,2,improvements,0
1224,2000,tool,/tuːl/,"công cụ, dụng cụ, phương tiện",Noun,Noun|Verb,B1,Teen,0,4,tools tooled tooling,0
1225,2000,consequence,/ˈkɑːnsəkwəns/,"hậu quả, kết quả, hệ quả",Noun,Noun,B1,Teen,0,2,consequences,0
1226,2000,circumstance,/ˈsɜːrkəmˌstæns/,"hoàn cảnh, tình huống, điều kiện",Noun,Noun,B1,Teen,0,2,circumstances,0
1227,2000,smoke,/smoʊk/,"hút thuốc; bốc khói, tỏa khói",Verb,Noun|Verb,B1,Teen,0,4,smokes smoked smoking,1
1228,2000,reaction,/riˈækʃən/,"phản ứng, sự phản ứng, phản hồi",Noun,Noun,B1,Teen,0,2,reactions,0
1229,2000,rain,/reɪn/,"mưa, cơn mưa, trận mưa",Noun,Noun|Verb,B1,Teen,0,4,rains rained raining,0
1230,2000,busy,/ˈbɪzi/,"bận, bận rộn, đông đúc",Adjective,Adjective|Verb|Noun,B1,Teen,0,6,busies busied busying busier busiest,0
1231,2000,lesson,/ˈlɛsən/,"bài học, bài giảng, tiết học",Noun,Noun|Verb,B1,Teen,0,2,lessons,0
1232,2000,brain,/breɪn/,"não, bộ não, trí óc",Noun,Noun|Verb,B1,Teen,0,4,brains brained braining,0
1233,2000,mass,/mæs/,"khối, đám đông, quần chúng",Noun,Noun|Verb,B1,Teen,0,4,masses massed massing,0
1234,2000,funny,/ˈfʌni/,"buồn cười, hài hước, kỳ lạ",Adjective,Adjective|Noun,B1,Teen,0,3,funnier funniest,0
1235,2000,contribute,/kənˈtrɪbjut/,"đóng góp, góp phần, cống hiến",Verb,Verb,B1,Teen,0,4,contributes contributed contributing,0
1236,2000,failure,/ˈfeɪljər/,"sự thất bại, sự hỏng hóc, sự không làm được",Noun,Noun,B1,Teen,0,2,failures,0
1237,2000,schedule,/ˈskɛdʒʊl/,"lịch trình, thời khóa biểu, kế hoạch",Noun,Noun|Verb,B1,Teen,0,4,schedules scheduled scheduling,0
1238,2000,speaker,/ˈspiːkər/,"người nói, diễn giả; loa phát thanh",Noun,Noun,B1,Teen,0,2,speakers,1
1239,2000,bottom,/ˈbɑːtəm/,"đáy, phần dưới cùng, mông",Noun,Noun|Adjective|Verb,B1,Teen,0,4,bottoms bottomed bottoming,0
1240,2000,adopt,/əˈdɑːpt/,"nhận nuôi, áp dụng, thông qua",Verb,Verb,B1,Teen,0,4,adopts adopted adopting,0
1241,2000,combine,/ˈkɑːmbaɪn/,"kết hợp, phối hợp, hợp nhất",Verb,Noun|Verb,B1,Teen,0,4,combines combined combining,0
1242,2000,mountain,/ˈmaʊntən/,"núi, ngọn núi, dãy núi",Noun,Noun,B1,Teen,0,2,mountains,0
1243,2000,waste,/weɪst/,"lãng phí, phung phí, bỏ phí",Verb,Adjective|Noun|Verb,B1,Teen,0,4,wastes wasted wasting,0
1244,2000,hide,/haɪd/,"giấu, che giấu, trốn",Verb,Noun|Verb,B1,Teen,0,5,hides hid hiding hidden,0
1245,2000,marriage,/ˈmɛrɪdʒ/,"hôn nhân, cuộc hôn nhân, lễ cưới",Noun,Noun,B1,Teen,0,2,marriages,0
1246,2000,ticket,/ˈtɪkət/,"vé, tấm vé; giấy phạt",Noun,Noun|Verb,B1,Teen,0,4,tickets ticketed ticketing,1
1247,2000,meal,/miːl/,"bữa ăn, bữa cơm",Noun,Noun|Verb,B1,Teen,0,2,meals,0
1248,2000,colleague,/ˈkɑːliɡ/,"đồng nghiệp, bạn đồng nghiệp",Noun,Noun,B1,Teen,0,2,colleagues,0
1249,2000,bag,/bæɡ/,"túi, cặp, bao đựng",Noun,Noun|Verb,B1,Teen,0,4,bags bagged bagging,0
1250,2000,repeat,/rɪˈpiːt/,"lặp lại, nhắc lại, làm lại",Verb,Noun|Verb,B1,Teen,0,4,repeats repeated repeating,0
1251,2000,equal,/ˈiːkwəl/,"bằng nhau, ngang bằng, bình đẳng",Adjective,Adjective|Noun|Verb,B1,Teen,0,6,equals equaled equaling equalled equalling,0
1252,2000,expression,/ɪkˈsprɛʃən/,"sự biểu lộ, nét mặt, cách diễn đạt",Noun,Noun,B1,Teen,0,2,expressions,0
1253,2000,plus,/plʌs/,"cộng với, thêm vào",Preposition,Preposition|Adjective|Noun,B1,Grammar,1,2,pluses,0
1254,2000,extremely,/ɛkˈstriːmli/,"cực kỳ, vô cùng, hết sức",Adverb,Noun|Adverb,B1,Teen,0,1,,0
1255,2000,owner,/ˈoʊnər/,"chủ sở hữu, người chủ, chủ nhân",Noun,Noun,B1,Teen,0,2,owners,0
1256,2000,plane,/pleɪn/,"máy bay, phi cơ; mặt phẳng",Noun,Noun|Verb|Adjective,B1,Teen,0,3,planes planed,1
1257,2000,commercial,/kəˈmɜːrʃəl/,"thương mại, mang tính buôn bán",Adjective,Adjective|Noun,B1,Teen,0,2,commercials,0
1258,2000,lady,/ˈleɪdi/,"quý bà, phu nhân, người phụ nữ",Noun,Noun,B1,Teen,0,2,ladies,0
1259,2000,duty,/ˈduːti/,"nhiệm vụ, bổn phận; thuế nhập khẩu",Noun,Noun,B1,Teen,0,2,duties,1
1260,2000,strength,/strɛŋkθ/,"sức mạnh, sức lực, điểm mạnh",Noun,Noun,B1,Teen,0,2,strengths,0
1261,2000,connect,/kəˈnɛkt/,"nối, kết nối, liên kết",Verb,Verb,B1,Teen,0,4,connects connected connecting,0
1262,2000,cultural,/ˈkʌltʃərəl/,"thuộc văn hóa, mang tính văn hóa",Adjective,Adjective,B1,Teen,0,1,,0
1263,2000,arrange,/ərˈeɪndʒ/,"sắp xếp, thu xếp, bố trí",Verb,Verb,B1,Teen,0,4,arranges arranged arranging,0
1264,2000,scheme,/skiːm/,"kế hoạch, chương trình, mưu đồ",Noun,Noun|Verb,B1,Teen,0,4,schemes schemed scheming,0
1265,2000,payment,/ˈpeɪmənt/,"sự thanh toán, khoản tiền trả",Noun,Noun,B1,Teen,0,2,payments,0
1266,2000,unfortunately,/ənˈfɔːrtʃənətli/,"thật không may, tiếc thay, đáng tiếc là",Adverb,Adverb,B1,Teen,0,1,,0
1267,2000,brief,/briːf/,"ngắn gọn, vắn tắt, ngắn ngủi",Adjective,Adjective|Noun|Verb,B1,Teen,0,7,briefs briefed briefing briefer briefest briefings,0
1268,2000,bird,/bɜːrd/,"chim, con chim, loài chim",Noun,Noun,B1,Teen,0,4,birds birded birding,0
1269,2000,demonstrate,/ˈdɛmənˌstreɪt/,"chứng minh, biểu diễn, biểu tình",Verb,Verb,B1,Teen,0,4,demonstrates demonstrated demonstrating,0
1270,2000,contribution,/ˌkɑːntrəˈbjuːʃən/,"sự đóng góp, phần đóng góp, khoản góp",Noun,Noun,B1,Teen,0,2,contributions,0
1271,2000,appreciate,/əˈpriːʃiˌeɪt/,"cảm kích, đánh giá cao, trân trọng",Verb,Verb,B1,Teen,0,4,appreciates appreciated appreciating,0
1272,2000,chapter,/ˈtʃæptər/,"chương, chương sách, giai đoạn",Noun,Noun,B1,Teen,0,2,chapters,0
1273,2000,secret,/ˈsiːkrət/,"bí mật, điều bí mật, bí quyết",Noun,Adjective|Noun,B1,Teen,0,2,secrets,0
1274,2000,apparently,/əˈpɛrəntli/,"có vẻ như, hình như, rõ ràng là",Adverb,Adverb,B1,Teen,0,1,,0
1275,2000,novel,/ˈnɑːvəl/,"tiểu thuyết, truyện dài",Noun,Adjective|Noun,B1,Teen,0,2,novels,0
1276,2000,union,/ˈjuːnjən/,"công đoàn, liên minh, sự hợp nhất",Noun,Noun,B1,Teen,0,2,unions,0
1277,2000,burn,/bɜːrn/,"đốt, cháy, làm bỏng",Verb,Noun|Verb,B1,Teen,0,5,burns burned burning burnt,0
1278,2000,trend,/trɛnd/,"xu hướng, khuynh hướng, trào lưu",Noun,Noun|Verb,B1,Teen,0,4,trends trended trending,0
1279,2000,initial,/ˌɪˈnɪʃəl/,"ban đầu, đầu tiên, khởi đầu",Adjective,Adjective|Noun|Verb,B1,Teen,0,6,initials initialed initialing initialled initialling,0
1280,2000,pleasure,/ˈplɛʒər/,"niềm vui, sự thích thú, khoái cảm",Noun,Noun|Verb,B1,Teen,0,4,pleasures pleasured pleasuring,0
1281,2000,suggestion,/səˈdʒɛstʃən/,"lời đề nghị, gợi ý, đề xuất",Noun,Noun,B1,Teen,0,2,suggestions,0
1282,2000,critical,/ˈkrɪtɪkəl/,"quan trọng, then chốt, phê phán",Adjective,Adjective,B1,Teen,0,1,,0
1283,2000,gather,/ˈɡæðər/,"tụ tập, tập hợp, thu thập",Verb,Verb,B1,Teen,0,5,gathers gathered gathering gatherings,0
1284,2000,mostly,/ˈmoʊstli/,"chủ yếu, phần lớn, hầu như",Adverb,Adverb,B1,Teen,0,1,,0
1285,2000,earth,/ɜːrθ/,"trái đất, đất, mặt đất",Noun,Noun|Verb,B1,Teen,0,3,earths earthed,0
1286,2000,pop,/pɑːp/,"nổ bốp, bật ra, ghé qua",Verb,Noun|Verb|Adverb|Interjection,B1,Teen,0,4,pops popped popping,0
1287,2000,essential,/ɛˈsɛnʃəl/,"thiết yếu, cần thiết, cốt yếu",Adjective,Adjective|Noun,B1,Teen,0,2,essentials,0
1288,2000,desire,/dɪˈzaɪər/,"khao khát, mong muốn, thèm muốn",Verb,Noun|Verb,B1,Teen,0,4,desires desired desiring,0
1289,2000,promote,/prəˈmoʊt/,"thúc đẩy, quảng bá, thăng chức",Verb,Verb,B1,Teen,0,4,promotes promoted promoting,0
1290,2000,currently,/ˈkɜːrəntli/,"hiện nay, hiện tại, lúc này",Adverb,Adverb,B1,Teen,0,1,,0
1291,2000,employ,/ɛmˈplɔɪ/,"thuê làm, tuyển dụng, sử dụng",Verb,Noun|Verb,B1,Teen,0,4,employs employed employing,0
1292,2000,path,/pæθ/,"con đường, lối đi, đường mòn",Noun,Noun,B1,Teen,0,2,paths,0
1293,2000,topic,/ˈtɑːpɪk/,"chủ đề, đề tài, vấn đề bàn tới",Noun,Noun,B1,Teen,0,2,topics,0
1294,2000,beach,/biːtʃ/,"bãi biển, bờ biển, bãi cát",Noun,Noun|Verb,B1,Teen,0,4,beaches beached beaching,0
1295,2000,attract,/əˈtrækt/,"thu hút, hấp dẫn, lôi cuốn",Verb,Verb,B1,Teen,0,4,attracts attracted attracting,0
1296,2000,engage,/ɛnˈɡeɪdʒ/,"tham gia, thu hút, thuê mướn",Verb,Verb,B1,Teen,0,4,engages engaged engaging,0
1297,2000,powerful,/ˈpaʊərfəl/,"mạnh mẽ, hùng mạnh, đầy sức mạnh",Adjective,Adjective,B1,Teen,0,1,,0
1298,2000,flower,/ˈflaʊər/,"hoa, bông hoa, đóa hoa",Noun,Noun|Verb,B1,Teen,0,4,flowers flowered flowering,0
1299,2000,crisis,/ˈkraɪsəs/,"khủng hoảng, cơn nguy kịch",Noun,Noun,B1,Teen,0,2,crises,0
1300,2000,settle,/ˈsɛtəl/,"giải quyết, định cư, ổn định",Verb,Noun|Verb,B1,Teen,0,4,settles settled settling,0
1301,2000,boat,/boʊt/,"thuyền, con thuyền, tàu nhỏ",Noun,Noun|Verb,B1,Teen,0,4,boats boated boating,0
1302,2000,aid,/eɪd/,"sự viện trợ, sự giúp đỡ, cứu trợ",Noun,Noun,B1,Teen,0,4,aids aided aiding,0
1303,2000,fan,/fæn/,người hâm mộ; cái quạt,Noun,Noun|Verb,B1,Teen,0,4,fans fanned fanning,1
1304,2000,kitchen,/ˈkɪtʃən/,"nhà bếp, bếp, gian bếp",Noun,Noun,B1,Teen,0,2,kitchens,0
1305,2000,twice,/twaɪs/,"hai lần, gấp đôi",Adverb,Adverb,B1,Teen,0,1,,0
1306,2000,fresh,/frɛʃ/,"tươi, mới, trong lành",Adjective,Adjective|Adverb|Noun,B1,Teen,0,3,fresher freshest,0
1307,2000,delay,/dɪˈleɪ/,"trì hoãn, hoãn lại, làm chậm trễ",Verb,Noun|Verb,B1,Teen,0,4,delays delayed delaying,0
1308,2000,safety,/ˈseɪfti/,"sự an toàn, tính an toàn, sự bảo đảm",Noun,Noun,B1,Teen,0,2,safeties,0
1309,2000,engineer,/ˈɛndʒəˈnɪr/,"kỹ sư, người làm kỹ thuật",Noun,Noun|Verb,B1,Teen,0,4,engineers engineered engineering,0
1310,2000,quiet,/ˈkwaɪət/,"yên lặng, im lặng, yên tĩnh",Adjective,Adjective|Noun|Verb,B1,Teen,0,6,quiets quieted quieting quieter quietest,0
1311,2000,insurance,/ˌɪnˈʃʊrəns/,"bảo hiểm, hợp đồng bảo hiểm",Noun,Noun,B1,Teen,0,2,insurances,0
1312,2000,nurse,/nɜːrs/,"y tá, điều dưỡng viên",Noun,Noun|Verb,B1,Teen,0,4,nurses nursed nursing,0
1313,2000,divide,/dɪˈvaɪd/,"chia, phân chia, chia rẽ",Verb,Verb|Noun,B1,Teen,0,4,divides divided dividing,0
1314,2000,length,/lɛŋkθ/,"chiều dài, độ dài, thời lượng",Noun,Noun,B1,Teen,0,2,lengths,0
1315,2000,investigation,/ˌɪnˌvɛstəˈɡeɪʃən/,"cuộc điều tra, sự nghiên cứu kỹ",Noun,Noun,B1,Teen,0,2,investigations,0
1316,2000,package,/ˈpækədʒ/,"gói, bưu kiện, gói hàng",Noun,Noun|Verb,B1,Teen,0,4,packages packaged packaging,0
1317,2000,somewhere,/ˈsʌmˌwɛr/,"ở đâu đó, nơi nào đó",Adverb,Adverb,B1,Teen,0,1,,0
1318,2000,expand,/ɪkˈspænd/,"mở rộng, phát triển, giãn nở",Verb,Verb,B1,Teen,0,4,expands expanded expanding,0
1319,2000,commit,/kəˈmɪt/,"phạm phải, cam kết, dấn thân",Verb,Verb,B1,Teen,0,4,commits committing committed,0
1320,2000,obvious,/ˈɑːbviəs/,"rõ ràng, hiển nhiên, dễ thấy",Adjective,Adjective,B1,Teen,0,1,,0
1321,2000,jump,/dʒʌmp/,"nhảy, nhảy lên, tăng vọt",Verb,Noun|Verb,B1,Teen,0,4,jumps jumped jumping,0
1322,2000,weapon,/ˈwɛpən/,"vũ khí, khí giới",Noun,Noun,B1,Teen,0,2,weapons,0
1323,2000,relatively,/ˈrɛlətɪvli/,"tương đối, khá là, so ra thì",Adverb,Adverb,B1,Teen,0,1,,0
1324,2000,host,/hoʊst/,"chủ nhà, người dẫn chương trình",Noun,Noun,B1,Teen,0,4,hosts hosted hosting,0
1325,2000,winter,/ˈwɪntər/,"mùa đông, mùa lạnh trong năm",Noun,Noun|Adjective|Verb,B1,Teen,0,4,winters wintered wintering,0
1326,2000,district,/ˈdɪstrɪkt/,"quận, huyện, khu vực hành chính",Noun,Noun|Verb,B1,Teen,0,2,districts,0
1327,2000,broad,/brɔːd/,"rộng, rộng lớn, khái quát",Adjective,Adjective|Adverb|Noun,B1,Teen,0,3,broader broadest,0
1328,2000,tire,/ˈtaɪər/,"làm mệt, thấy mệt, chán ngán",Verb,Noun|Verb,B1,Teen,0,4,tires tired tiring,0
1329,2000,spring,/sprɪŋ/,"mùa xuân; lò xo, suối nước",Noun,Noun|Verb,B1,Teen,0,5,springs sprang sprung springing,1
1330,2000,spirit,/ˈspɪrət/,"tinh thần, linh hồn, khí thế",Noun,Noun|Verb,B1,Teen,0,4,spirits spirited spiriting,0
1331,2000,lunch,/lʌntʃ/,"bữa trưa, bữa ăn trưa",Noun,Noun|Verb,B1,Teen,0,4,lunches lunched lunching,0
1332,2000,actual,/ˈæktʃəwəl/,"thực tế, thực sự, có thật",Adjective,Adjective,B1,Teen,0,1,,0
1333,2000,pool,/puːl/,"hồ bơi, bể bơi; quỹ chung",Noun,Noun|Verb,B1,Teen,0,4,pools pooled pooling,1
1334,2000,battle,/ˈbætəl/,"trận đánh, cuộc chiến, cuộc đấu tranh",Noun,Noun|Verb,B1,Teen,0,4,battles battled battling,0
1335,2000,tradition,/trəˈdɪʃən/,"truyền thống, tục lệ",Noun,Noun,B1,Teen,0,2,traditions,0
1336,2000,cash,/kæʃ/,"tiền mặt, tiền trả ngay",Noun,Noun|Verb,B1,Teen,0,4,cashes cashed cashing,0
1337,2000,hardly,/ˈhɑːrdli/,"hầu như không, khó mà, chẳng mấy khi",Adverb,Adverb,B1,Teen,0,1,,0
1338,2000,award,/əˈwɔːrd/,"giải thưởng, phần thưởng",Noun,Noun|Verb,B1,Teen,0,4,awards awarded awarding,0
1339,2000,coach,/koʊtʃ/,huấn luyện viên; xe khách đường dài,Noun,Noun|Verb,B1,Teen,0,4,coaches coached coaching,1
1340,2000,experiment,/ɪkˈspɛrəmənt/,"thí nghiệm, cuộc thử nghiệm",Noun,Verb|Noun,B1,Teen,0,4,experiments experimented experimenting,0
1341,2000,consideration,/kənˌsɪdərˈeɪʃən/,"sự xem xét, sự cân nhắc, điều cần lưu ý",Noun,Noun,B1,Teen,0,2,considerations,0
1342,2000,strange,/streɪndʒ/,"lạ, kỳ lạ, xa lạ",Adjective,Adjective,B1,Teen,0,2,strangest,0
1343,2000,code,/koʊd/,"mã, mật mã; bộ luật",Noun,Noun|Verb,B1,Teen,0,4,codes coded coding,1
1344,2000,possibly,/ˈpɑːsəbli/,"có thể, có lẽ, biết đâu",Adverb,Adverb,B1,Teen,0,1,,0
1345,2000,threat,/θrɛt/,"mối đe dọa, lời đe dọa, nguy cơ",Noun,Noun,B1,Teen,0,2,threats,0
1346,2000,accident,/ˈæksədənt/,"tai nạn, sự cố, việc tình cờ",Noun,Noun,B1,Teen,0,2,accidents,0
1347,2000,impossible,/ˌɪmˈpɑːsəbəl/,"không thể, bất khả thi",Adjective,Adjective,B1,Teen,0,1,,0
1348,2000,revenue,/ˈrɛvəˌnuː/,"doanh thu, nguồn thu, thu nhập",Noun,Noun,B1,Teen,0,2,revenues,0
1349,2000,enable,/ɛˈneɪbəl/,"cho phép, tạo điều kiện, bật lên",Verb,Verb,B1,Teen,0,4,enables enabled enabling,0
1350,2000,afraid,/əˈfreɪd/,"sợ, lo sợ, e ngại",Adjective,Adjective,B1,Teen,0,1,,0
1351,2000,active,/ˈæktɪv/,"tích cực, năng động, đang hoạt động",Adjective,Adjective,B1,Teen,0,2,actives,0
1352,2000,conclude,/kənˈkluːd/,"kết luận, kết thúc, đi tới kết luận",Verb,Verb,B1,Teen,0,4,concludes concluded concluding,0
1353,2000,religious,/rɪˈlɪdʒəs/,"thuộc tôn giáo, sùng đạo",Adjective,Adjective|Noun,B1,Teen,0,1,,0
1354,2000,cancer,/ˈkænsər/,"bệnh ung thư, khối u ác tính",Noun,Noun,B1,Teen,0,2,cancers,0
1355,2000,convince,/kənˈvɪns/,"thuyết phục, làm cho tin",Verb,Verb,B1,Teen,0,4,convinces convinced convincing,0
1356,2000,vary,/ˈvɛri/,"thay đổi, biến đổi, khác nhau",Verb,Verb,B1,Teen,0,4,varies varied varying,0
1357,2000,environmental,/ɪnˌvaɪrənˈmɛntəl/,"thuộc môi trường, về môi trường",Adjective,Adjective,B1,Teen,0,1,,0
1358,2000,sun,/sʌn/,"mặt trời, ánh nắng",Noun,Noun|Verb,B1,Teen,0,4,suns sunned sunning,0
1359,2000,healthy,/ˈhɛlθi/,"khỏe mạnh, lành mạnh, có lợi cho sức khỏe",Adjective,Adjective,B1,Teen,0,3,healthier healthiest,0
1360,2000,blow,/bloʊ/,"thổi, thổi bay, nổ tung",Verb,Noun|Verb,B1,Teen,0,5,blows blew blowing blown,0
1361,2000,volume,/ˈvɑːljum/,"âm lượng; khối lượng, tập sách",Noun,Noun,B1,Teen,0,2,volumes,1
1362,2000,location,/loʊˈkeɪʃən/,"vị trí, địa điểm, nơi chốn",Noun,Noun,B1,Teen,0,2,locations,0
1363,2000,invest,/ˌɪnˈvɛst/,"đầu tư, bỏ vốn, dồn công sức",Verb,Verb,B1,Teen,0,4,invests invested investing,0
1364,2000,proceed,/prəˈsiːd/,"tiến hành, tiếp tục, đi tới",Verb,Verb,B1,Teen,0,5,proceeds proceeded proceeding proceedings,0
1365,2000,wash,/wɑːʃ/,"rửa, giặt, tắm rửa",Verb,Noun|Verb,B1,Teen,0,4,washes washed washing,0
1366,2000,actor,/ˈæktər/,"diễn viên, nam diễn viên",Noun,Noun,B1,Teen,0,2,actors,0
1367,2000,glad,/ɡlæd/,"vui, mừng, hài lòng",Adjective,Adjective,B1,Teen,0,3,gladder gladdest,0
1368,2000,tape,/teɪp/,băng dính; băng ghi âm,Noun,Noun|Verb,B1,Teen,0,4,tapes taped taping,1
1369,2000,whereas,/wɛˈræz/,"trong khi, còn, ngược lại thì",Conjunction,Conjunction,B1,Grammar,1,1,,0
1370,2000,opposite,/ˈɑːpəzət/,"đối diện, đối lập, trái ngược",Adjective,Adjective|Noun|Adverb|Preposition,B1,Teen,0,2,opposites,0
1371,2000,stone,/stoʊn/,"đá, hòn đá, viên đá",Noun,Noun|Adjective|Verb,B1,Teen,0,4,stones stoned stoning,0
1372,2000,sum,/sʌm/,"tổng, tổng số, khoản tiền",Noun,Noun|Verb,B1,Teen,0,4,sums summed summing,0
1373,2000,murder,/ˈmɜːrdər/,"vụ giết người, tội sát nhân",Noun,Noun|Verb,B1,Teen,0,4,murders murdered murdering,0
1374,2000,monitor,/ˈmɑːnətər/,"theo dõi, giám sát, kiểm soát",Verb,Noun|Verb,B1,Teen,0,4,monitors monitored monitoring,0
1375,2000,soldier,/ˈsoʊldʒər/,"người lính, binh sĩ, quân nhân",Noun,Noun|Verb,B1,Teen,0,4,soldiers soldiered soldiering,0
1376,2000,finance,/fəˈnæns/,"tài chính, nền tài chính, tiền vốn",Noun,Noun|Verb,B1,Teen,0,5,finances financed financing financings,0
1377,2000,hate,/heɪt/,"ghét, căm ghét, không ưa",Verb,Noun|Verb,B1,Teen,0,4,hates hated hating,0
1378,2000,egg,/ɛɡ/,"trứng, quả trứng",Noun,Noun|Verb,B1,Teen,0,4,eggs egged egging,0
1379,2000,concert,/ˈkɑːnsərt/,"buổi hòa nhạc, buổi biểu diễn nhạc",Noun,Noun|Verb,B1,Teen,0,3,concerts concerted,0
1380,2000,shock,/ʃɑːk/,"gây sốc, làm bàng hoàng, làm choáng váng",Verb,Noun|Verb,B1,Teen,0,4,shocks shocked shocking,0
1381,2000,comfortable,/ˈkʌmfərtəbəl/,"thoải mái, dễ chịu, tiện nghi",Adjective,Adjective|Noun,B1,Teen,0,1,,0
1382,2000,usual,/ˈjuːʒəwəl/,"thường lệ, thông thường, quen thuộc",Adjective,Adjective,B1,Teen,0,1,,0
1383,2000,carefully,/ˈkɛrfəli/,"cẩn thận, kỹ lưỡng, thận trọng",Adverb,Adverb,B1,Teen,0,1,,0
1384,2000,pack,/pæk/,"đóng gói, xếp đồ, nhồi nhét",Verb,Noun|Verb,B1,Teen,0,4,packs packed packing,0
1385,2000,recall,/ˈriːˌkɔːl/,"nhớ lại, gợi nhớ, thu hồi",Verb,Noun|Verb,B1,Teen,0,3,recalls recalled,0
1386,2000,wine,/waɪn/,"rượu vang, rượu nho",Noun,Noun|Verb,B1,Teen,0,3,wines wining,0
1387,2000,camera,/ˈkæmərə/,"máy ảnh, máy quay phim",Noun,Noun,B1,Teen,0,2,cameras,0
1388,2000,swim,/swɪm/,"bơi, bơi lội, môn bơi",Verb,Noun|Verb,B1,Teen,0,5,swims swam swimming swum,0
1389,2000,manufacture,/ˌmænjəˈfæktʃər/,"sản xuất, chế tạo, gia công",Verb,Verb|Noun,B1,Teen,0,4,manufactures manufactured manufacturing,0
1390,2000,theater,/ˈθiːətər/,"nhà hát, rạp hát, sân khấu",Noun,Noun,B1,Teen,0,4,theaters theatre theatres,0
1391,2000,cycle,/ˈsaɪkəl/,"chu kỳ, vòng tuần hoàn; xe đạp",Noun,Noun|Verb,B1,Teen,0,4,cycles cycled cycling,1
1392,2000,coffee,/ˈkɑːfi/,"cà phê, ly cà phê",Noun,Noun,B1,Teen,0,2,coffees,0
1393,2000,totally,/ˈtoʊtəli/,"hoàn toàn, toàn bộ, hết sức",Adverb,Adverb,B1,Teen,0,1,,0
1394,2000,museum,/mjuˈziːəm/,"bảo tàng, viện bảo tàng",Noun,Noun,B1,Teen,0,2,museums,0
1395,2000,visitor,/ˈvɪzɪtər/,"khách, khách tham quan, du khách",Noun,Noun,B1,Teen,0,2,visitors,0
1396,2000,freedom,/ˈfriːdəm/,"tự do, quyền tự do, sự tự do",Noun,Noun,B1,Teen,0,2,freedoms,0
1397,2000,construction,/kənˈstrʌkʃən/,"sự xây dựng, công trình, ngành xây dựng",Noun,Noun,B1,Teen,0,2,constructions,0
1398,2000,dear,/dɪr/,"thân mến, thân yêu, quý mến",Adjective,Adjective|Noun|Adverb|Interjection,B1,Teen,0,4,dears dearer dearest,0
1399,2000,objective,/əbˈdʒɛktɪv/,"mục tiêu, mục đích",Noun,Adjective|Noun,B1,Teen,0,2,objectives,0
1400,2000,moreover,/mɔːˈroʊvər/,"hơn nữa, ngoài ra, thêm vào đó",Adverb,Adverb,B1,Teen,0,1,,0
1401,2000,onto,/ˈɑːntu/,"lên trên, lên phía trên, tới chỗ",Preposition,Preposition,B1,Grammar,1,1,,0
1402,2000,historical,/hɪˈstɔːrɪkəl/,"thuộc lịch sử, có tính lịch sử",Adjective,Adjective,B1,Teen,0,1,,0
1403,2000,oppose,/əˈpoʊz/,"phản đối, chống lại, đối lập với",Verb,Verb,B1,Teen,0,4,opposes opposed opposing,0
1404,2000,branch,/bræntʃ/,"cành cây; chi nhánh, phân nhánh",Noun,Noun|Verb,B1,Teen,0,4,branches branched branching,1
1405,2000,vehicle,/ˈviːhɪkəl/,"xe cộ, phương tiện đi lại",Noun,Noun|Verb,B1,Teen,0,2,vehicles,0
1406,2000,scientist,/ˈsaɪəntɪst/,"nhà khoa học, nhà nghiên cứu khoa học",Noun,Noun,B1,Teen,0,2,scientists,0
1407,2000,route,/ruːt/,"tuyến đường, lộ trình, đường đi",Noun,Noun|Verb,B1,Teen,0,2,routes,0
1408,2000,bind,/baɪnd/,"buộc, trói, gắn kết; ràng buộc",Verb,Verb|Noun,B1,Teen,0,3,binds binding,1
1409,2000,belong,/bɪˈlɔːŋ/,"thuộc về, thuộc quyền sở hữu của",Verb,Verb,B1,Teen,0,5,belongs belonged belonging belongings,0
1410,2000,taste,/teɪst/,"vị, mùi vị; khiếu thẩm mỹ, gu",Noun,Noun|Verb,B1,Teen,0,5,tastes tasted tasting tastings,1
1411,2000,tonight,/təˈnaɪt/,"tối nay, đêm nay",Adverb,Adverb|Noun,B1,Teen,0,1,,0
1412,2000,fashion,/ˈfæʃən/,"thời trang, mốt; cách thức, kiểu",Noun,Noun|Verb,B1,Teen,0,4,fashions fashioned fashioning,1
1413,2000,danger,/ˈdeɪndʒər/,"mối nguy hiểm, sự nguy hiểm, hiểm họa",Noun,Noun,B1,Teen,0,2,dangers,0
1414,2000,bomb,/bɑːm/,"quả bom, bom, thiết bị nổ",Noun,Noun|Verb,B1,Teen,0,5,bombs bombed bombing bombings,0
1415,2000,army,/ˈɑːrmi/,"quân đội, lục quân",Noun,Noun,B1,Teen,0,2,armies,0
1416,2000,dangerous,/ˈdeɪndʒərəs/,"nguy hiểm, hiểm nghèo",Adjective,Adjective,B1,Teen,0,1,,0
1417,2000,decrease,/dɪˈkriːs/,"giảm, giảm bớt, giảm sút",Verb,Verb|Noun,B1,Teen,0,4,decreases decreased decreasing,0
1418,2000,hurt,/hɜːrt/,"làm đau, làm bị thương, gây tổn thương",Verb,Noun|Verb,B1,Teen,0,3,hurts hurting,0
1419,2000,council,/ˈkaʊnsəl/,"hội đồng, ủy ban",Noun,Noun,B1,Teen,0,2,councils,0
1420,2000,editor,/ˈɛdətər/,"biên tập viên, chủ bút",Noun,Noun,B1,Teen,0,2,editors,0
1421,2000,normally,/ˈnɔːrməli/,"thông thường, bình thường",Adverb,Adverb,B1,Teen,0,1,,0
1422,2000,sight,/saɪt/,"thị lực, tầm nhìn; cảnh tượng",Noun,Noun|Verb,B1,Teen,0,5,sights sighted sighting sightings,1
1423,2000,generate,/ˈdʒɛnərˌeɪt/,"tạo ra, sinh ra, phát sinh",Verb,Verb,B1,Teen,0,4,generates generated generating,0
1424,2000,gift,/ɡɪft/,"món quà, tặng phẩm; năng khiếu",Noun,Noun|Verb,B1,Teen,0,4,gifts gifted gifting,1
1425,2000,delivery,/dɪˈlɪvəri/,"sự giao hàng, việc chuyển phát",Noun,Noun,B1,Teen,0,2,deliveries,0
1426,2000,deny,/dɪˈnaɪ/,"phủ nhận, chối, từ chối",Verb,Verb,B1,Teen,0,4,denies denied denying,0
1427,2000,guest,/ɡɛst/,"khách, khách mời",Noun,Noun,B1,Teen,0,2,guests,0
1428,2000,anybody,/ˈɛnibədi/,"bất cứ ai, người nào",Pronoun,Noun|Pronoun,B1,Grammar,1,1,,0
1429,2000,bedroom,/ˈbɛˌdruːm/,"phòng ngủ, buồng ngủ",Noun,Noun,B1,Teen,0,2,bedrooms,0
1430,2000,quote,/kwoʊt/,"trích dẫn, dẫn lời; báo giá",Verb,Noun|Verb,B1,Teen,0,4,quotes quoted quoting,1
1431,2000,climb,/klaɪm/,"leo, trèo, leo trèo",Verb,Noun|Verb,B1,Teen,0,4,climbs climbed climbing,0
1432,2000,basically,/ˈbeɪsɪkli/,"về cơ bản, nói chung",Adverb,Adverb,B1,Teen,0,1,,0
1433,2000,violence,/ˈvaɪələns/,"bạo lực, sự hung bạo",Noun,Noun,B1,Teen,0,1,,0
1434,2000,minister,/ˈmɪnəstər/,bộ trưởng; mục sư,Noun,Noun|Verb,B1,Teen,0,4,ministers ministered ministering,1
1435,2000,mainly,/ˈmeɪnli/,"chủ yếu, phần lớn",Adverb,Adverb,B1,Teen,0,1,,0
1436,2000,mouth,/maʊθ/,"miệng, mồm; cửa sông",Noun,Noun|Verb,B1,Teen,0,4,mouths mouthed mouthing,1
1437,2000,noise,/nɔɪz/,"tiếng ồn, tiếng động, tạp âm",Noun,Noun|Verb,B1,Teen,0,2,noises,0
1438,2000,manner,/ˈmænər/,"cách thức, lối, kiểu; thái độ",Noun,Noun,B1,Teen,0,3,manners mannered,1
1439,2000,gun,/ɡʌn/,"súng, khẩu súng",Noun,Noun|Verb,B1,Teen,0,4,guns gunned gunning,0
1440,2000,square,/skwɛr/,hình vuông; quảng trường,Noun,Adjective|Adverb|Noun|Verb,B1,Teen,0,6,squares squared squaring squarer squarest,1
1441,2000,occasion,/əˈkeɪʒən/,"dịp, cơ hội, trường hợp",Noun,Noun|Verb,B1,Teen,0,4,occasions occasioned occasioning,0
1442,2000,familiar,/fəˈmɪljər/,"quen thuộc, thân quen, quen biết",Adjective,Adjective|Noun,B1,Teen,0,2,familiars,0
1443,2000,ignore,/ˌɪɡˈnɔːr/,"phớt lờ, bỏ qua, làm ngơ",Verb,Verb,B1,Teen,0,4,ignores ignored ignoring,0
1444,2000,destroy,/dɪˈstrɔɪ/,"phá hủy, tiêu diệt, tàn phá",Verb,Verb,B1,Teen,0,4,destroys destroyed destroying,0
1445,2000,affair,/əˈfɛr/,"việc, công việc, vụ việc",Noun,Noun,B1,Teen,0,2,affairs,0
1446,2000,civil,/ˈsɪvəl/,"dân sự, thuộc công dân",Adjective,Adjective,B1,Teen,0,1,,0
1447,2000,locate,/ˈloʊˌkeɪt/,"xác định vị trí, tìm ra; đặt tại",Verb,Verb,B1,Teen,0,4,locates located locating,1
1448,2000,citizen,/ˈsɪtəzən/,"công dân, người dân",Noun,Noun,B1,Teen,0,2,citizens,0
1449,2000,temperature,/ˈtɛmprətʃər/,"nhiệt độ, thân nhiệt",Noun,Noun,B1,Teen,0,2,temperatures,0
1450,2000,gold,/ɡoʊld/,"vàng, kim loại vàng",Noun,Noun|Adjective,B1,Teen,0,1,,0
1451,2000,domestic,/dəˈmɛstɪk/,"trong nước, nội địa; thuộc gia đình",Adjective,Adjective|Noun,B1,Teen,0,2,domestics,1
1452,2000,load,/loʊd/,"tải trọng, gánh nặng, lô hàng",Noun,Noun|Verb,B1,Teen,0,4,loads loaded loading,0
1453,2000,belief,/bɪˈliːf/,"niềm tin, lòng tin, tín ngưỡng",Noun,Noun,B1,Teen,0,2,beliefs,0
1454,2000,troop,/truːp/,"quân lính, đoàn quân, đội quân",Noun,Noun|Verb,B1,Teen,0,2,troops,0
1455,2000,technical,/ˈtɛknɪkəl/,"kỹ thuật, thuộc chuyên môn",Adjective,Adjective,B1,Teen,0,1,,0
1456,2000,remind,/riˈmaɪnd/,"nhắc, nhắc nhở, gợi nhớ",Verb,Verb,B1,Teen,0,4,reminds reminded reminding,0
1457,2000,arrangement,/ərˈeɪndʒmənt/,"sự sắp xếp, sự thu xếp, cách bố trí",Noun,Noun,B1,Teen,0,2,arrangements,0
1458,2000,skin,/skɪn/,"da, làn da; vỏ ngoài",Noun,Noun|Verb,B1,Teen,0,4,skins skinned skinning,1
1459,2000,prison,/ˈprɪzən/,"nhà tù, nhà giam, trại giam",Noun,Noun|Verb,B1,Teen,0,2,prisons,0
1460,2000,switch,/swɪtʃ/,công tắc; sự chuyển đổi,Noun,Noun|Verb,B1,Teen,0,4,switches switched switching,1
1461,2000,acquire,/əˈkwaɪər/,"giành được, thu được, mua lại",Verb,Verb,B1,Teen,0,4,acquires acquired acquiring,0
1462,2000,corporate,/ˈkɔːrpərət/,"thuộc công ty, thuộc doanh nghiệp",Adjective,Adjective,B1,Teen,0,1,,0
1463,2000,fairly,/ˈfɛrli/,"khá, tương đối; một cách công bằng",Adverb,Adverb,B1,Teen,0,1,,1
1464,2000,wood,/wʊd/,"gỗ, chất gỗ; rừng cây, khu rừng nhỏ",Noun,Noun|Adjective|Verb,B1,Teen,0,3,woods wooded,1
1465,2000,participate,/pɑːrˈtɪsəˌpeɪt/,"tham gia, tham dự, góp phần",Verb,Verb,B1,Teen,0,4,participates participated participating,0
1466,2000,tough,/tʌf/,"khó khăn, gay go; dai, cứng rắn",Adjective,Adjective|Noun,B1,Teen,0,3,tougher toughest,1
1467,2000,tear,/tɛr/,"xé, xé rách, giật đứt",Verb,Noun|Verb,B1,Teen,0,4,tears tore tearing,0
1468,2000,representative,/ˌrɛprəˈzɛntətɪv/,"người đại diện, đại biểu",Noun,Adjective|Noun,B1,Teen,0,2,representatives,0
1469,2000,capacity,/kəˈpæsəti/,"sức chứa, dung lượng; năng lực",Noun,Noun,B1,Teen,0,2,capacities,1
1470,2000,border,/ˈbɔːrdər/,"biên giới, đường ranh giới, viền",Noun,Noun|Verb,B1,Teen,0,4,borders bordered bordering,0
1471,2000,shake,/ʃeɪk/,"lắc, rung, run, rung lắc",Verb,Noun|Verb,B1,Teen,0,5,shakes shook shaking shaken,0
1472,2000,assessment,/əˈsɛsmənt/,"sự đánh giá, việc thẩm định",Noun,Noun,B1,Teen,0,2,assessments,0
1473,2000,shoe,/ʃuː/,"giày, đôi giày, dép quai hậu",Noun,Noun|Verb,B1,Teen,0,4,shoes shoed shod,0
1474,2000,ought,/ɔːt/,"nên, phải, đáng lẽ nên",Auxiliary,Auxiliary|Verb|Noun,B1,Grammar,1,4,oughtn oughta outta,0
1475,2000,ad,/æd/,"quảng cáo, mẩu quảng cáo",Noun,Noun,B1,Teen,0,2,ads,0
1476,2000,fee,/fiː/,"lệ phí, phí, thù lao",Noun,Noun|Verb,B1,Teen,0,2,fees,0
1477,2000,hall,/hɔːl/,"đại sảnh, hội trường, hành lang",Noun,Noun,B1,Teen,0,2,halls,0
1478,2000,regulation,/ˌrɛɡjəˈleɪʃən/,"quy định, quy tắc, điều lệ",Noun,Noun,B1,Teen,0,2,regulations,0
1479,2000,escape,/ɪˈskeɪp/,"trốn thoát, chạy trốn, thoát khỏi",Verb,Noun|Verb,B1,Teen,0,4,escapes escaped escaping,0
1480,2000,studio,/ˈstuːdiˌoʊ/,"xưởng phim, phòng thu, xưởng vẽ",Noun,Noun,B1,Teen,0,2,studios,0
1481,2000,proper,/ˈprɑːpər/,"đúng đắn, thích hợp, thỏa đáng",Adjective,Adjective,B1,Teen,0,1,,0
1482,2000,relax,/rɪˈlæks/,"thư giãn, nghỉ ngơi; nới lỏng",Verb,Verb,B1,Teen,0,4,relaxes relaxed relaxing,1
1483,2000,tourist,/ˈtʊrəst/,"khách du lịch, du khách",Noun,Noun,B1,Teen,0,2,tourists,0
1484,2000,component,/kəmˈpoʊnənt/,"bộ phận, linh kiện, thành phần",Noun,Adjective|Noun,B1,Teen,0,2,components,0
1485,2000,afford,/əˈfɔːrd/,"đủ tiền mua, đủ khả năng chi trả",Verb,Verb,B1,Teen,0,4,affords afforded affording,0
1486,2000,lawyer,/ˈlɔːjər/,"luật sư, thầy cãi, người hành nghề luật",Noun,Noun,B1,Teen,0,2,lawyers,0
1487,2000,suspect,/səˈspɛkt/,"nghi ngờ, ngờ vực, hoài nghi",Verb,Adjective|Noun|Verb,B1,Teen,0,4,suspects suspected suspecting,0
1488,2000,cup,/kʌp/,"cái cốc, tách, chén; cúp",Noun,Noun|Verb,B1,Teen,0,4,cups cupped cupping,1
1489,2000,description,/dɪˈskrɪpʃən/,"sự mô tả, lời miêu tả, bản mô tả",Noun,Noun,B1,Teen,0,2,descriptions,0
1490,2000,confidence,/ˈkɑːnfədəns/,"sự tự tin, lòng tin, sự tin tưởng",Noun,Noun,B1,Teen,0,2,confidences,0
1491,2000,industrial,/ˌɪnˈdʌstriəl/,"thuộc công nghiệp, công nghiệp",Adjective,Adjective,B1,Teen,0,2,industrials,0
1492,2000,complain,/kəmˈpleɪn/,"phàn nàn, than phiền, khiếu nại",Verb,Verb,B1,Teen,0,4,complains complained complaining,0
1493,2000,perspective,/pərˈspɛktɪv/,"quan điểm, góc nhìn, cách nhìn nhận",Noun,Noun|Adjective,B1,Teen,0,2,perspectives,0
1494,2000,error,/ˈɛrər/,"lỗi, sai sót, sai lầm",Noun,Noun,B1,Teen,0,2,errors,0
1495,2000,arrest,/ərˈɛst/,"bắt giữ, bắt giam",Verb,Noun|Verb,B1,Teen,0,4,arrests arrested arresting,0
1496,2000,assess,/əˈsɛs/,"đánh giá, thẩm định, định giá",Verb,Verb,B1,Teen,0,4,assesses assessed assessing,0
1497,2000,register,/ˈrɛdʒɪstər/,"đăng ký, ghi danh, ghi vào sổ",Verb,Noun|Verb,B1,Teen,0,4,registers registered registering,0
1498,2000,asset,/ˈæˌsɛt/,"tài sản; điểm mạnh, ưu thế",Noun,Noun,B1,Teen,0,2,assets,1
1499,2000,signal,/ˈsɪɡnəl/,"tín hiệu, dấu hiệu",Noun,Noun|Adjective|Verb,B1,Teen,0,6,signals signaled signaling signalled signalling,0
1500,2000,finger,/ˈfɪŋɡər/,"ngón tay, đầu ngón tay",Noun,Noun|Verb,B1,Teen,0,4,fingers fingered fingering,0
1501,2000,relevant,/ˈrɛləvənt/,"liên quan, thích đáng, có ý nghĩa",Adjective,Adjective,B1,Teen,0,1,,0
1502,2000,explore,/ɪkˈsplɔːr/,"khám phá, thăm dò, tìm hiểu",Verb,Verb,B1,Teen,0,4,explores explored exploring,0
1503,2000,leadership,/ˈliːdərˌʃɪp/,"sự lãnh đạo, ban lãnh đạo, tài lãnh đạo",Noun,Noun,B1,Teen,0,2,leaderships,0
1504,2000,commitment,/kəˈmɪtmənt/,"sự cam kết, lời hứa, sự tận tâm",Noun,Noun,B1,Teen,0,2,commitments,0
1505,2000,wake,/weɪk/,"thức dậy, tỉnh giấc, đánh thức",Verb,Noun|Verb,B1,Teen,0,6,wakes woke waking woken waked,0
1506,2000,necessarily,/ˌnɛsəˈsɛrəli/,"nhất thiết, tất yếu",Adverb,Adverb,B1,Teen,0,1,,0
1507,2000,bright,/braɪt/,"sáng, rực rỡ; thông minh, sáng dạ",Adjective,Adjective|Adverb,B1,Teen,0,3,brighter brightest,1
1508,2000,frame,/freɪm/,"khung, khung hình, bộ khung",Noun,Noun|Verb,B1,Teen,0,4,frames framed framing,0
1509,2000,slowly,/ˈsloʊli/,"chậm rãi, một cách chậm chạp",Adverb,Adverb,B1,Teen,0,1,,0
1510,2000,bond,/bɑːnd/,"mối liên kết, sự gắn bó; trái phiếu",Noun,Noun|Verb,B1,Teen,0,4,bonds bonded bonding,1
1511,2000,hire,/ˈhaɪər/,"thuê, tuyển dụng, mướn",Verb,Noun|Verb,B1,Teen,0,4,hires hired hiring,0
1512,2000,hole,/hoʊl/,"cái lỗ, hố, lỗ hổng",Noun,Noun|Verb,B1,Teen,0,4,holes holed holing,0
1513,2000,tie,/taɪ/,"cà vạt; mối quan hệ, mối liên hệ",Noun,Noun|Verb,B1,Teen,0,4,ties tied tying,1
1514,2000,internal,/ˌɪnˈtɜːrnəl/,"bên trong, nội bộ, nội tại",Adjective,Adjective,B1,Teen,0,2,internals,0
1515,2000,chain,/tʃeɪn/,"dây xích, chuỗi; chuỗi cửa hàng",Noun,Noun|Verb,B1,Teen,0,4,chains chained chaining,1
1516,2000,literature,/ˈlɪtərətʃər/,"văn học, văn chương; tài liệu",Noun,Noun,B1,Teen,0,2,literatures,1
1517,2000,victim,/ˈvɪktəm/,"nạn nhân, người bị hại",Noun,Noun,B1,Teen,0,2,victims,0
1518,2000,threaten,/ˈθrɛtən/,"đe dọa, uy hiếp, dọa nạt",Verb,Verb,B1,Teen,0,4,threatens threatened threatening,0
1519,2000,division,/dɪˈvɪʒən/,"sự phân chia, bộ phận, phòng ban",Noun,Noun,B1,Teen,0,2,divisions,0
1520,2000,secure,/sɪˈkjʊr/,"bảo đảm, giành được; làm cho an toàn",Verb,Adjective|Verb,B1,Teen,0,4,secures secured securing,1
1521,2000,amaze,/əˈmeɪz/,"làm kinh ngạc, làm sửng sốt",Verb,Verb|Noun,B1,Teen,0,4,amazes amazed amazing,0
1522,2000,device,/dɪˈvaɪs/,"thiết bị, dụng cụ, máy móc",Noun,Noun,B1,Teen,0,2,devices,0
1523,2000,birth,/bɜːrθ/,"sự ra đời, sự sinh nở, sự khai sinh",Noun,Noun,B1,Teen,0,4,births birthed birthing,0
1524,2000,forest,/ˈfɔːrəst/,"rừng, khu rừng, rừng cây",Noun,Noun|Verb,B1,Teen,0,4,forests forested foresting,0
1525,2000,label,/ˈleɪbəl/,"nhãn, mác, nhãn hiệu",Noun,Noun|Verb,B1,Teen,0,6,labels labeled labeling labelled labelling,0
1526,2000,root,/ruːt/,"rễ cây; nguồn gốc, gốc rễ",Noun,Noun|Verb,B1,Teen,0,4,roots rooted rooting,1
1527,2000,factory,/ˈfæktəri/,"nhà máy, xưởng sản xuất",Noun,Noun,B1,Teen,0,2,factories,0
1528,2000,expense,/ɪkˈspɛns/,"chi phí, khoản chi, phí tổn",Noun,Noun,B1,Teen,0,4,expenses expensed expensing,0
1529,2000,channel,/ˈtʃænəl/,"kênh, kênh truyền hình; eo biển",Noun,Noun|Verb,B1,Teen,0,6,channels channeled channelled channelling channeling,1
1530,2000,investigate,/ˌɪnˈvɛstəˌɡeɪt/,"điều tra, nghiên cứu, xem xét",Verb,Verb,B1,Teen,0,4,investigates investigated investigating,0
1531,2000,recommendation,/ˌrɛkəmənˈdeɪʃən/,"lời khuyến nghị, sự giới thiệu, đề xuất",Noun,Noun,B1,Teen,0,2,recommendations,0
1532,2000,rank,/ræŋk/,"cấp bậc, thứ hạng, địa vị",Noun,Noun|Verb|Adjective,B1,Teen,0,5,ranks ranked ranking rankings,0
1533,2000,typical,/ˈtɪpəkəl/,"điển hình, tiêu biểu, đặc trưng",Adjective,Adjective,B1,Teen,0,1,,0
1534,2000,west,/wɛst/,"phía tây, hướng tây",Noun,Noun|Adjective|Adverb,B1,Teen,0,1,,0
1535,2000,friendly,/ˈfrɛndli/,"thân thiện, thân mật, hòa nhã",Adjective,Adjective,B1,Teen,0,3,friendlier friendliest,0
1536,2000,resident,/ˈrɛzɪdənt/,"cư dân, người dân địa phương",Noun,Adjective|Noun,B1,Teen,0,2,residents,0
1537,2000,provision,/prəˈvɪʒən/,"điều khoản; sự cung cấp, việc chu cấp",Noun,Noun|Verb,B1,Teen,0,4,provisions provisioned provisioning,1
1538,2000,concentrate,/ˈkɑːnsənˌtreɪt/,"tập trung, chú tâm; cô đặc",Verb,Verb|Adjective,B1,Teen,0,4,concentrates concentrated concentrating,1
1539,2000,plenty,/ˈplɛnti/,"sự dồi dào, số lượng lớn",Noun,Noun|Adverb,B1,Teen,0,1,,0
1540,2000,export,/ˈɛkspɔːrt/,"xuất khẩu, đưa hàng ra nước ngoài",Verb,Verb|Noun,B1,Teen,0,4,exports exported exporting,0
1541,2000,entirely,/ɪnˈtaɪərli/,"hoàn toàn, toàn bộ",Adverb,Adverb,B1,Teen,0,1,,0
1542,2000,strongly,/ˈstrɔːŋli/,"mạnh mẽ, kiên quyết, quyết liệt",Adverb,Adverb,B1,Teen,0,1,,0
1543,2000,bridge,/brɪdʒ/,"cây cầu, cầu, chiếc cầu",Noun,Noun|Verb,B1,Teen,0,4,bridges bridged bridging,0
1544,2000,consist,/kənˈsɪst/,"gồm có, bao gồm, cấu thành từ",Verb,Verb,B1,Teen,0,4,consists consisted consisting,0
1545,2000,graduate,/ˈɡrædʒəwət/,"tốt nghiệp, ra trường",Verb,Noun|Verb,B1,Teen,0,4,graduates graduated graduating,0
1546,2000,brand,/brænd/,"thương hiệu, nhãn hiệu",Noun,Noun|Verb,B1,Teen,0,4,brands branded branding,0
1547,2000,moral,/ˈmɔːrəl/,"đạo đức, thuộc luân lý",Adjective,Adjective|Noun,B1,Teen,0,2,morals,0
1548,2000,insist,/ˌɪnˈsɪst/,"khăng khăng, nài nỉ, nhất quyết",Verb,Verb,B1,Teen,0,4,insists insisted insisting,0
1549,2000,combination,/ˌkɑːmbəˈneɪʃən/,"sự kết hợp, sự phối hợp, tổ hợp",Noun,Noun,B1,Teen,0,2,combinations,0
1550,2000,abuse,/əˈbjuːs/,"sự lạm dụng, sự ngược đãi, sự bạo hành",Noun,Noun|Verb,B1,Teen,0,4,abuses abused abusing,0
1551,2000,ice,/aɪs/,"nước đá, băng, đá lạnh",Noun,Noun|Verb,B1,Teen,0,3,ices iced,0
1552,2000,principal,/ˈprɪnsəpəl/,"chính, chủ yếu, quan trọng nhất",Adjective,Adjective|Noun,B1,Teen,0,2,principals,0
1553,2000,master,/ˈmæstər/,"chủ nhân, ông chủ; bậc thầy",Noun,Noun|Adjective|Verb,B1,Teen,0,4,masters mastered mastering,1
1554,2000,definitely,/ˈdɛfənətli/,"chắc chắn, dứt khoát, nhất định",Adverb,Adverb,B1,Teen,0,1,,0
1555,2000,session,/ˈsɛʃən/,"buổi, phiên, kỳ họp",Noun,Noun,B1,Teen,0,2,sessions,0
1556,2000,grade,/ɡreɪd/,"điểm số, hạng, cấp lớp",Noun,Noun|Verb,B1,Teen,0,4,grades graded grading,0
1557,2000,nevertheless,/ˌnɛvərðəˈlɛs/,"tuy nhiên, dù vậy, mặc dù thế",Adverb,Adverb,B1,Teen,0,1,,0
1558,2000,predict,/prɪˈdɪkt/,"dự đoán, tiên đoán, dự báo",Verb,Verb,B1,Teen,0,4,predicts predicted predicting,0
1559,2000,previously,/ˈpriːviəsli/,"trước đây, trước đó",Adverb,Adverb,B1,Teen,0,1,,0
1560,2000,protection,/prəˈtɛkʃən/,"sự bảo vệ, sự che chở",Noun,Noun,B1,Teen,0,2,protections,0
1561,2000,largely,/ˈlɑːrdʒli/,"phần lớn, chủ yếu",Adverb,Adverb,B1,Teen,0,1,,0
1562,2000,wed,/wɛd/,"kết hôn, cưới, thành hôn",Verb,Verb,B1,Teen,0,5,weds wedded wedding weddings,0
1563,2000,rent,/rɛnt/,"thuê, cho thuê, mướn",Verb,Noun|Verb,B1,Teen,0,4,rents rented renting,0
1564,2000,shot,/ʃɑːt/,phát súng; cú sút; bức ảnh,Noun,Noun|Verb|Adjective,B1,Teen,0,2,shots,1
1565,2000,appearance,/əˈpɪrəns/,"vẻ bề ngoài, ngoại hình; sự xuất hiện",Noun,Noun,B1,Teen,0,2,appearances,1
1566,2000,reasonable,/ˈriːzənəbəl/,"hợp lý, phải chăng, có lý",Adjective,Adjective,B1,Teen,0,1,,0
1567,2000,guarantee,/ˌɡɛrənˈtiː/,"sự bảo đảm, giấy bảo hành, cam kết",Noun,Noun|Verb,B1,Teen,0,6,guarantees guaranteed guaranteeing guaranty guaranties,0
1568,2000,till,/tɪl/,"cho đến, cho tới khi",Preposition,Noun|Verb|Preposition|Conjunction,B1,Grammar,1,4,tills tilled tilling,0
1569,2000,theme,/θiːm/,"chủ đề, đề tài, chủ điểm",Noun,Noun,B1,Teen,0,3,themes themed,0
1570,2000,judgment,/ˈdʒʌdʒmənt/,"sự phán xét, nhận định; phán quyết",Noun,Noun,B1,Teen,0,2,judgments,1
1571,2000,odd,/ɑːd/,"kỳ lạ, kỳ quặc; lẻ",Adjective,Noun|Adjective,B1,Teen,0,3,odder oddest,1
1572,2000,approve,/əˈpruːv/,"phê duyệt, chấp thuận, tán thành",Verb,Verb,B1,Teen,0,4,approves approved approving,0
1573,2000,loan,/loʊn/,"khoản vay, tiền cho vay",Noun,Noun|Verb,B1,Teen,0,4,loans loaned loaning,0
1574,2000,definition,/ˌdɛfəˈnɪʃən/,định nghĩa; độ nét,Noun,Noun,B1,Teen,0,2,definitions,1
1575,2000,elect,/ɪˈlɛkt/,"bầu, bầu cử, chọn ra",Verb,Adjective|Verb,B1,Teen,0,4,elects elected electing,0
1576,2000,atmosphere,/ˈætməˌsfɪr/,bầu không khí; khí quyển,Noun,Noun,B1,Teen,0,2,atmospheres,1
1577,2000,farmer,/ˈfɑːrmər/,"nông dân, người làm ruộng",Noun,Noun,B1,Teen,0,2,farmers,0
1578,2000,comparison,/kəmˈpɛrəsən/,"sự so sánh, sự đối chiếu",Noun,Noun,B1,Teen,0,2,comparisons,0
1579,2000,characteristic,/ˌkɛrəktərˈɪstɪk/,"đặc điểm, đặc tính, nét đặc trưng",Noun,Adjective|Noun,B1,Teen,0,2,characteristics,0
1580,2000,license,/ˈlaɪsəns/,"giấy phép, bằng, chứng chỉ",Noun,Verb|Noun,B1,Teen,0,8,licenses licensed licensing licence licences licenced licencing,0
1581,2000,rely,/rɪˈlaɪ/,"dựa vào, tin cậy vào, trông cậy",Verb,Verb,B1,Teen,0,4,relies relied relying,0
1582,2000,narrow,/ˈnɛroʊ/,"hẹp, chật; sít sao",Adjective,Adjective|Noun|Verb,B1,Teen,0,6,narrows narrowed narrowing narrower narrowest,1
1583,2000,succeed,/səkˈsiːd/,"thành công; kế nhiệm, nối nghiệp",Verb,Verb,B1,Teen,0,4,succeeds succeeded succeeding,1
1584,2000,identity,/aɪˈdɛntɪˌtiː/,"danh tính, nhân thân, bản sắc",Noun,Noun,B1,Teen,0,2,identities,0
1585,2000,desk,/dɛsk/,"bàn làm việc, bàn học, quầy",Noun,Noun,B1,Teen,0,2,desks,0
1586,2000,permit,/pərˈmɪt/,"cho phép, chấp thuận",Verb,Noun|Verb,B1,Teen,0,4,permits permitted permitting,0
1587,2000,seriously,/ˈsɪriəsli/,"nghiêm túc, nghiêm trọng, một cách trầm trọng",Adverb,Adverb,B1,Teen,0,1,,0
1588,2000,wild,/waɪld/,"hoang dã, hoang dại; điên cuồng",Adjective,Adjective|Adverb|Noun,B1,Teen,0,4,wilder wildest wilds,1
1589,2000,empty,/ˈɛmpti/,"trống, rỗng, trống rỗng",Adjective,Adjective|Noun|Verb,B1,Teen,0,6,empties emptied emptying emptier emptiest,0
1590,2000,commission,/kəˈmɪʃən/,ủy ban; tiền hoa hồng,Noun,Noun|Verb,B1,Teen,0,4,commissions commissioned commissioning,1
1591,2000,unique,/juˈniːk/,"độc đáo, duy nhất, riêng biệt",Adjective,Adjective|Noun,B1,Teen,0,1,,0
1592,2000,association,/əˌsoʊsiˈeɪʃən/,"hiệp hội, hội; sự liên kết",Noun,Noun,B1,Teen,0,2,associations,1
1593,2000,instrument,/ˈɪnstrəmənt/,"nhạc cụ; dụng cụ, thiết bị",Noun,Noun|Verb,B1,Teen,0,3,instruments instrumented,1
1594,2000,investor,/ˌɪnˈvɛstər/,"nhà đầu tư, người bỏ vốn",Noun,Noun,B1,Teen,0,2,investors,0
1595,2000,practical,/ˈpræktəkəl/,"thực tế, thực tiễn, thiết thực",Adjective,Adjective,B1,Teen,0,1,,0
1596,2000,tea,/tiː/,"trà, chè, nước trà",Noun,Noun|Verb,B1,Teen,0,2,teas,0
1597,2000,lovely,/ˈlʌvli/,"đáng yêu, dễ thương, đẹp đẽ",Adjective,Adjective|Noun,B1,Teen,0,3,lovelier loveliest,0
1598,2000,soft,/sɑːft/,"mềm, êm, dịu nhẹ",Adjective,Adjective|Noun|Adverb|Interjection,B1,Teen,0,3,softer softest,0
1599,2000,row,/roʊ/,"hàng, dãy, hàng ghế",Noun,Noun|Verb,B1,Teen,0,4,rows rowed rowing,0
1600,2000,youth,/juːθ/,"tuổi trẻ, thanh niên, giới trẻ",Noun,Noun,B1,Teen,0,2,youths,0
1601,2000,lock,/lɑːk/,"khóa, khóa lại, cài then",Verb,Noun|Verb,B1,Teen,0,4,locks locked locking,0
1602,2000,fuel,/ˈfjuːəl/,"nhiên liệu, chất đốt",Noun,Noun|Verb,B1,Teen,0,4,fuels fueled fueling,0
1603,2000,expectation,/ˌɛkspɛkˈteɪʃən/,"sự mong đợi, kỳ vọng, sự trông chờ",Noun,Noun,B1,Teen,0,2,expectations,0
1604,2000,employment,/ɛmˈplɔɪmənt/,"việc làm, sự tuyển dụng, công ăn việc làm",Noun,Noun,B1,Teen,0,2,employments,0
1605,2000,celebrate,/ˈsɛləˌbreɪt/,"kỷ niệm, ăn mừng, tổ chức mừng",Verb,Verb,B1,Teen,0,4,celebrates celebrated celebrating,0
1606,2000,sexual,/ˈsɛkʃuəl/,"thuộc giới tính, thuộc tình dục",Adjective,Adjective,B1,Teen,0,1,,0
1607,2000,shoulder,/ˈʃoʊldər/,"vai, bờ vai, đôi vai",Noun,Noun|Verb,B1,Teen,0,3,shoulders shouldered,0
1608,2000,breath,/brɛθ/,"hơi thở, nhịp thở",Noun,Noun,B1,Teen,0,2,breaths,0
1609,2000,increasingly,/ɪnˈkriːsɪŋli/,"ngày càng, ngày một nhiều",Adverb,Adverb|Noun|Verb,B1,Teen,0,1,,0
1610,2000,import,/ˌɪmˈpɔːrt/,"nhập khẩu, đưa hàng từ nước ngoài về",Verb,Noun|Verb,B1,Teen,0,4,imports imported importing,0
1611,2000,bottle,/ˈbɑːtəl/,"cái chai, bình, lọ",Noun,Noun|Verb,B1,Teen,0,4,bottles bottled bottling,0
1612,2000,ourselves,/aʊərˈsɛlvz/,"chính chúng tôi, bản thân chúng ta",Pronoun,Pronoun,B1,Grammar,1,1,,0
1613,2000,sheet,/ʃiːt/,"tờ giấy, tấm; ga trải giường",Noun,Noun|Verb,B1,Teen,0,4,sheets sheeted sheeting,1
1614,2000,engine,/ˈɛndʒən/,"động cơ, máy; đầu máy",Noun,Noun|Verb,B1,Teen,0,2,engines,1
1615,2000,cast,/kæst/,"quăng, ném, gieo; phân vai",Verb,Noun|Verb,B1,Teen,0,5,casts casted casting castings,1
1616,2000,notion,/ˈnoʊʃən/,"khái niệm, quan niệm, ý niệm",Noun,Noun,B1,Teen,0,2,notions,0
1617,2000,conservative,/kənˈsɜːrvətɪv/,"bảo thủ, thủ cựu; dè dặt",Adjective,Adjective|Noun,B1,Teen,0,2,conservatives,1
1618,2000,journey,/ˈdʒɜːrni/,"cuộc hành trình, chuyến đi",Noun,Noun|Verb,B1,Teen,0,4,journeys journeyed journeying,0
1619,2000,opposition,/ˌɑːpəˈzɪʃən/,"sự phản đối, sự chống đối; phe đối lập",Noun,Noun,B1,Teen,0,2,oppositions,1
1620,2000,relief,/rɪˈliːf/,sự nhẹ nhõm; sự cứu trợ,Noun,Noun,B1,Teen,0,2,reliefs,1
1621,2000,debt,/dɛt/,"món nợ, khoản nợ, công nợ",Noun,Noun,B1,Teen,0,2,debts,0
1622,2000,honor,/ˈɑːnər/,"danh dự, vinh dự, niềm vinh hạnh",Noun,Noun,B1,Teen,0,8,honors honored honoring honour honours honoured honouring,0
1623,2000,outcome,/ˈaʊtˌkʌm/,"kết quả, kết cục, hệ quả",Noun,Noun,B1,Teen,0,2,outcomes,0
1624,2000,blame,/bleɪm/,"đổ lỗi, quy trách nhiệm, trách móc",Verb,Verb|Noun,B1,Teen,0,4,blames blamed blaming,0
1625,2000,explanation,/ˌɛkspləˈneɪʃən/,"lời giải thích, sự giải thích, lời lý giải",Noun,Noun,B1,Teen,0,2,explanations,0
1626,2000,arise,/ərˈaɪz/,"nảy sinh, phát sinh, xuất hiện",Verb,Verb,B1,Teen,0,5,arises arose arising arisen,0
1627,2000,musical,/ˈmjuːzɪkəl/,"thuộc âm nhạc, du dương",Adjective,Adjective,B1,Teen,0,2,musicals,0
1628,2000,recover,/rɪˈkʌvər/,"hồi phục, bình phục; lấy lại, thu hồi",Verb,Verb|Noun,B1,Teen,0,4,recovers recovered recovering,1
1629,2000,dad,/dæd/,"bố, cha, ba, thầy",Noun,Noun,B1,Teen,0,4,dads daddy daddies,0
1630,2000,stretch,/strɛtʃ/,"kéo dãn, duỗi ra, căng ra",Verb,Noun|Verb,B1,Teen,0,4,stretches stretched stretching,0
1631,2000,declare,/dɪˈklɛr/,"tuyên bố, công bố, khai báo",Verb,Verb,B1,Teen,0,4,declares declared declaring,0
1632,2000,retire,/rɪˈtaɪr/,"nghỉ hưu, về hưu",Verb,Verb|Noun,B1,Teen,0,4,retires retired retiring,0
1633,2000,tiny,/ˈtaɪni/,"tí hon, bé xíu, nhỏ xíu",Adjective,Adjective,B1,Teen,0,3,tinier tiniest,0
1634,2000,careful,/ˈkɛrfəl/,"cẩn thận, thận trọng, kỹ lưỡng",Adjective,Adjective,B1,Teen,0,1,,0
1635,2000,suitable,/ˈsuːtəbəl/,"phù hợp, thích hợp, thích đáng",Adjective,Adjective,B1,Teen,0,1,,0
1636,2000,native,/ˈneɪtɪv/,"bản xứ, bản địa, thuộc quê hương",Adjective,Adjective|Noun,B1,Teen,0,2,natives,0
1637,2000,fruit,/fruːt/,"trái cây, quả, hoa quả",Noun,Noun|Verb,B1,Teen,0,4,fruits fruited fruiting,0
1638,2000,analyze,/ˈænəˌlaɪz/,"phân tích, mổ xẻ",Verb,Verb,B1,Teen,0,7,analyzes analyzed analyzing analyse analysed analysing,0
1639,2000,witness,/ˈwɪtnəs/,"nhân chứng, người chứng kiến",Noun,Noun|Verb,B1,Teen,0,4,witnesses witnessed witnessing,0
1640,2000,mail,/meɪl/,"thư từ, bưu phẩm",Noun,Noun|Verb,B1,Teen,0,5,mails mailed mailing mailings,0
1641,2000,terrible,/ˈtɛrəbəl/,"khủng khiếp, tồi tệ, kinh khủng",Adjective,Adjective,B1,Teen,0,1,,0
1642,2000,researcher,/ˈriːsərtʃər/,"nhà nghiên cứu, người làm nghiên cứu",Noun,Noun,B1,Teen,0,2,researchers,0
1643,2000,ordinary,/ˈɔːrdəˌnɛri/,"bình thường, thông thường, tầm thường",Adjective,Adjective|Noun,B1,Teen,0,1,,0
1644,2000,selection,/səˈlɛkʃən/,"sự lựa chọn, sự tuyển chọn, tuyển tập",Noun,Noun,B1,Teen,0,2,selections,0
1645,2000,anywhere,/ˈɛniˌwɛr/,"bất cứ đâu, ở đâu đó",Adverb,Adverb,B1,Teen,0,1,,0
1646,2000,mental,/ˈmɛntəl/,"thuộc tinh thần, thuộc trí óc, tâm thần",Adjective,Adjective|Noun,B1,Teen,0,1,,0
1647,2000,participant,/pɑːrˈtɪsəpənt/,"người tham gia, người dự",Noun,Noun|Adjective,B1,Teen,0,2,participants,0
1648,2000,vision,/ˈvɪʒən/,"tầm nhìn, thị lực; viễn cảnh",Noun,Noun|Verb,B1,Teen,0,2,visions,1
1649,2000,personality,/ˌpɜːrsəˈnælɪti/,"tính cách, cá tính, nhân cách",Noun,Noun,B1,Teen,0,2,personalities,0
1650,2000,specifically,/spəˈsɪfɪkli/,"cụ thể, một cách riêng biệt, nói rõ hơn",Adverb,Adverb,B1,Teen,0,1,,0
1651,2000,fat,/fæt/,"béo, mập, mập mạp",Adjective,Adjective,B1,Teen,0,4,fats fatter fattest,0
1652,2000,entry,/ˈɛntri/,"sự đi vào, lối vào; mục ghi",Noun,Noun,B1,Teen,0,2,entries,1
1653,2000,fellow,/ˈfɛloʊ/,"người bạn, gã, đồng nghiệp",Noun,Noun,B1,Teen,0,2,fellows,0
1654,2000,chemical,/ˈkɛməkəl/,"thuộc hóa học, hóa chất",Adjective,Adjective,B1,Teen,0,2,chemicals,0
1655,2000,capture,/ˈkæptʃər/,"bắt được, chiếm được; ghi lại",Verb,Noun|Verb,B1,Teen,0,4,captures captured capturing,1
1656,2000,tip,/tɪp/,"đầu, chóp, mũi; tiền boa; lời mách nước",Noun,Noun|Verb,B1,Teen,0,4,tips tipped tipping,1
1657,2000,discount,/dɪˈskaʊnt/,"sự giảm giá, chiết khấu",Noun,Noun|Verb,B1,Teen,0,4,discounts discounted discounting,0
1658,2000,peak,/piːk/,"đỉnh, đỉnh cao, cao điểm",Noun,Noun|Verb,B1,Teen,0,4,peaks peaked peaking,0
1659,2000,chairman,/ˈtʃɛrmən/,"chủ tịch, người chủ trì",Noun,Noun,B1,Teen,0,2,chairmen,0
1660,2000,proportion,/prəˈpɔːrʃən/,"tỷ lệ, phần, sự cân đối",Noun,Noun|Verb,B1,Teen,0,4,proportions proportioned proportioning,0
1661,2000,ear,/iːr/,"tai, lỗ tai, đôi tai",Noun,Noun|Verb,B1,Teen,0,3,ears eared,0
1662,2000,disappear,/ˌdɪsəˈpɪr/,"biến mất, mất tích, tan biến",Verb,Verb,B1,Teen,0,4,disappears disappeared disappearing,0
1663,2000,shout,/ʃaʊt/,"hét, la, quát to",Verb,Noun|Verb,B1,Teen,0,4,shouts shouted shouting,0
1664,2000,yard,/jɑːrd/,"sân, khoảng sân; thước Anh",Noun,Noun|Verb,B1,Teen,0,2,yards,1
1665,2000,constant,/ˈkɑːnstənt/,"liên tục, không đổi, thường xuyên",Adjective,Adjective,B1,Teen,0,2,constants,0
1666,2000,significantly,/sɪɡˈnɪfɪkəntli/,"đáng kể, một cách rõ rệt",Adverb,Adverb,B1,Teen,0,1,,0
1667,2000,hill,/hɪl/,"đồi, ngọn đồi, gò",Noun,Noun|Verb,B1,Teen,0,4,hills hilled hilling,0
1668,2000,considerable,/kənˈsɪdərəbəl/,"đáng kể, khá lớn, quan trọng",Adjective,Adjective|Noun,B1,Teen,0,1,,0
1669,2000,instruction,/ˌɪnˈstrʌkʃən/,"hướng dẫn, chỉ dẫn, chỉ thị",Noun,Noun,B1,Teen,0,2,instructions,0
1670,2000,intelligence,/ˌɪnˈtɛlədʒəns/,"trí thông minh, trí tuệ; tình báo",Noun,Noun,B1,Teen,0,2,intelligences,1
1671,2000,ideal,/aɪˈdiːl/,"lý tưởng, hoàn hảo",Adjective,Adjective|Noun,B1,Teen,0,2,ideals,0
1672,2000,folk,/foʊk/,"người ta, mọi người; dân gian",Noun,Noun,B1,Teen,0,2,folks,1
1673,2000,surely,/ˈʃʊrli/,"chắc chắn, hẳn là, nhất định",Adverb,Adverb,B1,Teen,0,1,,0
1674,2000,guard,/ɡɑːrd/,"người bảo vệ, lính gác, vệ sĩ",Noun,Noun|Verb,B1,Teen,0,4,guards guarded guarding,0
1675,2000,cat,/kæt/,"con mèo, mèo, loài mèo",Noun,Noun|Verb,B1,Teen,0,2,cats,0
1676,2000,somewhat,/ˈsʌmˈwʌt/,"hơi, phần nào, khá",Adverb,Adverb,B1,Teen,0,1,,0
1677,2000,kiss,/kɪs/,"hôn, hôn lên, thơm",Verb,Noun|Verb,B1,Teen,0,4,kisses kissed kissing,0
1678,2000,presentation,/ˌprɛzənˈteɪʃən/,"bài thuyết trình, sự trình bày",Noun,Noun,B1,Teen,0,2,presentations,0
1679,2000,joint,/dʒɔɪnt/,"chung, liên kết, phối hợp",Adjective,Noun|Adjective|Verb,B1,Teen,0,4,joints jointed jointing,0
1680,2000,compete,/kəmˈpiːt/,"cạnh tranh, thi đấu, ganh đua",Verb,Verb,B1,Teen,0,4,competes competed competing,0
1681,2000,poll,/poʊl/,"cuộc thăm dò ý kiến, cuộc bỏ phiếu",Noun,Noun|Verb|Adjective,B1,Teen,0,4,polls polled polling,0
1682,2000,weak,/wiːk/,"yếu, yếu ớt, non kém",Adjective,Adjective,B1,Teen,0,3,weaker weakest,0
1683,2000,faith,/feɪθ/,"niềm tin, đức tin, lòng tin",Noun,Noun,B1,Teen,0,2,faiths,0
1684,2000,reduction,/rəˈdʌkʃən/,"sự giảm bớt, mức giảm, sự cắt giảm",Noun,Noun,B1,Teen,0,2,reductions,0
1685,2000,reserve,/rɪˈzɜːrv/,"đặt trước, giữ chỗ; dự trữ",Verb,Noun|Verb,B1,Teen,0,4,reserves reserved reserving,1
1686,2000,complaint,/kəmˈpleɪnt/,"lời phàn nàn, đơn khiếu nại",Noun,Noun,B1,Teen,0,2,complaints,0
1687,2000,bore,/bɔːr/,"làm chán, gây nhàm chán",Verb,Noun|Verb,B1,Teen,0,4,bores bored boring,0
1688,2000,mission,/ˈmɪʃən/,"nhiệm vụ, sứ mệnh, phái đoàn",Noun,Noun,B1,Teen,0,2,missions,0
1689,2000,somehow,/ˈsʌmˌhaʊ/,"bằng cách nào đó, không hiểu sao",Adverb,Adverb,B1,Teen,0,1,,0
1690,2000,tone,/toʊn/,"giọng điệu, âm điệu, sắc thái",Noun,Noun|Verb,B1,Teen,0,4,tones toned toning,0
1691,2000,neighborhood,/ˈneɪbərˌhʊd/,"khu phố, khu dân cư, vùng lân cận",Noun,Noun,B1,Teen,0,4,neighborhoods neighbourhood neighbourhoods,0
1692,2000,passenger,/ˈpæsəndʒər/,"hành khách, khách đi xe",Noun,Noun,B1,Teen,0,2,passengers,0
1693,2000,justice,/ˈdʒʌstəs/,"công lý, sự công bằng; thẩm phán",Noun,Noun,B1,Teen,0,2,justices,1
1694,2000,phase,/feɪz/,"giai đoạn, thời kỳ, pha",Noun,Noun|Verb,B1,Teen,0,4,phases phased phasing,0
1695,2000,thin,/θɪn/,"mỏng, gầy, mảnh",Adjective,Adjective|Verb,B1,Teen,0,6,thins thinned thinning thinner thinnest,0
1696,2000,rush,/rʌʃ/,"vội vã, lao tới, hối hả",Verb,Noun|Verb,B1,Teen,0,4,rushes rushed rushing,0
1697,2000,formal,/ˈfɔːrməl/,"trang trọng, chính thức, nghi thức",Adjective,Adjective,B1,Teen,0,2,formals,0
1698,2000,religion,/rɪˈlɪdʒən/,"tôn giáo, đạo, tín ngưỡng",Noun,Noun,B1,Teen,0,2,religions,0
1699,2000,employer,/ɛmˈplɔɪər/,"người sử dụng lao động, chủ lao động",Noun,Noun,B1,Teen,0,2,employers,0
1700,2000,reject,/rɪˈdʒɛkt/,"từ chối, bác bỏ, loại bỏ",Verb,Noun|Verb,B1,Teen,0,4,rejects rejected rejecting,0
1701,2000,latter,/ˈlætər/,"sau, cái sau, người sau",Adjective,Adjective,B1,Teen,0,1,,0
1702,2000,plate,/pleɪt/,"cái đĩa, tấm kim loại; biển số",Noun,Noun|Verb,B1,Teen,0,4,plates plated plating,1
1703,2000,ban,/bæn/,"cấm, ngăn cấm, cấm chỉ",Verb,Verb,B1,Teen,0,4,bans banned banning,0
1704,2000,steal,/stiːl/,"ăn cắp, đánh cắp, trộm",Verb,Verb,B1,Teen,0,5,steals stole stealing stolen,0
1705,2000,protest,/ˈproʊˌtɛst/,"phản đối, biểu tình, kháng nghị",Verb,Noun|Verb,B1,Teen,0,4,protests protested protesting,0
1706,2000,index,/ˈɪndɛks/,"chỉ số; mục lục, bảng tra",Noun,Noun|Verb,B1,Teen,0,5,indexes indexed indexing indices,1
1707,2000,sad,/sæd/,"buồn, buồn bã, đáng buồn",Adjective,Adjective,B1,Teen,0,3,sadder saddest,0
1708,2000,frequently,/ˈfriːkwəntli/,"thường xuyên, hay, luôn luôn",Adverb,Adverb,B1,Teen,0,1,,0
1709,2000,circle,/ˈsɜːrkəl/,"vòng tròn, hình tròn; giới, nhóm",Noun,Noun|Verb,B1,Teen,0,4,circles circled circling,1
1710,2000,helpful,/ˈhɛlpfəl/,"hữu ích, có ích, sẵn lòng giúp đỡ",Adjective,Adjective,B1,Teen,0,1,,0
1711,2000,command,/kəˈmænd/,"mệnh lệnh, lệnh; quyền chỉ huy",Noun,Noun|Verb,B1,Teen,0,4,commands commanded commanding,1
1712,2000,attractive,/əˈtræktɪv/,"hấp dẫn, thu hút, quyến rũ",Adjective,Adjective,B1,Teen,0,1,,0
1713,2000,sick,/sɪk/,"ốm, bệnh, buồn nôn",Adjective,Adjective|Verb,B1,Teen,0,3,sicker sickest,0
1714,2000,impression,/ˌɪmˈprɛʃən/,"ấn tượng, cảm tưởng",Noun,Noun,B1,Teen,0,2,impressions,0
1715,2000,unable,/əˈneɪbəl/,"không thể, không có khả năng",Adjective,Adjective,B1,Teen,0,1,,0
1716,2000,joke,/dʒoʊk/,"trò đùa, câu chuyện cười, lời nói đùa",Noun,Noun|Verb,B1,Teen,0,4,jokes joked joking,0
1717,2000,sky,/skaɪ/,"bầu trời, trời, không trung",Noun,Noun|Verb,B1,Teen,0,2,skies,0
1718,2000,column,/ˈkɑːləm/,"cột, cột báo, chuyên mục",Noun,Noun,B1,Teen,0,3,columns columned,0
1719,2000,electronic,/ˌɪˌlɛkˈtrɑːnɪk/,"điện tử, thuộc điện tử",Adjective,Adjective,B1,Teen,0,2,electronics,0
1720,2000,impose,/ˌɪmˈpoʊz/,"áp đặt, đánh thuế, bắt phải chịu",Verb,Verb,B1,Teen,0,4,imposes imposed imposing,0
1721,2000,criminal,/ˈkrɪmənəl/,"tội phạm, kẻ phạm tội",Noun,Adjective|Noun,B1,Teen,0,2,criminals,0
1722,2000,besides,/bɪˈsaɪdz/,"ngoài ra, bên cạnh, ngoài ... ra",Preposition,Adverb|Preposition,B1,Grammar,1,1,,0
1723,2000,properly,/ˈprɑːpərli/,"đúng cách, một cách thích đáng",Adverb,Adverb,B1,Teen,0,1,,0
1724,2000,ancient,/ˈeɪntʃənt/,"cổ đại, cổ xưa, xa xưa",Adjective,Adjective|Noun,B1,Teen,0,2,ancients,0
1725,2000,coast,/koʊst/,"bờ biển, vùng ven biển",Noun,Noun|Verb,B1,Teen,0,4,coasts coasted coasting,0
1726,2000,ill,/ɪl/,"ốm, bệnh, đau yếu, khó ở",Adjective,Adjective|Adverb|Noun,B1,Teen,0,2,ills,0
1727,2000,kick,/kɪk/,"đá, đạp, đá vào",Verb,Noun|Verb,B1,Teen,0,4,kicks kicked kicking,0
1728,2000,closely,/ˈkloʊsli/,"chặt chẽ, sát sao, kỹ lưỡng",Adverb,Adverb,B1,Teen,0,1,,0
1729,2000,multiple,/ˈmʌltəpəl/,"nhiều, đa dạng, gồm nhiều phần",Adjective,Adjective|Noun,B1,Teen,0,2,multiples,0
1730,2000,yield,/jiːld/,"mang lại, sinh ra; nhượng bộ",Verb,Noun|Verb,B1,Teen,0,4,yields yielded yielding,1
1731,2000,via,/ˈvaɪə/,"qua, thông qua, bằng đường",Preposition,Preposition,B1,Grammar,1,1,,0
1732,2000,legislation,/ˌlɛdʒəˈsleɪʃən/,"pháp luật, luật lệ, việc lập pháp",Noun,Noun,B1,Teen,0,2,legislations,0
1733,2000,county,/ˈkaʊnti/,"hạt, quận, đơn vị hành chính",Noun,Noun,B1,Teen,0,2,counties,0
1734,2000,unlike,/ənˈlaɪk/,"không giống, khác với",Preposition,Adjective|Preposition,B1,Grammar,1,1,,0
1735,2000,mobile,/ˈmoʊbəl/,"di động, lưu động, cơ động",Adjective,Adjective,B1,Teen,0,2,mobiles,0
1736,2000,assistant,/əˈsɪstənt/,"trợ lý, phụ tá, người giúp việc",Noun,Noun|Adjective,B1,Teen,0,2,assistants,0
1737,2000,implement,/ˈɪmpləmənt/,"thực hiện, triển khai, thi hành",Verb,Noun|Verb,B1,Teen,0,4,implements implemented implementing,0
1738,2000,chart,/tʃɑːrt/,"biểu đồ, đồ thị, bảng xếp hạng",Noun,Noun|Verb,B1,Teen,0,4,charts charted charting,0
1739,2000,attach,/əˈtætʃ/,"gắn, đính kèm, buộc vào",Verb,Verb,B1,Teen,0,4,attaches attached attaching,0
1740,2000,hell,/hɛl/,"địa ngục, âm phủ, hỏa ngục",Noun,Noun,B1,Teen,0,2,hells,0
1741,2000,everywhere,/ˈɛvriˌwɛr/,"khắp nơi, mọi nơi",Adverb,Adverb,B1,Teen,0,1,,0
1742,2000,advise,/ædˈvaɪz/,"khuyên, tư vấn, khuyên bảo",Verb,Verb,B1,Teen,0,4,advises advised advising,0
1743,2000,household,/ˈhaʊsˌhoʊld/,"hộ gia đình, gia đình",Noun,Noun|Adjective,B1,Teen,0,2,households,0
1744,2000,acknowledge,/ækˈnɑːlɪdʒ/,"thừa nhận, công nhận; xác nhận",Verb,Verb,B1,Teen,0,4,acknowledges acknowledged acknowledging,1
1745,2000,reward,/rɪˈwɔːrd/,"phần thưởng, tiền thưởng, sự đền đáp",Noun,Noun|Verb,B1,Teen,0,4,rewards rewarded rewarding,0
1746,2000,east,/iːst/,"phía đông, hướng đông",Noun,Noun|Adjective|Adverb,B1,Teen,0,1,,0
1747,2000,hat,/hæt/,"cái mũ, nón, chiếc mũ",Noun,Noun|Verb,B1,Teen,0,3,hats hatted,0
1748,2000,academic,/ˌækəˈdɛmɪk/,"học thuật, thuộc học tập, thuộc nhà trường",Adjective,Adjective|Noun,B1,Teen,0,2,academics,0
1749,2000,voter,/ˈvoʊtər/,"cử tri, người bỏ phiếu",Noun,Noun,B1,Teen,0,2,voters,0
1750,2000,meanwhile,/ˈmiːnˌwaɪl/,"trong khi đó, cùng lúc đó",Adverb,Noun|Adverb,B1,Teen,0,1,,0
1751,2000,furthermore,/ˈfɜːrðərˌmɔːr/,"hơn nữa, ngoài ra, thêm vào đó",Adverb,Adverb,B1,Teen,0,1,,0
1752,2000,accuse,/əˈkjuːz/,"buộc tội, tố cáo, cáo buộc",Verb,Verb,B1,Teen,0,4,accuses accused accusing,0
1753,2000,scientific,/ˌsaɪənˈtɪfɪk/,"khoa học, thuộc khoa học",Adjective,Adjective,B1,Teen,0,1,,0
1754,2000,wage,/weɪdʒ/,"tiền lương, tiền công",Noun,Noun|Verb,B1,Teen,0,4,wages waged waging,0
1755,2000,absence,/ˈæbsəns/,"sự vắng mặt, sự thiếu vắng",Noun,Noun,B1,Teen,0,2,absences,0
1756,2000,construct,/kənˈstrʌkt/,"xây dựng, cấu tạo, dựng nên",Verb,Verb,B1,Teen,0,4,constructs constructed constructing,0
1757,2000,remark,/rɪˈmɑːrk/,"lời nhận xét, lời bình luận, ý kiến",Noun,Noun|Verb,B1,Teen,0,4,remarks remarked remarking,0
1758,2000,medicine,/ˈmɛdəsən/,"thuốc, dược phẩm; y học, ngành y",Noun,Noun,B1,Teen,0,2,medicines,1
1759,2000,professor,/prəˈfɛsər/,"giáo sư, giảng viên đại học",Noun,Noun,B1,Teen,0,3,professors prof,0
1760,2000,rare,/rɛr/,"hiếm, hiếm có, quý hiếm",Adjective,Adjective,B1,Teen,0,3,rarer rarest,0
1761,2000,intention,/ˌɪnˈtɛntʃən/,"ý định, dự định, chủ ý",Noun,Noun,B1,Teen,0,2,intentions,0
1762,2000,dozen,/ˈdʌzən/,"tá, mười hai cái",Noun,Noun,B1,Teen,0,2,dozens,0
1763,2000,settlement,/ˈsɛtəlmənt/,"sự dàn xếp, thỏa thuận; khu định cư",Noun,Noun,B1,Teen,0,2,settlements,1
1764,2000,gap,/ɡæp/,"khoảng trống, kẽ hở, chênh lệch",Noun,Noun,B1,Teen,0,4,gaps gapped gapping,0
1765,2000,widely,/ˈwaɪdli/,"rộng rãi, phổ biến",Adverb,Adverb,B1,Teen,0,1,,0
1766,2000,minimum,/ˈmɪnəməm/,"mức tối thiểu, số lượng tối thiểu",Noun,Noun|Adjective,B1,Teen,0,3,minima minimums,0
1767,2000,northern,/ˈnɔːrðərn/,"thuộc phía bắc, ở miền bắc",Adjective,Adjective,B1,Teen,0,1,,0
1768,2000,estate,/ɪˈsteɪt/,"bất động sản, điền trang, di sản",Noun,Noun,B1,Teen,0,2,estates,0
1769,2000,equally,/ˈiːkwəli/,"ngang nhau, như nhau, đồng đều",Adverb,Adverb,B1,Teen,0,1,,0
1770,2000,expose,/ɪkˈspoʊz/,"phơi bày, vạch trần, để lộ",Verb,Verb,B1,Teen,0,4,exposes exposed exposing,0
1771,2000,alive,/əˈlaɪv/,"còn sống, sống động, đang sống",Adjective,Adjective,B1,Teen,0,1,,0
1772,2000,shut,/ʃʌt/,"đóng, khép lại, đóng cửa",Verb,Verb,B1,Teen,0,2,shuts,0
1773,2000,victory,/ˈvɪktəri/,"chiến thắng, thắng lợi",Noun,Noun,B1,Teen,0,2,victories,0
1774,2000,resolve,/riˈzɑːlv/,"giải quyết, quyết định, quyết tâm",Verb,Noun|Verb,B1,Teen,0,4,resolves resolved resolving,0
1775,2000,critic,/ˈkrɪtɪk/,"nhà phê bình, người chỉ trích",Noun,Noun,B1,Teen,0,2,critics,0
1776,2000,variable,/ˈvɛriəbəl/,"biến số, đại lượng thay đổi",Noun,Adjective|Noun,B1,Teen,0,2,variables,0
1777,2000,enormous,/ɪˈnɔːrməs/,"to lớn, khổng lồ, vô cùng lớn",Adjective,Adjective,B1,Teen,0,1,,0
1778,2000,sweet,/swiːt/,"ngọt, ngọt ngào, dễ thương",Adjective,Adjective|Noun,B1,Teen,0,4,sweets sweeter sweetest,0
1779,2000,permanent,/ˈpɜːrmənənt/,"lâu dài, vĩnh viễn, thường trực",Adjective,Adjective,B1,Teen,0,1,,0
1780,2000,emotion,/ɪˈmoʊʃən/,"cảm xúc, xúc cảm, tình cảm",Noun,Noun,B1,Teen,0,2,emotions,0
1781,2000,pursue,/pərˈsuː/,"theo đuổi, đeo đuổi, tiếp tục làm",Verb,Verb,B1,Teen,0,4,pursues pursued pursuing,0
1782,2000,tall,/tɔːl/,"cao, cao lớn, có chiều cao",Adjective,Adjective|Adverb,B1,Teen,0,3,taller tallest,0
1783,2000,urge,/ɜːrdʒ/,"thúc giục, hối thúc, kêu gọi",Verb,Noun|Verb,B1,Teen,0,5,urges urged urging urgings,0
1784,2000,enemy,/ˈɛnəmi/,"kẻ thù, kẻ địch, quân địch",Noun,Noun|Adjective,B1,Teen,0,2,enemies,0
1785,2000,appoint,/əˈpɔɪnt/,"bổ nhiệm, chỉ định, ấn định",Verb,Verb,B1,Teen,0,4,appoints appointed appointing,0
1786,2000,milk,/mɪlk/,"sữa, sữa bò, sữa tươi",Noun,Noun|Verb,B1,Teen,0,4,milks milked milking,0
1787,2000,talent,/ˈtælənt/,"tài năng, năng khiếu, người tài",Noun,Noun,B1,Teen,0,3,talents talented,0
1788,2000,smell,/smɛl/,"ngửi, ngửi thấy; có mùi, bốc mùi",Verb,Noun|Verb,B1,Teen,0,4,smells smelled smelling,1
1789,2000,prior,/ˈpraɪər/,"trước, trước đó, ưu tiên hơn",Adjective,Noun|Adjective|Adverb,B1,Teen,0,2,priors,0
1790,2000,priority,/praɪˈɔːrəti/,"ưu tiên, việc cần làm trước",Noun,Noun,B1,Teen,0,2,priorities,0
1791,2000,online,/ˈɔːnˌlaɪn/,"trực tuyến, trên mạng",Adjective,Adjective,B1,Teen,0,1,,0
1792,2000,phrase,/freɪz/,"cụm từ, nhóm từ, thành ngữ",Noun,Noun|Verb,B1,Teen,0,4,phrases phrased phrasing,0
1793,2000,pilot,/ˈpaɪlət/,"phi công, người lái máy bay",Noun,Noun|Verb,B1,Teen,0,4,pilots piloted piloting,0
1794,2000,stable,/ˈsteɪbəl/,"ổn định, vững chắc, bền vững",Adjective,Adjective|Noun|Verb,B1,Teen,0,4,stables stabled stabling,0
1795,2000,merely,/ˈmɪrli/,"chỉ, chỉ là, đơn thuần",Adverb,Adverb,B1,Teen,0,1,,0
1796,2000,resolution,/ˌrɛzəˈluːʃən/,"nghị quyết, sự giải quyết; độ phân giải",Noun,Noun,B1,Teen,0,2,resolutions,1
1797,2000,communicate,/kəˈmjuːnəˌkeɪt/,"giao tiếp, truyền đạt, liên lạc",Verb,Verb,B1,Teen,0,4,communicates communicated communicating,0
1798,2000,injury,/ˈɪndʒəri/,"vết thương, thương tích, chấn thương",Noun,Noun,B1,Teen,0,2,injuries,0
1799,2000,vast,/væst/,"rộng lớn, bao la, mênh mông",Adjective,Adjective|Noun,B1,Teen,0,3,vaster vastest,0
1800,2000,exhibition,/ˌɛksəˈbɪʃən/,"cuộc triển lãm, buổi trưng bày",Noun,Noun,B1,Teen,0,2,exhibitions,0
1801,2000,producer,/prəˈduːsər/,"nhà sản xuất, người sản xuất",Noun,Noun,B2,Adult,0,2,producers,0
1802,2000,regional,/ˈriːdʒənəl/,"thuộc vùng, thuộc khu vực, mang tính địa phương",Adjective,Adjective,B2,Adult,0,2,regionals,0
1803,2000,immediate,/ˌɪˈmiːˌdiːət/,"ngay lập tức, tức thì, trực tiếp",Adjective,Adjective,B2,Adult,0,1,,0
1804,2000,incident,/ˈɪnsədənt/,"sự việc, sự cố, vụ việc",Noun,Adjective|Noun,B2,Adult,0,2,incidents,0
1805,2000,childhood,/ˈtʃaɪldˌhʊd/,"thời thơ ấu, tuổi thơ",Noun,Noun,B2,Adult,0,2,childhoods,0
1806,2000,draft,/dræft/,"bản nháp, bản thảo, dự thảo",Noun,Noun|Verb,B2,Adult,0,6,drafts drafted drafting draught draughts,0
1807,2000,slip,/slɪp/,"trượt, trượt chân, tuột khỏi",Verb,Noun|Verb,B2,Adult,0,4,slips slipped slipping,0
1808,2000,accompany,/əˈkʌmpəni/,"đi cùng, đi kèm, tháp tùng",Verb,Verb,B2,Adult,0,4,accompanies accompanied accompanying,0
1809,2000,politician,/ˌpɑːləˈtɪʃən/,"chính trị gia, nhà chính trị",Noun,Noun,B2,Adult,0,2,politicians,0
1810,2000,angry,/ˈæŋɡri/,"tức giận, giận dữ, nổi giận",Adjective,Adjective,B2,Adult,0,3,angrier angriest,0
1811,2000,knock,/nɑːk/,"gõ, đập, va đập vào",Verb,Noun|Verb,B2,Adult,0,4,knocks knocked knocking,0
1812,2000,seed,/siːd/,"hạt, hạt giống, mầm mống",Noun,Noun|Verb,B2,Adult,0,4,seeds seeded seeding,0
1813,2000,salary,/ˈsæləri/,"tiền lương, mức lương",Noun,Noun|Verb,B2,Adult,0,3,salaries salaried,0
1814,2000,illustrate,/ˈɪləˌstreɪt/,"minh họa, làm rõ bằng ví dụ",Verb,Verb,B2,Adult,0,4,illustrates illustrated illustrating,0
1815,2000,imply,/ˌɪmˈplaɪ/,"ngụ ý, hàm ý, ám chỉ",Verb,Verb,B2,Adult,0,4,implies implied implying,0
1816,2000,breakfast,/ˈbrɛkfəst/,"bữa sáng, bữa ăn sáng, bữa điểm tâm",Noun,Noun|Verb,B2,Adult,0,4,breakfasts breakfasted breakfasting,0
1817,2000,temporary,/ˈtɛmpərˌɛri/,"tạm thời, nhất thời, lâm thời",Adjective,Adjective,B2,Adult,0,1,,0
1818,2000,liberal,/ˈlɪˌbɜːrəl/,"phóng khoáng, cởi mở, theo chủ nghĩa tự do",Adjective,Adjective|Noun,B2,Adult,0,2,liberals,0
1819,2000,lake,/leɪk/,"hồ, hồ nước, đầm nước",Noun,Noun,B2,Adult,0,2,lakes,0
1820,2000,qualify,/ˈkwɑːləˌfaɪ/,"đủ tiêu chuẩn, đủ điều kiện, vượt qua vòng loại",Verb,Verb,B2,Adult,0,4,qualifies qualified qualifying,0
1821,2000,competitive,/kəmˈpɛtətɪv/,"cạnh tranh, có tính cạnh tranh, đua tranh",Adjective,Adjective,B2,Adult,0,1,,0
1822,2000,truly,/ˈtruːli/,"thật sự, thực sự, quả thật",Adverb,Adverb,B2,Adult,0,1,,0
1823,2000,hi,/haɪ/,"chào, xin chào, chào bạn",Interjection,Interjection,B2,Adult,0,1,,0
1824,2000,yellow,/ˈjɛloʊ/,"vàng, màu vàng, có màu vàng",Adjective,Adjective|Noun|Verb,B2,Adult,0,4,yellows yellowed yellowing,0
1825,2000,habit,/ˈhæbət/,"thói quen, tập quán, nếp quen",Noun,Noun|Verb,B2,Adult,0,3,habits habited,0
1826,2000,disk,/dɪsk/,"đĩa, đĩa từ, ổ đĩa",Noun,Noun,B2,Adult,0,4,disks disc discs,0
1827,2000,core,/kɔːr/,"lõi, cốt lõi, phần trung tâm",Noun,Noun|Verb,B2,Adult,0,4,cores cored coring,0
1828,2000,emotional,/ɪˈmoʊʃənəl/,"xúc động, giàu cảm xúc, thuộc về tình cảm",Adjective,Adjective,B2,Adult,0,1,,0
1829,2000,aircraft,/ˈɛrˌkræft/,"máy bay, phi cơ, tàu bay",Noun,Noun,B2,Adult,0,2,aircrafts,0
1830,2000,self,/sɛlf/,"bản thân, cái tôi, bản ngã",Noun,Adjective|Noun,B2,Adult,0,2,selves,0
1831,2000,metal,/ˈmɛtəl/,"kim loại, chất kim loại",Noun,Noun|Verb,B2,Adult,0,2,metals,0
1832,2000,existence,/ɛɡˈzɪstəns/,"sự tồn tại, sự hiện hữu, sự sống",Noun,Noun,B2,Adult,0,2,existences,0
1833,2000,bone,/boʊn/,"xương, khúc xương, bộ xương",Noun,Noun|Verb,B2,Adult,0,4,bones boned boning,0
1834,2000,panel,/ˈpænəl/,"tấm, bảng điều khiển; hội đồng, ban",Noun,Noun|Verb,B2,Adult,0,6,panels paneled paneling panelled panelling,1
1835,2000,prime,/praɪm/,"chính, hàng đầu, quan trọng nhất",Adjective,Adjective|Noun|Verb,B2,Adult,0,4,primes primed priming,0
1836,2000,appointment,/əˈpɔɪntmənt/,"cuộc hẹn, sự bổ nhiệm",Noun,Noun,B2,Adult,0,2,appointments,0
1837,2000,emphasize,/ˈɛmfəˌsaɪz/,"nhấn mạnh, làm nổi bật, chú trọng",Verb,Verb,B2,Adult,0,8,emphasizes emphasized emphasizing emphasise emphasises emphasised emphasising,0
1838,2000,maximum,/ˈmæksəməm/,"mức tối đa, giá trị lớn nhất",Noun,Noun|Adjective,B2,Adult,0,1,,0
1839,2000,effectively,/ɪˈfɛktɪvli/,"một cách hiệu quả, thực chất là",Adverb,Adverb,B2,Adult,0,1,,0
1840,2000,elsewhere,/ˈɛlˌswɛr/,"ở nơi khác, ở chỗ khác",Adverb,Adverb,B2,Adult,0,1,,0
1841,2000,bother,/ˈbɑːðər/,"làm phiền, quấy rầy, bận tâm",Verb,Noun|Verb,B2,Adult,0,4,bothers bothered bothering,0
1842,2000,initiative,/ˌɪˈnɪʃətɪv/,"sáng kiến, sự chủ động, thế chủ động",Noun,Adjective|Noun,B2,Adult,0,2,initiatives,0
1843,2000,sharp,/ʃɑːrp/,"sắc, nhọn, sắc bén",Adjective,Adjective|Noun|Adverb,B2,Adult,0,3,sharper sharpest,0
1844,2000,diet,/ˈdaɪət/,"chế độ ăn, khẩu phần ăn, việc ăn kiêng",Noun,Noun|Verb,B2,Adult,0,4,diets dieted dieting,0
1845,2000,motion,/ˈmoʊʃən/,"chuyển động, sự vận động; kiến nghị",Noun,Noun|Verb,B2,Adult,0,4,motions motioned motioning,1
1846,2000,gray,/ɡreɪ/,"xám, màu xám, hoa râm",Adjective,Adjective|Noun|Verb,B2,Adult,0,12,grays grayed graying grayer grayest grey greys greyed greying greyer greyest,0
1847,2000,plastic,/ˈplæstɪk/,"nhựa, chất dẻo, đồ nhựa",Noun,Noun|Adjective,B2,Adult,0,2,plastics,0
1848,2000,complicate,/ˈkɑːmpləˌkeɪt/,"làm phức tạp, làm rắc rối thêm",Verb,Verb,B2,Adult,0,4,complicates complicated complicating,0
1849,2000,discipline,/ˈdɪsəplən/,"kỷ luật, tính kỷ luật; ngành học",Noun,Noun|Verb,B2,Adult,0,4,disciplines disciplined disciplining,1
1850,2000,disappoint,/ˌdɪsəˈpɔɪnt/,"làm thất vọng, gây thất vọng",Verb,Verb,B2,Adult,0,4,disappoints disappointed disappointing,0
1851,2000,boss,/bɑːs/,"sếp, ông chủ, người quản lý",Noun,Noun|Verb,B2,Adult,0,4,bosses bossed bossing,0
1852,2000,assumption,/əˈsʌmpʃən/,"giả định, giả thiết, sự cho rằng",Noun,Noun,B2,Adult,0,2,assumptions,0
1853,2000,freeze,/friːz/,"đóng băng, làm đông lạnh, đứng im",Verb,Noun|Verb,B2,Adult,0,5,freezes froze freezing frozen,0
1854,2000,extreme,/ɛkˈstriːm/,"cực độ, cực đoan, tột cùng",Adjective,Adjective,B2,Adult,0,2,extremes,0
1855,2000,passage,/ˈpæsədʒ/,"đoạn văn; lối đi, hành lang",Noun,Noun|Verb,B2,Adult,0,2,passages,1
1856,2000,reputation,/ˌrɛpjəˈteɪʃən/,"danh tiếng, tiếng tăm, uy tín",Noun,Noun,B2,Adult,0,2,reputations,0
1857,2000,forth,/fɔːrθ/,"ra, ra phía trước, trở đi",Adverb,Adverb|Preposition,B2,Adult,0,1,,0
1858,2000,negotiation,/nɪˌɡoʊʃiˈeɪʃən/,"cuộc đàm phán, sự thương lượng",Noun,Noun,B2,Adult,0,2,negotiations,0
1859,2000,mechanism,/ˈmɛkəˌnɪzəm/,"cơ chế, bộ máy, guồng máy",Noun,Noun,B2,Adult,0,2,mechanisms,0
1860,2000,coat,/koʊt/,"áo khoác; lớp phủ, lớp sơn",Noun,Noun|Verb,B2,Adult,0,5,coats coated coating coatings,1
1861,2000,democracy,/dɪˈmɑːkrəsi/,"nền dân chủ, chế độ dân chủ",Noun,Noun,B2,Adult,0,2,democracies,0
1862,2000,pocket,/ˈpɑːkət/,"túi, túi áo, túi quần",Noun,Noun|Verb,B2,Adult,0,4,pockets pocketed pocketing,0
1863,2000,lucky,/ˈlʌki/,"may mắn, gặp may, hên",Adjective,Adjective|Noun,B2,Adult,0,3,luckier luckiest,0
1864,2000,crash,/kræʃ/,"đâm sầm vào, va chạm mạnh; sụp đổ",Verb,Noun|Verb,B2,Adult,0,4,crashes crashed crashing,1
1865,2000,observation,/ˌɑːbzərˈveɪʃən/,"sự quan sát, lời nhận xét",Noun,Noun,B2,Adult,0,2,observations,0
1866,2000,meat,/miːt/,"thịt, thịt động vật",Noun,Noun,B2,Adult,0,2,meats,0
1867,2000,concentration,/ˌkɑːnsənˈtreɪʃən/,sự tập trung; nồng độ,Noun,Noun,B2,Adult,0,2,concentrations,1
1868,2000,implication,/ˌɪmpləˈkeɪʃən/,"hệ quả, hàm ý, ngụ ý",Noun,Noun,B2,Adult,0,2,implications,0
1869,2000,deserve,/dɪˈzɜːrv/,"xứng đáng, đáng được hưởng",Verb,Verb,B2,Adult,0,4,deserves deserved deserving,0
1870,2000,unusual,/əˈnjuːˌʒuːəl/,"khác thường, bất thường, lạ thường",Adjective,Adjective,B2,Adult,0,1,,0
1871,2000,defend,/dɪˈfɛnd/,"bảo vệ, phòng thủ, biện hộ",Verb,Verb,B2,Adult,0,4,defends defended defending,0
1872,2000,classic,/ˈklæsɪk/,"kinh điển, cổ điển, tiêu biểu",Adjective,Adjective|Noun,B2,Adult,0,2,classics,0
1873,2000,king,/kɪŋ/,"vua, quốc vương, nhà vua",Noun,Noun|Verb,B2,Adult,0,2,kings,0
1874,2000,interaction,/ˌɪntərˈækʃən/,"sự tương tác, sự giao tiếp qua lại",Noun,Noun,B2,Adult,0,2,interactions,0
1875,2000,repair,/rɪˈpɛr/,"sửa chữa, sửa, tu sửa",Verb,Noun|Verb,B2,Adult,0,4,repairs repaired repairing,0
1876,2000,collapse,/kəˈlæps/,"sụp đổ, đổ sập, suy sụp",Verb,Verb,B2,Adult,0,4,collapses collapsed collapsing,0
1877,2000,borrow,/ˈbɑːˌroʊ/,"mượn, vay, vay mượn",Verb,Verb,B2,Adult,0,5,borrows borrowed borrowing borrowings,0
1878,2000,fundamental,/ˌfʌndəˈmɛntəl/,"cơ bản, nền tảng, căn bản",Adjective,Adjective|Noun,B2,Adult,0,2,fundamentals,0
1879,2000,dish,/dɪʃ/,"đĩa, món ăn, chén đĩa",Noun,Noun|Verb,B2,Adult,0,4,dishes dished dishing,0
1880,2000,abroad,/əˈbrɔːd/,"ở nước ngoài, ra nước ngoài",Adverb,Adverb,B2,Adult,0,1,,0
1881,2000,soul,/soʊl/,"linh hồn, tâm hồn, hồn",Noun,Noun,B2,Adult,0,2,souls,0
1882,2000,capable,/ˈkeɪpəbəl/,"có khả năng, có năng lực, đủ sức",Adjective,Adjective,B2,Adult,0,1,,0
1883,2000,defeat,/dɪˈfiːt/,"đánh bại, hạ gục, thắng",Verb,Noun|Verb,B2,Adult,0,4,defeats defeated defeating,0
1884,2000,presidential,/ˌprɛzəˈdɛnʃəl/,"thuộc tổng thống, thuộc chủ tịch",Adjective,Adjective,B2,Adult,0,1,,0
1885,2000,perfectly,/ˈpɜːrfəktli/,"một cách hoàn hảo, hoàn toàn",Adverb,Adverb,B2,Adult,0,1,,0
1886,2000,enhance,/ɛnˈhæns/,"nâng cao, tăng cường, cải thiện",Verb,Verb,B2,Adult,0,4,enhances enhanced enhancing,0
1887,2000,proud,/praʊd/,"tự hào, hãnh diện, kiêu hãnh",Adjective,Adjective|Adverb,B2,Adult,0,3,prouder proudest,0
1888,2000,emergency,/ɪˈmɜːrdʒənsi/,"trường hợp khẩn cấp, tình huống nguy cấp",Noun,Noun,B2,Adult,0,2,emergencies,0
1889,2000,educational,/ˌɛdʒəˈkeɪʃənəl/,"thuộc giáo dục, mang tính giáo dục",Adjective,Adjective,B2,Adult,0,1,,0
1890,2000,distinguish,/dɪˈstɪŋɡwɪʃ/,"phân biệt, nhận ra sự khác nhau",Verb,Verb,B2,Adult,0,4,distinguishes distinguished distinguishing,0
1891,2000,substantial,/səbˈstænʃəl/,"đáng kể, lớn, vững chắc",Adjective,Adjective,B2,Adult,0,1,,0
1892,2000,nearby,/ˈnɪrˈbaɪ/,"gần đó, ở gần, lân cận",Adjective,Adjective,B2,Adult,0,1,,0
1893,2000,manufacturer,/ˌmænjəˈfæktʃərər/,"nhà sản xuất, hãng sản xuất",Noun,Noun,B2,Adult,0,2,manufacturers,0
1894,2000,slide,/slaɪd/,"trượt, lướt, tuột xuống",Verb,Noun|Verb,B2,Adult,0,4,slides slid sliding,0
1895,2000,valuable,/ˈvæljəbəl/,"có giá trị, quý giá, đắt giá",Adjective,Adjective|Noun,B2,Adult,0,2,valuables,0
1896,2000,personally,/ˈpɜːrsənəli/,"đích thân, về mặt cá nhân",Adverb,Adverb,B2,Adult,0,1,,0
1897,2000,breast,/brɛst/,"ngực, vú, lồng ngực",Noun,Noun|Verb,B2,Adult,0,4,breasts breasted breasting,0
1898,2000,cope,/koʊp/,"đối phó, xoay xở, ứng phó",Verb,Noun|Verb,B2,Adult,0,4,copes coped coping,0
1899,2000,approximately,/əˈprɑːksəmətli/,"khoảng, xấp xỉ, gần bằng",Adverb,Adverb,B2,Adult,0,1,,0
1900,2000,accommodation,/əˌkɑːməˈdeɪʃən/,"chỗ ở, nơi ăn ở, chỗ trọ",Noun,Noun,B2,Adult,0,2,accommodations,0
1901,2000,highlight,/ˈhaɪˌlaɪt/,"làm nổi bật, nhấn mạnh, tô sáng",Verb,Noun|Verb,B2,Adult,0,4,highlights highlighted highlighting,0
1902,2000,reporter,/rɪˈpɔːrtər/,"phóng viên, nhà báo",Noun,Noun,B2,Adult,0,2,reporters,0
1903,2000,climate,/ˈklaɪmət/,"khí hậu, bầu không khí",Noun,Noun,B2,Adult,0,2,climates,0
1904,2000,shirt,/ʃɜːrt/,"áo sơ mi, cái áo",Noun,Noun,B2,Adult,0,4,shirts shirted shirting,0
1905,2000,exception,/ɪkˈsɛpʃən/,"ngoại lệ, trường hợp ngoại lệ",Noun,Noun,B2,Adult,0,2,exceptions,0
1906,2000,corporation,/ˌkɔːrpərˈeɪʃən/,"tập đoàn, công ty lớn, tổng công ty",Noun,Noun,B2,Adult,0,2,corporations,0
1907,2000,chip,/tʃɪp/,"vi mạch điện tử; mảnh vụn, miếng khoai chiên",Noun,Noun|Verb,B2,Adult,0,4,chips chipped chipping,1
1908,2000,winner,/ˈwɪnər/,"người thắng cuộc, người chiến thắng",Noun,Noun,B2,Adult,0,2,winners,0
1909,2000,encounter,/ɪnˈkaʊntər/,"gặp phải, chạm trán, đối mặt",Verb,Noun|Verb,B2,Adult,0,4,encounters encountered encountering,0
1910,2000,brown,/braʊn/,"nâu, màu nâu, có màu nâu",Adjective,Adjective|Noun|Verb,B2,Adult,0,6,browns browned browning browner brownest,0
1911,2000,breathe,/briːð/,"thở, hít thở, hô hấp",Verb,Verb,B2,Adult,0,4,breathes breathed breathing,0
1912,2000,excuse,/ɪkˈskjuːs/,"thứ lỗi, tha lỗi; bào chữa, viện cớ",Verb,Noun|Verb,B2,Adult,0,4,excuses excused excusing,1
1913,2000,partly,/ˈpɑːrtli/,"một phần, phần nào",Adverb,Adverb,B2,Adult,0,1,,0
1914,2000,tennis,/ˈtɛnəs/,"quần vợt, môn quần vợt",Noun,Noun,B2,Adult,0,1,,0
1915,2000,urban,/ˈɜːrbən/,"thuộc đô thị, thuộc thành thị",Adjective,Adjective,B2,Adult,0,1,,0
1916,2000,confuse,/kənˈfjuːz/,"làm bối rối, gây nhầm lẫn, làm lẫn lộn",Verb,Verb,B2,Adult,0,4,confuses confused confusing,0
1917,2000,southern,/ˈsʌðərn/,"thuộc phía nam, ở miền nam",Adjective,Adjective|Noun,B2,Adult,0,1,,0
1918,2000,output,/ˈaʊtˌpʊt/,"sản lượng, đầu ra, kết quả",Noun,Noun,B2,Adult,0,4,outputs outputted outputting,0
1919,2000,beauty,/ˈbjuːti/,"vẻ đẹp, sắc đẹp, cái đẹp",Noun,Noun,B2,Adult,0,2,beauties,0
1920,2000,massive,/ˈmæsɪv/,"to lớn, đồ sộ, khổng lồ",Adjective,Adjective,B2,Adult,0,1,,0
1921,2000,install,/ˌɪnˈstɔːl/,"cài đặt, lắp đặt, thiết lập",Verb,Verb,B2,Adult,0,4,installs installed installing,0
1922,2000,calculate,/ˈkælkjəˌleɪt/,"tính, tính toán, ước tính",Verb,Verb,B2,Adult,0,4,calculates calculated calculating,0
1923,2000,mouse,/maʊs/,con chuột; chuột máy tính,Noun,Noun|Verb,B2,Adult,0,3,mouses mice,1
1924,2000,mathematics,/ˌmæθəˈmætɪks/,"toán học, môn toán",Noun,Noun,B2,Adult,0,4,mathematic math maths,0
1925,2000,upper,/ˈʌpər/,"trên, phía trên, cao hơn",Adjective,Adjective|Noun,B2,Adult,0,2,uppers,0
1926,2000,creation,/kriˈeɪʃən/,"sự sáng tạo, sự tạo ra, tác phẩm",Noun,Noun,B2,Adult,0,2,creations,0
1927,2000,occupy,/ˈɑːkjəˌpaɪ/,"chiếm, chiếm giữ, chiếm đóng",Verb,Verb,B2,Adult,0,4,occupies occupied occupying,0
1928,2000,outline,/ˈaʊtˌlaɪn/,"dàn ý, đề cương; đường nét bên ngoài",Noun,Noun|Verb,B2,Adult,0,4,outlines outlined outlining,1
1929,2000,sufficient,/səˈfɪʃənt/,"đủ, đầy đủ, thỏa đáng",Adjective,Adjective|Noun,B2,Adult,0,1,,0
1930,2000,update,/əpˈdeɪt/,"cập nhật, làm mới thông tin",Verb,Verb|Noun,B2,Adult,0,4,updates updated updating,0
1931,2000,luck,/lʌk/,"vận may, may mắn, sự may rủi",Noun,Noun,B2,Adult,0,4,lucks lucked lucking,0
1932,2000,preserve,/prəˈzɜːrv/,"bảo tồn, giữ gìn, bảo quản",Verb,Noun|Verb,B2,Adult,0,4,preserves preserved preserving,0
1933,2000,split,/splɪt/,"chia, tách, chẻ ra",Verb,Adjective|Verb,B2,Adult,0,3,splits splitting,0
1934,2000,swing,/swɪŋ/,"đu đưa, đung đưa, vung",Verb,Noun|Verb,B2,Adult,0,4,swings swung swinging,0
1935,2000,illness,/ˈɪlnəs/,"bệnh, bệnh tật, ốm đau",Noun,Noun,B2,Adult,0,2,illnesses,0
1936,2000,journalist,/ˈdʒɜːrnələst/,"nhà báo, phóng viên",Noun,Noun,B2,Adult,0,2,journalists,0
1937,2000,sudden,/ˈsʌdən/,"đột ngột, bất ngờ, thình lình",Adjective,Adjective|Noun,B2,Adult,0,1,,0
1938,2000,advertisement,/ædˈvɜːrtəzmənt/,"quảng cáo, mẩu quảng cáo",Noun,Noun,B2,Adult,0,4,advertisements advertisment advertisments,0
1939,2000,consistent,/kənˈsɪstənt/,"nhất quán, kiên định, đồng nhất",Adjective,Adjective,B2,Adult,0,1,,0
1940,2000,originally,/ərˈɪdʒənəli/,"ban đầu, vốn dĩ, lúc đầu",Adverb,Adverb,B2,Adult,0,1,,0
1941,2000,aside,/əˈsaɪd/,"sang một bên, riêng ra",Adverb,Adverb|Noun,B2,Adult,0,2,asides,0
1942,2000,comfort,/ˈkʌmfərt/,"sự thoải mái, sự an ủi, tiện nghi",Noun,Noun|Verb,B2,Adult,0,4,comforts comforted comforting,0
1943,2000,secondly,/ˈsɛkəndli/,"thứ hai là, điều thứ hai",Adverb,Adverb,B2,Adult,0,1,,0
1944,2000,severe,/səˈvɪr/,"nghiêm trọng, nặng, khắc nghiệt",Adjective,Adjective,B2,Adult,0,3,severer severest,0
1945,2000,gene,/dʒiːn/,"gen, đơn vị di truyền",Noun,Noun,B2,Adult,0,2,genes,0
1946,2000,prospect,/ˈprɑːspɛkt/,"triển vọng, viễn cảnh, khả năng",Noun,Noun|Verb,B2,Adult,0,4,prospects prospected prospecting,0
1947,2000,snow,/snoʊ/,"tuyết, tuyết rơi",Noun,Noun|Verb,B2,Adult,0,4,snows snowed snowing,0
1948,2000,plot,/plɑːt/,"cốt truyện; âm mưu, mảnh đất",Noun,Noun|Verb,B2,Adult,0,4,plots plotted plotting,1
1949,2000,neck,/nɛk/,"cổ, phần cổ, cổ áo",Noun,Noun|Verb,B2,Adult,0,4,necks necked necking,0
1950,2000,criterion,/kraɪˈtɪriən/,"tiêu chí, tiêu chuẩn, chuẩn mực",Noun,Noun,B2,Adult,0,2,criterions,0
1951,2000,primarily,/praɪˈmɛrəli/,"chủ yếu, phần lớn, trước hết",Adverb,Adverb,B2,Adult,0,1,,0
1952,2000,integrate,/ˈɪntəˌɡreɪt/,"tích hợp, hòa nhập, kết hợp",Verb,Verb,B2,Adult,0,4,integrates integrated integrating,0
1953,2000,criticism,/ˈkrɪtɪˌsɪzəm/,"sự chỉ trích, lời phê bình",Noun,Noun,B2,Adult,0,2,criticisms,0
1954,2000,convention,/kənˈvɛnʃən/,"hội nghị, đại hội; tục lệ, quy ước",Noun,Noun,B2,Adult,0,2,conventions,1
1955,2000,bet,/bɛt/,"cá cược, đánh cuộc, cá độ",Verb,Noun|Verb,B2,Adult,0,4,bets betted betting,0
1956,2000,retain,/rɪˈteɪn/,"giữ lại, duy trì, lưu giữ",Verb,Verb,B2,Adult,0,4,retains retained retaining,0
1957,2000,sequence,/ˈsiːkwəns/,"trình tự, chuỗi, dãy nối tiếp",Noun,Noun,B2,Adult,0,5,sequences sequenced sequencing sequencings,0
1958,2000,plain,/pleɪn/,"đơn giản, mộc mạc, rõ ràng",Adjective,Noun|Adjective|Adverb|Verb,B2,Adult,0,4,plains plainer plainest,0
1959,2000,volunteer,/ˌvɑːlənˈtɪr/,"tình nguyện viên, người tình nguyện",Noun,Noun|Adjective|Verb,B2,Adult,0,4,volunteers volunteered volunteering,0
1960,2000,rural,/ˈrʊrəl/,"thuộc nông thôn, ở miền quê",Adjective,Adjective,B2,Adult,0,1,,0
1961,2000,calm,/kɑːm/,"bình tĩnh, điềm tĩnh, yên lặng",Adjective,Adjective|Noun|Verb,B2,Adult,0,6,calms calmed calming calmer calmest,0
1962,2000,abandon,/əˈbændən/,"bỏ rơi, từ bỏ, bỏ mặc",Verb,Verb|Noun,B2,Adult,0,4,abandons abandoned abandoning,0
1963,2000,examination,/ɪɡˌzæməˈneɪʃən/,"kỳ thi; sự kiểm tra, sự khám xét",Noun,Noun,B2,Adult,0,2,examinations,1
1964,2000,silence,/ˈsaɪləns/,"sự im lặng, sự yên lặng",Noun,Noun|Verb,B2,Adult,0,4,silences silenced silencing,0
1965,2000,rapidly,/ˈræpədli/,"nhanh chóng, một cách nhanh chóng",Adverb,Adverb,B2,Adult,0,1,,0
1966,2000,efficient,/ɪˈfɪʃənt/,"hiệu quả, có năng suất",Adjective,Adjective,B2,Adult,0,1,,0
1967,2000,revolution,/ˌrɛvəˈluːʃən/,cuộc cách mạng; vòng quay,Noun,Noun,B2,Adult,0,2,revolutions,1
1968,2000,delight,/dɪˈlaɪt/,"niềm vui thích, sự thích thú",Noun,Noun|Verb,B2,Adult,0,4,delights delighted delighting,0
1969,2000,spell,/spɛl/,"đánh vần, viết đúng chính tả",Verb,Noun|Verb,B2,Adult,0,6,spells spelled spelling spelt spellings,0
1970,2000,premise,/ˈprɛmɪs/,"tiền đề, luận điểm; cơ sở, khu nhà",Noun,Noun|Verb,B2,Adult,0,4,premises premised premising,1
1971,2000,lean,/liːn/,"nghiêng, dựa vào, ngả người",Verb,Noun|Adjective|Verb,B2,Adult,0,8,leans leaned leaning leanings leant leaner leanest,0
1972,2000,dramatic,/drəˈmætɪk/,"kịch tính, đột ngột, gây ấn tượng mạnh",Adjective,Adjective,B2,Adult,0,2,dramatics,0
1973,2000,differ,/ˈdɪfər/,"khác nhau, khác biệt, bất đồng",Verb,Verb,B2,Adult,0,4,differs differed differing,0
1974,2000,grateful,/ˈɡreɪtfəl/,"biết ơn, cảm kích, tri ân",Adjective,Adjective,B2,Adult,0,1,,0
1975,2000,protein,/ˈproʊˌtiːn/,"chất đạm, prôtêin",Noun,Noun,B2,Adult,0,2,proteins,0
1976,2000,bike,/baɪk/,"xe đạp; xe máy, mô tô",Noun,Noun|Verb,B2,Adult,0,4,bikes biked biking,1
1977,2000,distribute,/dɪˈstrɪbjut/,"phân phối, phân phát, phân bố",Verb,Verb,B2,Adult,0,4,distributes distributed distributing,0
1978,2000,intellectual,/ˌɪntəˈlɛktʃuəl/,"thuộc trí tuệ, trí thức, có trí tuệ",Adjective,Adjective|Noun,B2,Adult,0,2,intellectuals,0
1979,2000,derive,/dərˈaɪv/,"bắt nguồn, thu được, rút ra",Verb,Verb,B2,Adult,0,4,derives derived deriving,0
1980,2000,crucial,/ˈkruːʃəl/,"then chốt, quan trọng, quyết định",Adjective,Adjective,B2,Adult,0,1,,0
1981,2000,unemployment,/ˌʌnɪmˈplɔɪmənt/,"nạn thất nghiệp, tình trạng thất nghiệp",Noun,Noun,B2,Adult,0,1,,0
1982,2000,wheel,/wiːl/,"bánh xe, vô lăng, bánh lái",Noun,Noun|Verb,B2,Adult,0,4,wheels wheeled wheeling,0
1983,2000,crop,/krɑːp/,"vụ mùa, cây trồng, mùa màng",Noun,Noun|Verb,B2,Adult,0,4,crops cropped cropping,0
1984,2000,minority,/maɪˈnɔːrəti/,"thiểu số, nhóm thiểu số",Noun,Noun,B2,Adult,0,2,minorities,0
1985,2000,origin,/ˈɔːrədʒən/,"nguồn gốc, xuất xứ, khởi nguồn",Noun,Noun,B2,Adult,0,2,origins,0
1986,2000,interpretation,/ˌɪnˌtɜːrprɪˈteɪʃən/,"sự diễn giải, cách hiểu, sự phiên dịch",Noun,Noun,B2,Adult,0,2,interpretations,0
1987,2000,gentleman,/ˈdʒɛntəlmən/,"quý ông, người lịch thiệp",Noun,Noun,B2,Adult,0,2,gentlemen,0
1988,2000,drama,/ˈdrɑːmə/,"kịch, vở kịch, chính kịch",Noun,Noun,B2,Adult,0,2,dramas,0
1989,2000,landscape,/ˈlændˌskeɪp/,"phong cảnh, cảnh quan",Noun,Noun|Verb,B2,Adult,0,4,landscapes landscaped landscaping,0
1990,2000,educate,/ˈɛdʒəˌkeɪt/,"giáo dục, dạy dỗ, đào tạo",Verb,Verb,B2,Adult,0,4,educates educated educating,0
1991,2000,toy,/tɔɪ/,"đồ chơi, món đồ chơi",Noun,Noun|Verb,B2,Adult,0,4,toys toyed toying,0
1992,2000,fault,/fɔːlt/,"lỗi, khuyết điểm, sai sót",Noun,Noun|Verb,B2,Adult,0,4,faults faulted faulting,0
1993,2000,exhibit,/ɪɡˈzɪbɪt/,"trưng bày, triển lãm, thể hiện",Verb,Noun|Verb,B2,Adult,0,4,exhibits exhibited exhibiting,0
1994,2000,minor,/ˈmaɪnər/,"nhỏ, thứ yếu, không quan trọng",Adjective,Adjective|Noun,B2,Adult,0,2,minors,0
1995,2000,hunt,/hʌnt/,"săn, săn bắn, truy lùng",Verb,Noun|Verb,B2,Adult,0,4,hunts hunted hunting,0
1996,2000,storm,/stɔːrm/,"cơn bão, giông bão",Noun,Noun|Verb,B2,Adult,0,4,storms stormed storming,0
1997,2000,thick,/θɪk/,"dày, đặc, rậm rạp",Adjective,Adjective|Adverb|Noun,B2,Adult,0,3,thicker thickest,0
1998,2000,achievement,/əˈtʃiːvmənt/,"thành tựu, thành tích, sự đạt được",Noun,Noun,B2,Adult,0,2,achievements,0
1999,2000,negotiate,/nəˈɡoʊʃiˌeɪt/,"đàm phán, thương lượng, thương thảo",Verb,Verb,B2,Adult,0,4,negotiates negotiated negotiating,0
2000,2000,shoot,/ʃuːt/,"bắn, chụp ảnh, quay phim",Verb,Noun|Verb|Adjective,B2,Adult,0,4,shoots shooting shootings,0
2001,3000,supplier,/səˈplaɪər/,"nhà cung cấp, nhà cung ứng",Noun,Noun,B2,Adult,0,2,suppliers,0
2002,3000,prize,/praɪz/,"giải thưởng, phần thưởng",Noun,Noun|Verb,B2,Adult,0,3,prizes prized,0
2003,3000,typically,/ˈtɪpɪkli/,"thường, thông thường, điển hình là",Adverb,Adverb,B2,Adult,0,1,,0
2004,3000,peer,/pɪr/,"người ngang hàng, bạn đồng trang lứa",Noun,Noun|Verb,B2,Adult,0,4,peers peered peering,0
2005,3000,pension,/ˈpɛnʃən/,"lương hưu, tiền trợ cấp hưu trí",Noun,Noun|Verb,B2,Adult,0,4,pensions pensioned pensioning,0
2006,3000,wing,/wɪŋ/,"cánh, cánh máy bay; cánh nhà",Noun,Noun|Verb,B2,Adult,0,4,wings winged winging,1
2007,3000,acquisition,/ˌækwəˈzɪʃən/,"sự mua lại, sự thu nhận, sự tiếp thu",Noun,Noun,B2,Adult,0,2,acquisitions,0
2008,3000,laughter,/ˈlæftər/,"tiếng cười, sự cười đùa",Noun,Noun,B2,Adult,0,1,,0
2009,3000,deeply,/ˈdiːpli/,"sâu sắc, một cách sâu sắc, hết sức",Adverb,Adverb,B2,Adult,0,1,,0
2010,3000,recognition,/ˌrɛkəɡˈnɪʃən/,"sự công nhận, sự nhận ra, sự thừa nhận",Noun,Noun,B2,Adult,0,2,recognitions,0
2011,3000,electricity,/ɪˌlɛkˈtrɪsəti/,"điện, điện năng, dòng điện",Noun,Noun,B2,Adult,0,1,,0
2012,3000,assistance,/əˈsɪstəns/,"sự giúp đỡ, sự hỗ trợ, sự trợ giúp",Noun,Noun,B2,Adult,0,2,assistances,0
2013,3000,roof,/ruːf/,"mái nhà, nóc nhà",Noun,Noun|Verb,B2,Adult,0,4,roofs roofed roofing,0
2014,3000,retirement,/riˈtaɪərmənt/,"sự nghỉ hưu, việc về hưu",Noun,Noun,B2,Adult,0,2,retirements,0
2015,3000,respectively,/rɪˈspɛktɪvli/,"lần lượt, theo thứ tự tương ứng",Adverb,Adverb,B2,Adult,0,1,,0
2016,3000,variation,/ˌvɛriˈeɪʃən/,"sự biến đổi, sự thay đổi, biến thể",Noun,Noun,B2,Adult,0,2,variations,0
2017,3000,ultimately,/ˈʌltəmətli/,"cuối cùng, rốt cuộc, sau cùng",Adverb,Adverb,B2,Adult,0,1,,0
2018,3000,proof,/pruːf/,"bằng chứng, chứng cứ, sự chứng minh",Noun,Noun|Adjective|Verb,B2,Adult,0,4,proofs proofed proofing,0
2019,3000,soil,/sɔɪl/,"đất, thổ nhưỡng, đất trồng",Noun,Noun|Verb,B2,Adult,0,4,soils soiled soiling,0
2020,3000,smart,/smɑːrt/,"thông minh, khôn ngoan, lịch sự",Adjective,Noun|Verb|Adjective,B2,Adult,0,6,smarts smarted smarting smarter smartest,0
2021,3000,layer,/ˈleɪər/,"lớp, tầng, lớp phủ",Noun,Noun|Verb,B2,Adult,0,4,layers layered layering,0
2022,3000,upset,/əpˈsɛt/,"buồn bực, khó chịu, bực mình",Adjective,Adjective|Verb|Noun,B2,Adult,0,3,upsets upsetting,0
2023,3000,tooth,/tuːθ/,"răng, cái răng, hàm răng",Noun,Noun|Verb,B2,Adult,0,3,teeth toothed,0
2024,3000,representation,/ˌrɛprəzɛnˈteɪʃən/,"sự đại diện, sự thể hiện, hình ảnh biểu thị",Noun,Noun,B2,Adult,0,2,representations,0
2025,3000,preparation,/ˌprɛpərˈeɪʃən/,"sự chuẩn bị, việc sửa soạn",Noun,Noun,B2,Adult,0,2,preparations,0
2026,3000,dispute,/dɪsˈpjuːt/,"cuộc tranh chấp, sự tranh cãi, mối bất đồng",Noun,Noun|Verb,B2,Adult,0,4,disputes disputed disputing,0
2027,3000,agenda,/əˈdʒɛndə/,"chương trình nghị sự, nội dung cuộc họp",Noun,Noun,B2,Adult,0,2,agendas,0
2028,3000,emphasis,/ˈɛmfəsəs/,"sự nhấn mạnh, sự chú trọng",Noun,Noun,B2,Adult,0,2,emphases,0
2029,3000,edition,/əˈdɪʃən/,"ấn bản, lần xuất bản, số báo",Noun,Noun,B2,Adult,0,2,editions,0
2030,3000,silver,/ˈsɪlvər/,"bạc, kim loại bạc, màu bạc",Noun,Noun|Adjective|Verb,B2,Adult,0,3,silvers silvered,0
2031,3000,entertainment,/ˌɛntərˈteɪnmənt/,"sự giải trí, trò tiêu khiển",Noun,Noun,B2,Adult,0,2,entertainments,0
2032,3000,honest,/ˈɑːnəst/,"trung thực, thật thà, thành thật",Adjective,Adjective,B2,Adult,0,1,,0
2033,3000,undertake,/ˈʌndərˌteɪk/,"đảm nhận, tiến hành, cam kết",Verb,Verb,B2,Adult,0,6,undertakes undertook undertaking undertaken undertakings,0
2034,3000,retail,/ˈriːˌteɪl/,"việc bán lẻ, ngành bán lẻ",Noun,Noun|Adverb|Verb,B2,Adult,0,4,retails retailed retailing,0
2035,3000,wire,/ˈwaɪər/,"dây, dây điện, dây kim loại",Noun,Noun|Verb,B2,Adult,0,5,wires wired wiring wirings,0
2036,3000,unlikely,/ənˈlaɪkli/,"khó xảy ra, ít có khả năng",Adjective,Adjective,B2,Adult,0,3,unlikelier unlikeliest,0
2037,3000,gay,/ɡeɪ/,"đồng tính, đồng tính luyến ái",Adjective,Adjective,B2,Adult,0,4,gayer gayest gays,0
2038,3000,publication,/ˌpʌblɪˈkeɪʃən/,"ấn phẩm, sự xuất bản, việc công bố",Noun,Noun,B2,Adult,0,2,publications,0
2039,3000,slight,/slaɪt/,"nhẹ, nhỏ, không đáng kể",Adjective,Adjective|Noun|Verb,B2,Adult,0,6,slights slighted slighting slighter slightest,0
2040,3000,unknown,/ənˈnoʊn/,"không biết, chưa rõ, vô danh",Adjective,Adjective|Noun,B2,Adult,0,2,unknowns,0
2041,3000,framework,/ˈfreɪmˌwɜːrk/,"khuôn khổ, khung sườn, hệ thống nền tảng",Noun,Noun,B2,Adult,0,2,frameworks,0
2042,3000,zone,/zoʊn/,"khu vực, vùng, khu",Noun,Noun|Verb,B2,Adult,0,5,zones zoned zoning zonings,0
2043,3000,restrict,/riˈstrɪkt/,"hạn chế, giới hạn, kiềm chế",Verb,Verb,B2,Adult,0,4,restricts restricted restricting,0
2044,3000,trace,/treɪs/,"lần theo, truy tìm dấu vết, phác lại",Verb,Noun|Verb,B2,Adult,0,5,traces traced tracing tracings,0
2045,3000,inch,/ɪntʃ/,"tấc Anh, đơn vị đo chiều dài Anh Mỹ",Noun,Noun|Verb,B2,Adult,0,4,inches inched inching,0
2046,3000,equivalent,/ɪˈkwɪvələnt/,"tương đương, ngang bằng, tương ứng",Adjective,Adjective|Noun,B2,Adult,0,2,equivalents,0
2047,3000,solid,/ˈsɑːləd/,"rắn, chắc chắn, vững chắc",Adjective,Adjective|Noun|Adverb,B2,Adult,0,2,solids,0
2048,3000,enterprise,/ˈɛntərˌpraɪz/,"doanh nghiệp, xí nghiệp, sự nghiệp lớn",Noun,Noun,B2,Adult,0,3,enterprises enterprising,0
2049,3000,elderly,/ˈɛldərli/,"cao tuổi, lớn tuổi, già",Adjective,Adjective,B2,Adult,0,1,,0
2050,3000,owe,/oʊ/,"nợ, mắc nợ, hàm ơn",Verb,Verb,B2,Adult,0,4,owes owed owing,0
2051,3000,governor,/ˈɡʌvərnər/,"thống đốc, tỉnh trưởng",Noun,Noun,B2,Adult,0,2,governors,0
2052,3000,uniform,/ˈjuːnəˌfɔːrm/,"đồng phục, quân phục",Noun,Adjective|Noun|Verb,B2,Adult,0,3,uniforms uniformed,0
2053,3000,port,/pɔːrt/,"cảng, hải cảng, cửa khẩu",Noun,Noun|Verb,B2,Adult,0,4,ports ported porting,0
2054,3000,pitch,/pɪtʃ/,"sân đấu; cao độ âm thanh, lời chào hàng",Noun,Noun|Verb,B2,Adult,0,4,pitches pitched pitching,1
2055,3000,arrival,/ərˈaɪvəl/,"sự đến, sự tới nơi, người mới đến",Noun,Noun,B2,Adult,0,2,arrivals,0
2056,3000,contemporary,/kənˈtɛmpərˌɛri/,"đương đại, cùng thời, hiện đại",Adjective,Adjective|Noun,B2,Adult,0,2,contemporaries,0
2057,3000,gate,/ɡeɪt/,"cổng, cửa, cửa lên máy bay",Noun,Noun|Verb,B2,Adult,0,4,gates gated gating,0
2058,3000,ease,/iːz/,"sự dễ dàng, sự thoải mái",Noun,Noun|Verb,B2,Adult,0,4,eases eased easing,0
2059,3000,beer,/bɪr/,"bia, rượu bia, cốc bia",Noun,Noun,B2,Adult,0,2,beers,0
2060,3000,specialist,/ˈspɛʃələst/,"chuyên gia, chuyên viên, bác sĩ chuyên khoa",Noun,Noun,B2,Adult,0,2,specialists,0
2061,3000,assure,/əˈʃʊr/,"cam đoan, đảm bảo, khẳng định chắc chắn",Verb,Verb,B2,Adult,0,4,assures assured assuring,0
2062,3000,profile,/ˈproʊˌfaɪl/,"hồ sơ cá nhân, lý lịch; mặt nghiêng",Noun,Noun|Verb,B2,Adult,0,5,profiles profiled profiling profilings,1
2063,3000,mood,/muːd/,"tâm trạng, tâm tính, khí sắc",Noun,Noun,B2,Adult,0,2,moods,0
2064,3000,episode,/ˈɛpəˌsoʊd/,"tập phim, đoạn, sự việc",Noun,Noun,B2,Adult,0,2,episodes,0
2065,3000,crack,/kræk/,"nứt, rạn nứt, làm vỡ, bẻ gãy",Verb,Adjective|Verb,B2,Adult,0,4,cracks cracked cracking,0
2066,3000,numerous,/ˈnuːmərəs/,"nhiều, đông đảo, vô số",Adjective,Adjective,B2,Adult,0,1,,0
2067,3000,submit,/səbˈmɪt/,"nộp, đệ trình, phục tùng",Verb,Verb,B2,Adult,0,4,submits submitted submitting,0
2068,3000,symptom,/ˈsɪmptəm/,"triệu chứng, dấu hiệu bệnh",Noun,Noun,B2,Adult,0,2,symptoms,0
2069,3000,virtually,/ˈvɜːrtʃuəli/,"hầu như, gần như, thực tế là",Adverb,Adverb,B2,Adult,0,1,,0
2070,3000,era,/ˈɛrə/,"thời đại, kỷ nguyên, thời kỳ",Noun,Noun,B2,Adult,0,2,eras,0
2071,3000,coverage,/ˈkʌvərədʒ/,"sự đưa tin, phạm vi bao phủ, mức bảo hiểm",Noun,Noun,B2,Adult,0,1,,0
2072,3000,tension,/ˈtɛnʃən/,"sự căng thẳng, độ căng, mối căng thẳng",Noun,Noun,B2,Adult,0,4,tensions tensioned tensioning,0
2073,3000,cable,/ˈkeɪbəl/,"dây cáp, cáp điện, truyền hình cáp",Noun,Noun|Verb,B2,Adult,0,4,cables cabled cabling,0
2074,3000,sensitive,/ˈsɛnsətɪv/,"nhạy cảm, dễ xúc động, tế nhị",Adjective,Adjective|Noun,B2,Adult,0,1,,0
2075,3000,nervous,/ˈnɜːrvəs/,"lo lắng, hồi hộp, bồn chồn",Adjective,Adjective,B2,Adult,0,1,,0
2076,3000,input,/ˈɪnˌpʊt/,"đầu vào, dữ liệu nhập, ý kiến đóng góp",Noun,Noun|Verb,B2,Adult,0,4,inputs inputted inputting,0
2077,3000,isolate,/ˈaɪsəˌleɪt/,"cô lập, tách riêng, cách ly",Verb,Verb,B2,Adult,0,4,isolates isolated isolating,0
2078,3000,prisoner,/ˈprɪzənər/,"tù nhân, người tù, tù binh",Noun,Noun,B2,Adult,0,2,prisoners,0
2079,3000,eliminate,/ɪˈlɪməˌneɪt/,"loại bỏ, loại trừ, xóa bỏ",Verb,Verb,B2,Adult,0,4,eliminates eliminated eliminating,0
2080,3000,tight,/taɪt/,"chặt, chật, căng, khít",Adjective,Adjective|Adverb,B2,Adult,0,3,tighter tightest,0
2081,3000,wet,/wɛt/,"ướt, ẩm ướt, đẫm nước",Adjective,Adjective|Noun|Verb,B2,Adult,0,6,wets wetted wetting wetter wettest,0
2082,3000,secondary,/ˈsɛkənˌdɛri/,"thứ cấp, phụ, thuộc bậc trung học",Adjective,Adjective|Noun,B2,Adult,0,1,,0
2083,3000,welfare,/ˈwɛlˌfɛr/,"phúc lợi, trợ cấp xã hội, sự an sinh",Noun,Noun,B2,Adult,0,2,welfares,0
2084,3000,recruit,/rəˈkruːt/,"tuyển dụng, tuyển mộ, chiêu mộ",Verb,Noun|Verb,B2,Adult,0,4,recruits recruited recruiting,0
2085,3000,exclude,/ɪksˈkluːd/,"loại trừ, không tính đến, gạt ra",Verb,Verb,B2,Adult,0,4,excludes excluded excluding,0
2086,3000,string,/strɪŋ/,"dây, sợi dây, chuỗi",Noun,Noun|Verb,B2,Adult,0,4,strings strung stringing,0
2087,3000,cloud,/klaʊd/,"đám mây, mây trời, làn mây",Noun,Noun|Verb,B2,Adult,0,4,clouds clouded clouding,0
2088,3000,persuade,/pərˈsweɪd/,"thuyết phục, khuyên nhủ",Verb,Verb,B2,Adult,0,4,persuades persuaded persuading,0
2089,3000,inspire,/ˌɪnˈspaɪr/,"truyền cảm hứng, khơi nguồn, gợi hứng",Verb,Verb,B2,Adult,0,4,inspires inspired inspiring,0
2090,3000,grand,/ɡrænd/,"hoành tráng, lớn, trọng đại",Adjective,Adjective|Noun,B2,Adult,0,3,grander grandest,0
2091,3000,hence,/hɛns/,"do đó, vì vậy, từ đó",Adverb,Adverb,B2,Adult,0,1,,0
2092,3000,crew,/kruː/,"đội, tổ, phi hành đoàn",Noun,Noun,B2,Adult,0,4,crews crewed crewing,0
2093,3000,phenomenon,/fəˈnɑːməˌnɑːn/,"hiện tượng, sự việc kỳ lạ",Noun,Noun,B2,Adult,0,2,phenomena,0
2094,3000,pupil,/ˈpjuːpəl/,"học sinh, con ngươi mắt",Noun,Noun,B2,Adult,0,2,pupils,0
2095,3000,false,/fɔːls/,"sai, giả, không đúng",Adjective,Adjective|Adverb,B2,Adult,0,3,falser falsest,0
2096,3000,assist,/əˈsɪst/,"giúp đỡ, hỗ trợ, trợ giúp",Verb,Verb,B2,Adult,0,4,assists assisted assisting,0
2097,3000,restore,/rɪˈstɔːr/,"khôi phục, phục hồi, trùng tu",Verb,Verb,B2,Adult,0,4,restores restored restoring,0
2098,3000,formula,/ˈfɔːrmjələ/,"công thức, phương thức, sữa bột trẻ em",Noun,Noun,B2,Adult,0,3,formulas formulae,0
2099,3000,alter,/ˈɔːltər/,"thay đổi, sửa đổi, biến đổi",Verb,Verb,B2,Adult,0,4,alters altered altering,0
2100,3000,perceive,/pərˈsiːv/,"nhận thức, cảm nhận, coi là",Verb,Verb,B2,Adult,0,4,perceives perceived perceiving,0
2101,3000,routine,/ruˈtiːn/,"thói quen hằng ngày, nếp sinh hoạt",Noun,Noun,B2,Adult,0,2,routines,0
2102,3000,sink,/sɪŋk/,"chìm, đắm, lún xuống",Verb,Noun|Verb,B2,Adult,0,5,sinks sank sinking sunk,0
2103,3000,stare,/stɛr/,"nhìn chằm chằm, nhìn trân trối",Verb,Noun|Verb,B2,Adult,0,4,stares stared staring,0
2104,3000,anymore,/ˌɛniˈmɔːr/,"nữa, không còn nữa",Adverb,Adverb,B2,Adult,0,1,,0
2105,3000,hero,/ˈhɪroʊ/,"anh hùng, nhân vật chính, người hùng",Noun,Noun,B2,Adult,0,2,heroes,0
2106,3000,supporter,/səˈpɔːrtər/,"người ủng hộ, cổ động viên",Noun,Noun,B2,Adult,0,2,supporters,0
2107,3000,convert,/ˈkɑːnvərt/,"chuyển đổi, biến đổi, đổi sang",Verb,Noun|Verb,B2,Adult,0,4,converts converted converting,0
2108,3000,steady,/ˈstɛdi/,"vững vàng, ổn định, đều đặn",Adjective,Adjective|Verb|Noun,B2,Adult,0,6,steadies steadied steadying steadier steadiest,0
2109,3000,meter,/ˈmiːtər/,"mét; đồng hồ đo, công tơ",Noun,Noun,B2,Adult,0,6,meters metered metering metre metres,1
2110,3000,truck,/trʌk/,"xe tải, xe vận tải",Noun,Noun|Verb,B2,Adult,0,4,trucks trucked trucking,0
2111,3000,nose,/noʊz/,"mũi, chóp mũi, đầu mũi",Noun,Noun|Verb,B2,Adult,0,4,noses nosed nosing,0
2112,3000,beside,/bɪˈsaɪd/,"bên cạnh, kế bên, ở cạnh",Preposition,Preposition,B2,Grammar,1,1,,0
2113,3000,sail,/seɪl/,"đi tàu, giương buồm, ra khơi",Verb,Noun|Verb,B2,Adult,0,4,sails sailed sailing,0
2114,3000,disaster,/dɪˈzæstər/,"thảm họa, tai họa, thiên tai",Noun,Noun,B2,Adult,0,2,disasters,0
2115,3000,pace,/peɪs/,"nhịp độ, tốc độ, bước đi",Noun,Noun|Verb,B2,Adult,0,4,paces paced pacing,0
2116,3000,heavily,/ˈhɛvəli/,"nặng nề, nhiều, dữ dội",Adverb,Adverb,B2,Adult,0,1,,0
2117,3000,devote,/dɪˈvoʊt/,"dành hết, cống hiến, hiến dâng",Verb,Verb,B2,Adult,0,4,devotes devoted devoting,0
2118,3000,terrorist,/ˈtɛrərɪst/,"kẻ khủng bố, phần tử khủng bố",Noun,Noun|Adjective,B2,Adult,0,2,terrorists,0
2119,3000,justify,/ˈdʒʌstəˌfaɪ/,"biện minh, bào chữa, chứng minh là đúng",Verb,Verb,B2,Adult,0,4,justifies justified justifying,0
2120,3000,vital,/ˈvaɪtəl/,"thiết yếu, sống còn, cực kỳ quan trọng",Adjective,Adjective,B2,Adult,0,2,vitals,0
2121,3000,fascinate,/ˈfæsəˌneɪt/,"mê hoặc, làm say mê, cuốn hút",Verb,Verb,B2,Adult,0,4,fascinates fascinated fascinating,0
2122,3000,external,/ɪkˈstɜːrnəl/,"bên ngoài, ngoại vi, thuộc phía ngoài",Adjective,Adjective,B2,Adult,0,2,externals,0
2123,3000,spare,/spɛr/,"dự phòng, dư ra, rảnh rỗi",Adjective,Adjective|Noun|Verb,B2,Adult,0,6,spares spared sparing sparer sparest,0
2124,3000,whenever,/wɛˈnɛvər/,"bất cứ khi nào, mỗi khi, hễ khi nào",Conjunction,Conjunction|Adverb,B2,Grammar,1,1,,0
2125,3000,depression,/dɪˈprɛʃən/,chứng trầm cảm; suy thoái kinh tế,Noun,Noun,B2,Adult,0,2,depressions,1
2126,3000,guilty,/ˈɡɪlti/,"có tội, phạm tội, thấy tội lỗi",Adjective,Adjective,B2,Adult,0,3,guiltier guiltiest,0
2127,3000,underlie,/ˌʌndərˈlaɪ/,"làm nền tảng cho, nằm bên dưới",Verb,Verb,B2,Adult,0,4,underlies underlying underlain,0
2128,3000,mom,/mɑːm/,"mẹ, má, người mẹ",Noun,Noun,B2,Adult,0,4,moms mommy mommies,0
2129,3000,distinction,/dɪˈstɪŋkʃən/,"sự phân biệt, điểm khác biệt",Noun,Noun,B2,Adult,0,2,distinctions,0
2130,3000,satisfaction,/ˌsætəˈsfækʃən/,"sự hài lòng, sự thỏa mãn, sự mãn nguyện",Noun,Noun,B2,Adult,0,2,satisfactions,0
2131,3000,incorporate,/ˌɪnˈkɔːrpərˌeɪt/,"kết hợp, sáp nhập, đưa vào",Verb,Adjective|Verb,B2,Adult,0,4,incorporates incorporated incorporating,0
2132,3000,pour,/pɔːr/,"rót, đổ, trút, chan",Verb,Verb|Noun,B2,Adult,0,4,pours poured pouring,0
2133,3000,sweep,/swiːp/,"quét, quét sạch, lướt qua",Verb,Noun|Verb,B2,Adult,0,5,sweeps swept sweeping sweepings,0
2134,3000,obligation,/ˌɑːbləˈɡeɪʃən/,"nghĩa vụ, trách nhiệm, bổn phận",Noun,Noun,B2,Adult,0,2,obligations,0
2135,3000,sir,/sɜːr/,"ngài, thưa ông, quý ông",Noun,Noun|Verb,B2,Adult,0,1,,0
2136,3000,evaluate,/ɪˈvæljuˌeɪt/,"đánh giá, định giá, thẩm định",Verb,Verb,B2,Adult,0,4,evaluates evaluated evaluating,0
2137,3000,anger,/ˈæŋɡər/,"sự tức giận, cơn giận, nỗi phẫn nộ",Noun,Noun|Verb,B2,Adult,0,3,angers angered,0
2138,3000,pub,/pʌb/,"quán rượu, quán bia",Noun,Noun,B2,Adult,0,2,pubs,0
2139,3000,perception,/pərˈsɛpʃən/,"nhận thức, sự cảm nhận, quan niệm",Noun,Noun,B2,Adult,0,2,perceptions,0
2140,3000,naturally,/ˈnætʃərəli/,"một cách tự nhiên, đương nhiên",Adverb,Adverb,B2,Adult,0,1,,0
2141,3000,currency,/ˈkɜːrənsi/,"tiền tệ, đơn vị tiền",Noun,Noun,B2,Adult,0,2,currencies,0
2142,3000,database,/ˈdeɪtəˌbeɪs/,"cơ sở dữ liệu, kho dữ liệu",Noun,Noun,B2,Adult,0,2,databases,0
2143,3000,initially,/ˌɪˈnɪʃəli/,"ban đầu, lúc đầu, thoạt tiên",Adverb,Adverb,B2,Adult,0,1,,0
2144,3000,territory,/ˈtɛrɪˌtɔːri/,"lãnh thổ, vùng đất, địa bàn",Noun,Noun,B2,Adult,0,2,territories,0
2145,3000,stream,/striːm/,"dòng suối, dòng chảy, luồng",Noun,Noun|Verb,B2,Adult,0,4,streams streamed streaming,0
2146,3000,rarely,/ˈrɛrli/,"hiếm khi, ít khi, họa hoằn",Adverb,Adverb,B2,Adult,0,1,,0
2147,3000,height,/haɪt/,"chiều cao, độ cao",Noun,Noun,B2,Adult,0,2,heights,0
2148,3000,apparent,/əˈpɛrənt/,"rõ ràng, hiển nhiên, bề ngoài",Adjective,Adjective,B2,Adult,0,1,,0
2149,3000,western,/ˈwɛstərn/,"thuộc phương Tây, ở phía tây",Adjective,Adjective|Noun,B2,Adult,0,2,westerns,0
2150,3000,expansion,/ɪkˈspænʃən/,"sự mở rộng, sự bành trướng, sự khuếch trương",Noun,Noun,B2,Adult,0,2,expansions,0
2151,3000,constantly,/ˈkɑːnstəntli/,"liên tục, không ngừng, thường xuyên",Adverb,Noun|Adverb,B2,Adult,0,1,,0
2152,3000,muscle,/ˈmʌsəl/,"cơ bắp, bắp thịt",Noun,Noun|Verb,B2,Adult,0,3,muscles muscled,0
2153,3000,scare,/skɛr/,"làm sợ hãi, dọa, hù dọa",Verb,Noun|Verb,B2,Adult,0,4,scares scared scaring,0
2154,3000,badly,/ˈbædli/,"tệ, kém, tồi tệ",Adverb,Adverb,B2,Adult,0,1,,0
2155,3000,everyday,/ˈɛvriˈdeɪ/,"hằng ngày, thường ngày",Adjective,Adjective,B2,Adult,0,1,,0
2156,3000,boundary,/ˈbaʊndəri/,"ranh giới, biên giới, giới hạn",Noun,Noun,B2,Adult,0,2,boundaries,0
2157,3000,ratio,/ˈreɪʃiˌoʊ/,"tỉ lệ, tỉ số, tương quan",Noun,Noun,B2,Adult,0,2,ratios,0
2158,3000,essay,/ɛˈseɪ/,"bài luận, bài tiểu luận",Noun,Noun|Verb,B2,Adult,0,4,essays essayed essaying,0
2159,3000,scream,/skriːm/,"hét lên, la hét, gào thét",Verb,Noun|Verb,B2,Adult,0,4,screams screamed screaming,0
2160,3000,withdraw,/wɪðˈdrɔː/,"rút lui, rút ra, rút tiền",Verb,Verb,B2,Adult,0,5,withdraws withdrew withdrawing withdrawn,0
2161,3000,pollution,/pəˈluːʃən/,"sự ô nhiễm, ô nhiễm môi trường",Noun,Noun,B2,Adult,0,2,pollutions,0
2162,3000,disorder,/dɪˈsɔːrdər/,"rối loạn, sự lộn xộn, chứng bệnh",Noun,Noun|Verb,B2,Adult,0,4,disorders disordered disordering,0
2163,3000,furniture,/ˈfɜːrnɪtʃər/,"đồ đạc, đồ nội thất",Noun,Noun,B2,Adult,0,1,,0
2164,3000,symbol,/ˈsɪmbəl/,"biểu tượng, ký hiệu, dấu hiệu",Noun,Noun|Verb,B2,Adult,0,2,symbols,0
2165,3000,apartment,/əˈpɑːrtmənt/,"căn hộ, chung cư",Noun,Noun,B2,Adult,0,2,apartments,0
2166,3000,demonstration,/ˌdɛmənˈstreɪʃən/,"sự trình diễn, sự minh họa; cuộc biểu tình",Noun,Noun,B2,Adult,0,2,demonstrations,1
2167,3000,analyst,/ˈænəlɪst/,"nhà phân tích, chuyên viên phân tích",Noun,Noun,B2,Adult,0,2,analysts,0
2168,3000,platform,/ˈplætˌfɔːrm/,"nền tảng; sân ga, bục",Noun,Noun|Verb,B2,Adult,0,2,platforms,1
2169,3000,steel,/stiːl/,"thép, sắt thép, hợp kim thép",Noun,Noun|Verb,B2,Adult,0,4,steels steeled steeling,0
2170,3000,cake,/keɪk/,"bánh ngọt, bánh",Noun,Noun|Verb,B2,Adult,0,4,cakes caked caking,0
2171,3000,transform,/trænˈsfɔːrm/,"biến đổi, chuyển hóa, cải biến",Verb,Verb,B2,Adult,0,4,transforms transformed transforming,0
2172,3000,wound,/waʊnd/,"vết thương, thương tích",Noun,Noun|Verb,B2,Adult,0,4,wounds wounded wounding,0
2173,3000,restriction,/riˈstrɪkʃən/,"sự hạn chế, quy định hạn chế",Noun,Noun,B2,Adult,0,2,restrictions,0
2174,3000,foundation,/faʊnˈdeɪʃən/,"nền móng, nền tảng; quỹ từ thiện",Noun,Noun,B2,Adult,0,2,foundations,1
2175,3000,designer,/dɪˈzaɪnər/,"nhà thiết kế, người thiết kế",Noun,Noun,B2,Adult,0,2,designers,0
2176,3000,strain,/streɪn/,"sự căng thẳng, áp lực, sức căng",Noun,Noun|Verb,B2,Adult,0,4,strains strained straining,0
2177,3000,innovation,/ˌɪnəˈveɪʃən/,"sự đổi mới, cải tiến, sáng kiến",Noun,Noun,B2,Adult,0,2,innovations,0
2178,3000,album,/ˈælbəm/,"tập ảnh, đĩa nhạc",Noun,Noun,B2,Adult,0,2,albums,0
2179,3000,singer,/ˈsɪŋər/,"ca sĩ, người hát",Noun,Noun,B2,Adult,0,2,singers,0
2180,3000,trail,/treɪl/,"đường mòn, dấu vết, lối đi",Noun,Noun|Verb,B2,Adult,0,4,trails trailed trailing,0
2181,3000,trap,/træp/,"cái bẫy, cạm bẫy",Noun,Noun|Verb,B2,Adult,0,5,traps trapped trapping trappings,0
2182,3000,loose,/luːs/,"lỏng, rời, không chặt",Adjective,Adjective|Noun|Verb,B2,Adult,0,6,looses loosed loosing looser loosest,0
2183,3000,extension,/ɪkˈstɛnʃən/,"sự mở rộng, phần mở rộng, sự gia hạn",Noun,Noun,B2,Adult,0,2,extensions,0
2184,3000,wealth,/wɛlθ/,"của cải, tài sản, sự giàu có",Noun,Noun,B2,Adult,0,1,,0
2185,3000,gradually,/ˈɡrædʒuəli/,"dần dần, từ từ, từng bước",Adverb,Adverb,B2,Adult,0,1,,0
2186,3000,tank,/tæŋk/,"bể chứa, thùng chứa; xe tăng",Noun,Noun,B2,Adult,0,4,tanks tanked tanking,1
2187,3000,evil,/ˈiːvəl/,"xấu xa, độc ác, tà ác",Adjective,Adjective|Noun,B2,Adult,0,4,evils eviler evilest,0
2188,3000,remarkable,/rɪˈmɑːrkəbəl/,"đáng chú ý, phi thường, đáng kinh ngạc",Adjective,Adjective,B2,Adult,0,1,,0
2189,3000,tune,/tuːn/,"giai điệu, điệu nhạc",Noun,Noun|Verb,B2,Adult,0,4,tunes tuned tuning,0
2190,3000,grass,/ɡræs/,"cỏ, bãi cỏ, thảm cỏ",Noun,Noun|Verb,B2,Adult,0,4,grasses grassed grassing,0
2191,3000,invitation,/ˌɪnvɪˈteɪʃən/,"lời mời, giấy mời",Noun,Noun,B2,Adult,0,2,invitations,0
2192,3000,transition,/trænˈzɪʃən/,"sự chuyển tiếp, giai đoạn chuyển đổi",Noun,Noun,B2,Adult,0,4,transitions transitioned transitioning,0
2193,3000,frighten,/ˈfraɪtən/,"làm sợ hãi, dọa nạt, khiến hoảng sợ",Verb,Verb,B2,Adult,0,4,frightens frightened frightening,0
2194,3000,bid,/bɪd/,"trả giá, đấu thầu, ra giá",Verb,Noun|Verb,B2,Adult,0,4,bids bade bidding,0
2195,3000,breed,/briːd/,"nhân giống, gây giống, sinh sản",Verb,Noun|Verb,B2,Adult,0,4,breeds bred breeding,0
2196,3000,extraordinary,/ˌɛkstrəˈɔːrdəˌnɛri/,"phi thường, khác thường, đặc biệt",Adjective,Adjective,B2,Adult,0,1,,0
2197,3000,brilliant,/ˈbrɪljənt/,"xuất sắc, tài giỏi, rực rỡ",Adjective,Adjective|Noun,B2,Adult,0,1,,0
2198,3000,adviser,/ædˈvaɪzər/,"cố vấn, người tư vấn",Noun,Noun,B2,Adult,0,2,advisers,0
2199,3000,stem,/stɛm/,"thân cây, cuống, cọng",Noun,Noun|Verb,B2,Adult,0,4,stems stemmed stemming,0
2200,3000,reverse,/rɪˈvɜːrs/,"đảo ngược, lật ngược, lùi lại",Verb,Adjective|Noun|Verb,B2,Adult,0,4,reverses reversed reversing,0
2201,3000,mode,/moʊd/,"chế độ, phương thức, cách thức",Noun,Noun,B2,Adult,0,2,modes,0
2202,3000,mirror,/ˈmɪrər/,"gương, tấm gương",Noun,Noun|Verb,B2,Adult,0,4,mirrors mirrored mirroring,0
2203,3000,awful,/ˈɑːfəl/,"kinh khủng, tồi tệ, khủng khiếp",Adjective,Adjective,B2,Adult,0,1,,0
2204,3000,pose,/poʊz/,"đặt ra, gây ra, tạo dáng",Verb,Noun|Verb,B2,Adult,0,4,poses posed posing,0
2205,3000,adjust,/əˈdʒʌst/,"điều chỉnh, chỉnh sửa, thích nghi",Verb,Verb,B2,Adult,0,4,adjusts adjusted adjusting,0
2206,3000,creative,/kriˈeɪtɪv/,"sáng tạo, có óc sáng tạo",Adjective,Adjective,B2,Adult,0,1,,0
2207,3000,nowadays,/ˈnaʊəˌdeɪz/,"ngày nay, hiện nay, thời nay",Adverb,Adverb|Noun,B2,Adult,0,1,,0
2208,3000,poem,/ˈpoʊəm/,"bài thơ, thơ ca",Noun,Noun,B2,Adult,0,2,poems,0
2209,3000,agricultural,/ˌæɡrəˈkʌltʃərəl/,"thuộc nông nghiệp, về canh tác",Adjective,Adjective,B2,Adult,0,1,,0
2210,3000,competitor,/kəmˈpɛtətər/,"đối thủ cạnh tranh, thí sinh dự thi",Noun,Noun,B2,Adult,0,2,competitors,0
2211,3000,alcohol,/ˈælkəˌhɑːl/,"rượu, cồn, đồ uống có cồn",Noun,Noun,B2,Adult,0,2,alcohols,0
2212,3000,festival,/ˈfɛstəvəl/,"lễ hội, liên hoan",Noun,Adjective|Noun,B2,Adult,0,2,festivals,0
2213,3000,vegetable,/ˈvɛdʒtəbəl/,"rau, rau củ, rau xanh",Noun,Adjective|Noun,B2,Adult,0,2,vegetables,0
2214,3000,van,/væn/,"xe tải nhỏ, xe thùng chở hàng",Noun,Noun|Verb,B2,Adult,0,2,vans,0
2215,3000,confident,/ˈkɑːnfədənt/,"tự tin, chắc chắn, tin tưởng",Adjective,Adjective|Noun,B2,Adult,0,2,confidents,0
2216,3000,planet,/ˈplænət/,"hành tinh, tinh cầu",Noun,Noun,B2,Adult,0,2,planets,0
2217,3000,curve,/kɜːrv/,"đường cong, khúc cua",Noun,Noun|Verb,B2,Adult,0,4,curves curved curving,0
2218,3000,knee,/niː/,"đầu gối, khớp gối",Noun,Noun|Verb,B2,Adult,0,4,knees kneed kneeing,0
2219,3000,overcome,/ˈoʊvərˌkʌm/,"vượt qua, khắc phục, chế ngự",Verb,Verb|Adjective,B2,Adult,0,4,overcomes overcame overcoming,0
2220,3000,web,/wɛb/,"mạng, trang mạng; mạng nhện",Noun,Noun,B2,Adult,0,5,webs webbed webbing webbings,1
2221,3000,depth,/dɛpθ/,"chiều sâu, độ sâu",Noun,Noun,B2,Adult,0,2,depths,0
2222,3000,entrance,/ˈɛntrəns/,"lối vào, cửa vào, sự đi vào",Noun,Noun|Verb,B2,Adult,0,4,entrances entranced entrancing,0
2223,3000,log,/lɔːɡ/,"khúc gỗ; nhật ký, sổ ghi chép",Noun,Noun|Verb,B2,Adult,0,4,logs logged logging,1
2224,3000,giant,/ˈdʒaɪənt/,"người khổng lồ, gã khổng lồ",Noun,Noun|Adjective,B2,Adult,0,2,giants,0
2225,3000,god,/ɡɑːd/,"thần, thượng đế, chúa",Noun,Noun|Verb,B2,Adult,0,2,gods,0
2226,3000,portion,/ˈpɔːrʃən/,"phần, khẩu phần, suất",Noun,Noun|Verb,B2,Adult,0,4,portions portioned portioning,0
2227,3000,substance,/ˈsʌbstəns/,"chất, vật chất; nội dung chính",Noun,Noun,B2,Adult,0,2,substances,1
2228,3000,extensive,/ɪkˈstɛnsɪv/,"rộng lớn, sâu rộng, bao quát",Adjective,Adjective,B2,Adult,0,1,,0
2229,3000,interpret,/ˌɪnˈtɜːrprət/,"diễn giải, hiểu theo, phiên dịch",Verb,Verb,B2,Adult,0,4,interprets interpreted interpreting,0
2230,3000,independence,/ˌɪndɪˈpɛndəns/,"nền độc lập, sự tự lập",Noun,Noun,B2,Adult,0,2,independences,0
2231,3000,sugar,/ˈʃʊɡər/,"đường, đường ăn, chất đường",Noun,Noun|Verb,B2,Adult,0,3,sugars sugared,0
2232,3000,inner,/ˈɪnər/,"bên trong, phía trong, nội tâm",Adjective,Adjective|Noun,B2,Adult,0,2,inners,0
2233,3000,harm,/hɑːrm/,"làm hại, gây hại, gây tổn thương",Verb,Noun|Verb,B2,Adult,0,4,harms harmed harming,0
2234,3000,consult,/kənˈsʌlt/,"tham khảo, hỏi ý kiến, tư vấn",Verb,Verb,B2,Adult,0,4,consults consulted consulting,0
2235,3000,pink,/pɪŋk/,"màu hồng, hồng, phớt hồng",Adjective,Adjective|Noun|Verb,B2,Adult,0,6,pinks pinked pinking pinker pinkest,0
2236,3000,shadow,/ˈʃæˌdoʊ/,"bóng, bóng râm, cái bóng",Noun,Noun|Verb,B2,Adult,0,2,shadows,0
2237,3000,strip,/strɪp/,"lột bỏ, tước đi, cởi bỏ",Verb,Noun|Verb,B2,Adult,0,4,strips stripped stripping,0
2238,3000,smooth,/smuːð/,"mượt, nhẵn, trơn tru",Adjective,Adjective|Noun|Verb,B2,Adult,0,5,smoothed smoothing smoother smoothest,0
2239,3000,intervention,/ˌɪntərˈvɛnʃən/,"sự can thiệp, sự can dự",Noun,Noun,B2,Adult,0,2,interventions,0
2240,3000,impress,/ˌɪmˈprɛs/,"gây ấn tượng, làm cảm phục",Verb,Noun|Verb,B2,Adult,0,4,impresses impressed impressing,0
2241,3000,exam,/ɪɡˈzæm/,"kỳ thi, bài kiểm tra",Noun,Noun,B2,Adult,0,2,exams,0
2242,3000,vice,/vaɪs/,"thói xấu, tệ nạn; cấp phó",Noun,Noun|Verb|Preposition,B2,Adult,0,2,vices,1
2243,3000,radical,/ˈrædəkəl/,"triệt để, cấp tiến, căn bản",Adjective,Adjective|Noun,B2,Adult,0,2,radicals,0
2244,3000,similarly,/ˈsɪmələrli/,"tương tự, giống như vậy",Adverb,Adverb,B2,Adult,0,1,,0
2245,3000,behave,/bɪˈheɪv/,"cư xử, hành xử, ứng xử",Verb,Verb,B2,Adult,0,4,behaves behaved behaving,0
2246,3000,loud,/laʊd/,"to, ồn ào, oang oang",Adjective,Adjective|Adverb,B2,Adult,0,3,louder loudest,0
2247,3000,dimension,/dɪˈmɛnʃən/,"kích thước, chiều, khía cạnh",Noun,Noun|Verb,B2,Adult,0,4,dimensions dimensioned dimensioning,0
2248,3000,subsequent,/ˈsʌbsəkwənt/,"tiếp theo, sau đó, kế tiếp",Adjective,Adjective,B2,Adult,0,1,,0
2249,3000,infection,/ˌɪnˈfɛkʃən/,"sự nhiễm trùng, bệnh nhiễm khuẩn",Noun,Noun,B2,Adult,0,2,infections,0
2250,3000,jacket,/ˈdʒækət/,"áo khoác, áo khoác ngoài",Noun,Noun|Verb,B2,Adult,0,2,jackets,0
2251,3000,efficiency,/ɪˈfɪʃənsi/,"hiệu suất, hiệu quả, năng suất",Noun,Noun,B2,Adult,0,2,efficiencies,0
2252,3000,dirty,/ˈdɜːrti/,"bẩn, dơ, nhớp nháp",Adjective,Adjective|Verb,B2,Adult,0,6,dirties dirtied dirtying dirtier dirtiest,0
2253,3000,statistic,/stəˈtɪstɪk/,"số liệu thống kê, con số thống kê",Noun,Noun|Adjective,B2,Adult,0,2,statistics,0
2254,3000,regularly,/ˈrɛɡjələrli/,"thường xuyên, đều đặn, định kỳ",Adverb,Adverb,B2,Adult,0,1,,0
2255,3000,resort,/rɪˈzɔːrt/,"khu nghỉ dưỡng, nơi nghỉ mát",Noun,Noun|Verb,B2,Adult,0,4,resorts resorted resorting,0
2256,3000,iron,/ˈaɪərn/,"sắt; bàn là, bàn ủi",Noun,Noun|Adjective|Verb,B2,Adult,0,4,irons ironed ironing,1
2257,3000,broadcast,/ˈbrɔːdˌkæst/,"phát sóng, truyền thanh, phát đi",Verb,Adjective|Adverb|Noun|Verb,B2,Adult,0,4,broadcasts broadcasted broadcasting,0
2258,3000,membership,/ˈmɛmbərˌʃɪp/,"tư cách thành viên, số hội viên",Noun,Noun,B2,Adult,0,2,memberships,0
2259,3000,bread,/brɛd/,"bánh mì, ổ bánh mì",Noun,Verb|Noun,B2,Adult,0,4,breads breaded breading,0
2260,3000,blind,/blaɪnd/,"mù, khiếm thị, mù quáng",Adjective,Adjective|Noun|Verb,B2,Adult,0,6,blinds blinded blinding blinder blindest,0
2261,3000,pure,/pjʊr/,"tinh khiết, nguyên chất, thuần khiết",Adjective,Adjective,B2,Adult,0,3,purer purest,0
2262,3000,bloody,/ˈblʌdi/,"đẫm máu, đầy máu, vấy máu",Adjective,Adjective|Adverb|Verb,B2,Adult,0,6,bloodies bloodied bloodying bloodier bloodiest,0
2263,3000,ally,/ˈælaɪ/,"đồng minh, nước đồng minh",Noun,Noun|Verb,B2,Adult,0,3,allies allied,0
2264,3000,quantity,/ˈkwɑːntəti/,"số lượng, lượng",Noun,Noun,B2,Adult,0,2,quantities,0
2265,3000,bend,/bɛnd/,"uốn cong, bẻ cong, cúi xuống",Verb,Noun|Verb,B2,Adult,0,5,bends bended bending bent,0
2266,3000,mature,/məˈtʃʊr/,"trưởng thành, chín chắn, chín muồi",Adjective,Adjective|Verb,B2,Adult,0,4,matures matured maturing,0
2267,3000,briefly,/ˈbriːfli/,"ngắn gọn, vắn tắt, trong chốc lát",Adverb,Adverb,B2,Adult,0,1,,0
2268,3000,alarm,/əˈlɑːrm/,"báo động, chuông báo, sự lo sợ",Noun,Noun,B2,Adult,0,4,alarms alarmed alarming,0
2269,3000,disturb,/dɪˈstɜːrb/,"làm phiền, quấy rầy, khuấy động",Verb,Verb,B2,Adult,0,4,disturbs disturbed disturbing,0
2270,3000,sustain,/səˈsteɪn/,"duy trì, chống đỡ, chịu đựng",Verb,Verb,B2,Adult,0,4,sustains sustained sustaining,0
2271,3000,flood,/flʌd/,"lũ lụt, trận lụt, nạn ngập",Noun,Noun|Verb,B2,Adult,0,4,floods flooded flooding,0
2272,3000,poverty,/ˈpɑːvərti/,"sự nghèo đói, cảnh nghèo khổ",Noun,Noun,B2,Adult,0,1,,0
2273,3000,crazy,/ˈkreɪzi/,"điên, điên rồ, mê mẩn",Adjective,Adjective,B2,Adult,0,4,crazier craziest crazies,0
2274,3000,cite,/saɪt/,"trích dẫn, dẫn chứng, viện dẫn",Verb,Verb,B2,Adult,0,4,cites cited citing,0
2275,3000,newly,/ˈnuːli/,"mới, vừa mới, mới đây",Adverb,Adverb,B2,Adult,0,1,,0
2276,3000,parallel,/ˈpɛrəˌlɛl/,"song song, tương đương, tương ứng",Adjective,Adjective|Noun|Verb,B2,Adult,0,4,parallels paralleled paralleling,0
2277,3000,gender,/ˈdʒɛndər/,"giới tính, giới",Noun,Noun|Verb,B2,Adult,0,3,genders gendered,0
2278,3000,sponsor,/ˈspɑːnsər/,"nhà tài trợ, người bảo trợ",Noun,Noun,B2,Adult,0,4,sponsors sponsored sponsoring,0
2279,3000,boot,/buːt/,"giày ống, ủng, bốt",Noun,Noun|Verb,B2,Adult,0,4,boots booted booting,0
2280,3000,accurate,/ˈækjərət/,"chính xác, đúng đắn, chuẩn xác",Adjective,Adjective,B2,Adult,0,1,,0
2281,3000,dealer,/ˈdiːlər/,"người buôn bán, đại lý, nhà phân phối",Noun,Noun,B2,Adult,0,2,dealers,0
2282,3000,button,/ˈbʌtən/,"nút, cúc áo, nút bấm",Noun,Noun|Verb,B2,Adult,0,4,buttons buttoned buttoning,0
2283,3000,burden,/ˈbɜːrdən/,"gánh nặng, gánh vác, trách nhiệm nặng nề",Noun,Noun|Verb,B2,Adult,0,4,burdens burdened burdening,0
2284,3000,desert,/ˈdɛzərt/,"sa mạc, hoang mạc",Noun,Noun|Adjective|Verb,B2,Adult,0,4,deserts deserted deserting,0
2285,3000,mate,/meɪt/,"bạn thân, bạn đời, bạn tình",Noun,Noun|Verb,B2,Adult,0,4,mates mated mating,0
2286,3000,occasionally,/əˈkeɪʒənəli/,"thỉnh thoảng, đôi khi",Adverb,Adverb,B2,Adult,0,1,,0
2287,3000,shareholder,/ˈʃɛrˌhoʊldər/,"cổ đông, người góp vốn",Noun,Noun,B2,Adult,0,2,shareholders,0
2288,3000,bowl,/boʊl/,"cái bát, cái tô",Noun,Noun|Verb,B2,Adult,0,4,bowls bowled bowling,0
2289,3000,discovery,/dɪˈskʌvəri/,"sự khám phá, sự phát hiện",Noun,Noun,B2,Adult,0,2,discoveries,0
2290,3000,resistance,/rɪˈzɪstəns/,"sự kháng cự, sức đề kháng, điện trở",Noun,Noun,B2,Adult,0,2,resistances,0
2291,3000,bath,/bæθ/,"bồn tắm, sự tắm",Noun,Noun|Verb,B2,Adult,0,2,baths,0
2292,3000,frequency,/ˈfriːkwənsi/,"tần suất, tần số",Noun,Noun,B2,Adult,0,2,frequencies,0
2293,3000,criticize,/ˈkrɪtɪˌsaɪz/,"phê bình, chỉ trích, phê phán",Verb,Verb,B2,Adult,0,8,criticizes criticized criticizing criticise criticises criticised criticising,0
2294,3000,tap,/tæp/,"gõ nhẹ, chạm nhẹ, vỗ nhẹ",Verb,Noun|Verb,B2,Adult,0,4,taps tapped tapping,0
2295,3000,philosophy,/fəˈlɑːsəfi/,"triết học, triết lý",Noun,Noun,B2,Adult,0,2,philosophies,0
2296,3000,lip,/lɪp/,"môi, đôi môi, mép",Noun,Noun|Verb,B2,Adult,0,3,lips lipped,0
2297,3000,attribute,/ˈætrəˌbjuːt/,"quy cho, gán cho, cho là do",Verb,Noun|Verb,B2,Adult,0,4,attributes attributed attributing,0
2298,3000,apologize,/əˈpɑːləˌdʒaɪz/,"xin lỗi, tạ lỗi, nhận lỗi",Verb,Verb,B2,Adult,0,8,apologizes apologized apologizing apologise apologises apologised apologising,0
2299,3000,approval,/əˈpruːvəl/,"sự chấp thuận, sự phê duyệt, sự tán thành",Noun,Noun,B2,Adult,0,2,approvals,0
2300,3000,grab,/ɡræb/,"chộp lấy, nắm lấy, giật lấy",Verb,Noun|Verb,B2,Adult,0,4,grabs grabbed grabbing,0
2301,3000,entitle,/ɛnˈtaɪtəl/,"cho quyền, trao quyền; đặt tên cho",Verb,Verb,B2,Adult,0,4,entitles entitled entitling,1
2302,3000,lend,/lɛnd/,"cho vay, cho mượn",Verb,Verb,B2,Adult,0,4,lends lent lending,0
2303,3000,involvement,/ˌɪnˈvɑːlvmənt/,"sự tham gia, sự dính líu, sự liên quan",Noun,Noun,B2,Adult,0,2,involvements,0
2304,3000,exposure,/ɪkˈspoʊʒər/,"sự tiếp xúc, sự phơi nhiễm, sự phơi bày",Noun,Noun,B2,Adult,0,2,exposures,0
2305,3000,conventional,/kənˈvɛnʃənəl/,"thông thường, truyền thống, theo quy ước",Adjective,Adjective,B2,Adult,0,1,,0
2306,3000,digital,/ˈdɪdʒətəl/,"kỹ thuật số, số hóa",Adjective,Adjective|Noun,B2,Adult,0,2,digitals,0
2307,3000,translate,/trænzˈleɪt/,"dịch, phiên dịch, chuyển ngữ",Verb,Verb,B2,Adult,0,4,translates translated translating,0
2308,3000,edit,/ˈɛdət/,"biên tập, chỉnh sửa, soạn thảo",Verb,Verb,B2,Adult,0,4,edits edited editing,0
2309,3000,formation,/fɔːrˈmeɪʃən/,"sự hình thành, sự thành lập, đội hình",Noun,Noun,B2,Adult,0,2,formations,0
2310,3000,deposit,/dəˈpɑːzɪt/,"tiền đặt cọc, tiền gửi, khoản ký quỹ",Noun,Noun|Verb,B2,Adult,0,4,deposits deposited depositing,0
2311,3000,pleasant,/ˈplɛzənt/,"dễ chịu, thú vị, dễ mến",Adjective,Adjective,B2,Adult,0,3,pleasanter pleasantest,0
2312,3000,overseas,/ˈoʊvərˈsiːz/,"ở nước ngoài, hải ngoại",Adjective,Adjective,B2,Adult,0,2,oversea,0
2313,3000,advocate,/ˈædvəkət/,"ủng hộ, cổ vũ, bênh vực",Verb,Noun|Verb,B2,Adult,0,4,advocates advocated advocating,0
2314,3000,establishment,/ɪˈstæblɪʃmənt/,"sự thành lập, cơ sở, tổ chức",Noun,Noun,B2,Adult,0,2,establishments,0
2315,3000,summary,/ˈsʌməri/,"bản tóm tắt, bản tóm lược",Noun,Adjective|Noun,B2,Adult,0,2,summaries,0
2316,3000,rough,/rʌf/,"gồ ghề, thô ráp, sơ bộ",Adjective,Adjective|Adverb|Noun|Verb,B2,Adult,0,6,roughs roughed roughing rougher roughest,0
2317,3000,pen,/pɛn/,"bút, cây bút, bút mực",Noun,Noun|Verb,B2,Adult,0,4,pens penned penning,0
2318,3000,recovery,/rɪˈkʌvri/,"sự phục hồi, sự hồi phục, sự lấy lại",Noun,Noun,B2,Adult,0,2,recoveries,0
2319,3000,seal,/siːl/,"niêm phong, dán kín, đóng dấu",Verb,Noun|Verb,B2,Adult,0,5,seals sealed sealing sealings,0
2320,3000,tube,/tuːb/,"ống, ống tuýp; tàu điện ngầm",Noun,Noun|Verb,B2,Adult,0,4,tubes tubed tubing,1
2321,3000,tower,/ˈtaʊər/,"tháp, tòa tháp, ngọn tháp",Noun,Noun|Verb,B2,Adult,0,4,towers towered towering,0
2322,3000,characterize,/ˈkɛrəktərˌaɪz/,"đặc trưng cho, mô tả đặc điểm",Verb,Verb,B2,Adult,0,8,characterizes characterized characterizing characterise characterises characterised characterising,0
2323,3000,specify,/ˈspɛsəˌfaɪ/,"chỉ rõ, nêu cụ thể, quy định rõ",Verb,Verb,B2,Adult,0,4,specifies specified specifying,0
2324,3000,exact,/ɪɡˈzækt/,"chính xác, đúng, tỉ mỉ",Adjective,Adjective|Verb,B2,Adult,0,4,exacts exacted exacting,0
2325,3000,spin,/spɪn/,"quay, xoay tròn, kéo sợi",Verb,Noun|Verb,B2,Adult,0,4,spins spun spinning,0
2326,3000,operator,/ˈɑːpərˌeɪtər/,"người vận hành, nhà điều hành, tổng đài viên",Noun,Noun,B2,Adult,0,2,operators,0
2327,3000,infant,/ˈɪnfənt/,"trẻ sơ sinh, em bé",Noun,Noun|Adjective,B2,Adult,0,2,infants,0
2328,3000,dig,/dɪɡ/,"đào, bới, xới, khai quật",Verb,Noun|Verb,B2,Adult,0,4,digs dug digging,0
2329,3000,drag,/dræɡ/,"kéo lê, lôi, kéo đi",Verb,Noun|Verb,B2,Adult,0,4,drags dragged dragging,0
2330,3000,mount,/maʊnt/,"gắn lên, leo lên, tăng lên",Verb,Noun|Verb,B2,Adult,0,5,mounts mounted mounting mountings,0
2331,3000,wrap,/ræp/,"gói, bọc, quấn, gói ghém",Verb,Noun|Verb,B2,Adult,0,5,wraps wrapped wrapping wrappings,0
2332,3000,anticipate,/ænˈtɪsəˌpeɪt/,"dự đoán, lường trước, mong đợi",Verb,Verb,B2,Adult,0,4,anticipates anticipated anticipating,0
2333,3000,dependent,/dɪˈpɛndənt/,"phụ thuộc, lệ thuộc, dựa vào",Adjective,Noun|Adjective,B2,Adult,0,2,dependents,0
2334,3000,specialize,/ˈspɛʃəˌlaɪz/,"chuyên về, chuyên môn hóa",Verb,Verb,B2,Adult,0,8,specializes specialized specializing specialise specialises specialised specialising,0
2335,3000,angle,/ˈæŋɡəl/,"góc, góc độ, khía cạnh",Noun,Noun|Verb,B2,Adult,0,4,angles angled angling,0
2336,3000,chicken,/ˈtʃɪkən/,"con gà, thịt gà",Noun,Noun,B2,Adult,0,3,chickens chickened,0
2337,3000,anxiety,/æŋˈzaɪəti/,"sự lo lắng, nỗi lo âu, chứng lo âu",Noun,Noun,B2,Adult,0,2,anxieties,0
2338,3000,virus,/ˈvaɪrəs/,"vi rút, siêu vi",Noun,Noun,B2,Adult,0,2,viruses,0
2339,3000,precisely,/prɪˈsaɪsli/,"chính xác, đúng là, một cách chuẩn xác",Adverb,Adverb,B2,Adult,0,1,,0
2340,3000,rival,/ˈraɪvəl/,"đối thủ, địch thủ, kỳ phùng địch thủ",Noun,Noun|Adjective|Verb,B2,Adult,0,6,rivals rivaled rivaling rivalled rivalling,0
2341,3000,offense,/əˈfɛns/,hành vi phạm tội; sự xúc phạm,Noun,Noun,B2,Adult,0,4,offenses offence offences,1
2342,3000,detect,/dɪˈtɛkt/,"phát hiện, dò tìm, nhận ra",Verb,Verb,B2,Adult,0,4,detects detected detecting,0
2343,3000,teenager,/ˈtiːˌneɪdʒər/,"thanh thiếu niên, trẻ vị thành niên",Noun,Noun,B2,Adult,0,2,teenagers,0
2344,3000,admire,/ædˈmaɪr/,"ngưỡng mộ, khâm phục, thán phục",Verb,Verb,B2,Adult,0,4,admires admired admiring,0
2345,3000,moderate,/ˈmɑːdərət/,"vừa phải, ôn hòa, điều độ",Adjective,Adjective|Noun|Verb,B2,Adult,0,4,moderates moderated moderating,0
2346,3000,surgery,/ˈsɜːrdʒəri/,"phẫu thuật, ca mổ",Noun,Noun,B2,Adult,0,2,surgeries,0
2347,3000,musician,/mjuˈzɪʃən/,"nhạc sĩ, nhạc công",Noun,Noun,B2,Adult,0,2,musicians,0
2348,3000,significance,/səɡˈnɪfɪkəns/,"ý nghĩa, tầm quan trọng",Noun,Noun,B2,Adult,0,2,significances,0
2349,3000,shower,/ˈʃaʊər/,"vòi sen, sự tắm; trận mưa rào",Noun,Noun|Verb,B2,Adult,0,4,showers showered showering,1
2350,3000,illegal,/ˌɪˈliːɡəl/,"bất hợp pháp, trái luật, phi pháp",Adjective,Adjective,B2,Adult,0,1,,0
2351,3000,charity,/ˈtʃɛrɪti/,"tổ chức từ thiện, việc từ thiện, lòng nhân ái",Noun,Noun,B2,Adult,0,2,charities,0
2352,3000,universal,/ˌjuːnəˈvɜːrsəl/,"phổ quát, toàn cầu, chung cho tất cả",Adjective,Adjective,B2,Adult,0,2,universals,0
2353,3000,cigarette,/ˌsɪɡərˈɛt/,"điếu thuốc lá, thuốc lá",Noun,Noun,B2,Adult,0,2,cigarettes,0
2354,3000,constitute,/ˈkɑːnstəˌtuːt/,"cấu thành, tạo thành, hợp thành",Verb,Verb,B2,Adult,0,4,constitutes constituted constituting,0
2355,3000,adequate,/ˈædəkwət/,"đầy đủ, thỏa đáng, vừa đủ",Adjective,Adjective,B2,Adult,0,1,,0
2356,3000,consultant,/kənˈsʌltənt/,"chuyên gia tư vấn, cố vấn",Noun,Noun,B2,Adult,0,2,consultants,0
2357,3000,historian,/hɪˈstɔːriən/,"nhà sử học, sử gia",Noun,Noun,B2,Adult,0,2,historians,0
2358,3000,cousin,/ˈkʌzən/,"anh chị em họ, người bà con",Noun,Noun,B2,Adult,0,2,cousins,0
2359,3000,visual,/ˈvɪʒəwəl/,"thuộc thị giác, trực quan, bằng hình ảnh",Adjective,Adjective,B2,Adult,0,2,visuals,0
2360,3000,stupid,/ˈstuːpəd/,"ngu ngốc, ngớ ngẩn, khờ dại",Adjective,Adjective|Noun,B2,Adult,0,3,stupider stupidest,0
2361,3000,keen,/kiːn/,"háo hức, ham thích, sắc bén",Adjective,Noun|Verb|Adjective,B2,Adult,0,6,keens keened keening keener keenest,0
2362,3000,ethnic,/ˈɛθnɪk/,"thuộc dân tộc, thuộc sắc tộc",Adjective,Adjective,B2,Adult,0,2,ethnics,0
2363,3000,twin,/twɪn/,"anh chị em sinh đôi, cặp song sinh",Noun,Adjective|Noun|Verb,B2,Adult,0,2,twins,0
2364,3000,clinical,/ˈklɪnəkəl/,"lâm sàng, thuộc lâm sàng",Adjective,Adjective,B2,Adult,0,1,,0
2365,3000,eastern,/ˈiːstərn/,"thuộc phía đông, thuộc phương Đông",Adjective,Adjective|Noun,B2,Adult,0,1,,0
2366,3000,forecast,/ˈfɔːrˌkæst/,"dự báo, bản dự báo, dự đoán",Noun,Noun|Verb,B2,Adult,0,4,forecasts forecasted forecasting,0
2367,3000,segment,/ˈsɛɡmənt/,"phân khúc, đoạn, phần",Noun,Noun|Verb,B2,Adult,0,4,segments segmented segmenting,0
2368,3000,custom,/ˈkʌstəm/,"phong tục, tập quán, thói quen",Noun,Noun,B2,Adult,0,2,customs,0
2369,3000,adapt,/əˈdæpt/,"thích nghi, thích ứng, phỏng theo",Verb,Verb,B2,Adult,0,4,adapts adapted adapting,0
2370,3000,sand,/sænd/,"cát, hạt cát, bãi cát",Noun,Noun|Verb,B2,Adult,0,4,sands sanded sanding,0
2371,3000,cap,/kæp/,"mũ lưỡi trai, nắp đậy",Noun,Noun|Verb,B2,Adult,0,4,caps capped capping,0
2372,3000,prompt,/prɑːmpt/,"thúc đẩy, nhắc nhở, gợi ý",Verb,Verb|Noun|Adjective,B2,Adult,0,5,prompts prompted prompting promptings,0
2373,3000,charm,/tʃɑːrm/,"sức quyến rũ, nét duyên dáng",Noun,Noun|Verb,B2,Adult,0,4,charms charmed charming,0
2374,3000,react,/riˈækt/,"phản ứng, đối phó, đáp lại",Verb,Verb,B2,Adult,0,4,reacts reacted reacting,0
2375,3000,lecture,/ˈlɛktʃər/,"bài giảng, buổi thuyết trình",Noun,Noun|Verb,B2,Adult,0,4,lectures lectured lecturing,0
2376,3000,venture,/ˈvɛntʃər/,"liên doanh, dự án mạo hiểm",Noun,Noun|Verb,B2,Adult,0,4,ventures ventured venturing,0
2377,3000,compound,/ˈkɑːmpaʊnd/,"hợp chất, hỗn hợp; khu nhà có rào",Noun,Noun|Adjective|Verb,B2,Adult,0,4,compounds compounded compounding,1
2378,3000,rescue,/ˈrɛskju/,"cứu, giải cứu, cứu hộ",Verb,Noun|Verb,B2,Adult,0,4,rescues rescued rescuing,0
2379,3000,mess,/mɛs/,"mớ hỗn độn, tình trạng lộn xộn",Noun,Noun|Verb,B2,Adult,0,4,messes messed messing,0
2380,3000,preference,/ˈprɛfərəns/,"sự ưa thích, sở thích, sự ưu tiên",Noun,Noun,B2,Adult,0,2,preferences,0
2381,3000,comprehensive,/ˌkɑːmpriˈhɛnsɪv/,"toàn diện, bao quát, đầy đủ",Adjective,Adjective,B2,Adult,0,1,,0
2382,3000,incentive,/ˌɪnˈsɛntɪv/,"động lực, sự khuyến khích, ưu đãi",Noun,Adjective|Noun,B2,Adult,0,2,incentives,0
2383,3000,league,/liːɡ/,"giải đấu, liên đoàn, liên minh",Noun,Noun|Verb,B2,Adult,0,2,leagues,0
2384,3000,dialog,/ˈdaɪəlɔːɡ/,"đối thoại, cuộc đối thoại, hội thoại",Noun,Noun,B2,Adult,0,8,dialogs dialoged dialoging dialogue dialogues dialogued dialoguing,0
2385,3000,cream,/kriːm/,"kem, kem sữa, chất kem",Noun,Noun|Verb,B2,Adult,0,4,creams creamed creaming,0
2386,3000,rapid,/ˈræpəd/,"nhanh, nhanh chóng, mau lẹ",Adjective,Adjective|Noun,B2,Adult,0,1,,0
2387,3000,cancel,/ˈkænsəl/,"hủy, hủy bỏ, đình chỉ",Verb,Noun|Verb,B2,Adult,0,6,cancels canceled canceling cancelled cancelling,0
2388,3000,regret,/rəˈɡrɛt/,"hối tiếc, lấy làm tiếc, ân hận",Verb,Noun|Verb,B2,Adult,0,4,regrets regretted regretting,0
2389,3000,dismiss,/dɪˈsmɪs/,"bác bỏ, gạt bỏ; sa thải",Verb,Verb|Noun,B2,Adult,0,4,dismisses dismissed dismissing,1
2390,3000,margin,/ˈmɑːrdʒən/,"lề trang; biên độ, mức chênh lệch",Noun,Noun,B2,Adult,0,2,margins,1
2391,3000,beneath,/bɪˈniːθ/,"bên dưới, phía dưới, ở dưới",Preposition,Adverb|Preposition,B2,Grammar,1,1,,0
2392,3000,opponent,/əˈpoʊnənt/,"đối thủ, người phản đối",Noun,Adjective|Noun,B2,Adult,0,2,opponents,0
2393,3000,resist,/rɪˈzɪst/,"chống lại, kháng cự, cưỡng lại",Verb,Noun|Verb,B2,Adult,0,4,resists resisted resisting,0
2394,3000,capability,/ˌkeɪpəˈbɪləti/,"khả năng, năng lực",Noun,Noun,B2,Adult,0,2,capabilities,0
2395,3000,absolute,/ˈæbsəˌluːt/,"tuyệt đối, hoàn toàn",Adjective,Adjective,B2,Adult,0,2,absolutes,0
2396,3000,correspond,/ˌkɔːrəˈspɑːnd/,"tương ứng, phù hợp; trao đổi thư từ",Verb,Verb,B2,Adult,0,4,corresponds corresponded corresponding,1
2397,3000,stroke,/stroʊk/,"đột quỵ; cú đánh, nét bút",Noun,Noun|Verb,B2,Adult,0,4,strokes stroked stroking,1
2398,3000,dare,/dɛr/,"dám, dám làm, thách",Verb,Noun|Verb,B2,Adult,0,4,dares dared daring,0
2399,3000,barrier,/ˈbæriər/,"rào cản, hàng rào, trở ngại",Noun,Noun|Verb,B2,Adult,0,2,barriers,0
2400,3000,rid,/rɪd/,"loại bỏ, tống khứ, dẹp bỏ",Verb,Verb,B2,Adult,0,4,rids ridded ridding,0
2401,3000,divorce,/dɪˈvɔːrs/,"sự ly hôn, việc ly dị",Noun,Noun|Verb,B2,Adult,0,4,divorces divorced divorcing,0
2402,3000,ruin,/ˈruːən/,"phá hỏng, hủy hoại, làm tiêu tan",Verb,Noun|Verb,B2,Adult,0,4,ruins ruined ruining,0
2403,3000,bury,/ˈbɛri/,"chôn, chôn cất, vùi lấp",Verb,Verb,B2,Adult,0,4,buries buried burying,0
2404,3000,counsel,/ˈkaʊnsəl/,"lời khuyên, sự tư vấn; luật sư",Noun,Noun|Verb,B2,Adult,0,6,counsels counselled counseled counselling counseling,1
2405,3000,tendency,/ˈtɛndənsi/,"xu hướng, khuynh hướng",Noun,Noun,B2,Adult,0,2,tendencies,0
2406,3000,frequent,/ˈfriːkwənt/,"thường xuyên, hay xảy ra, liên tục",Adjective,Adjective|Verb,B2,Adult,0,4,frequents frequented frequenting,0
2407,3000,motor,/ˈmoʊtər/,"động cơ, mô tơ, máy nổ",Noun,Noun|Adjective|Verb,B2,Adult,0,4,motors motored motoring,0
2408,3000,survival,/sərˈvaɪvəl/,"sự sống sót, sự tồn tại",Noun,Noun,B2,Adult,0,2,survivals,0
2409,3000,counter,/ˈkaʊntər/,"quầy hàng, quầy tính tiền, mặt bàn",Noun,Noun|Adjective|Adverb|Verb,B2,Adult,0,4,counters countered countering,0
2410,3000,possess,/pəˈzɛs/,"sở hữu, có, chiếm hữu",Verb,Verb,B2,Adult,0,4,possesses possessed possessing,0
2411,3000,permission,/pərˈmɪʃən/,"sự cho phép, giấy phép",Noun,Noun,B2,Adult,0,2,permissions,0
2412,3000,valley,/ˈvæli/,"thung lũng, vùng lũng",Noun,Noun,B2,Adult,0,2,valleys,0
2413,3000,float,/floʊt/,"nổi, trôi nổi, thả nổi",Verb,Noun|Verb,B2,Adult,0,4,floats floated floating,0
2414,3000,mad,/mæd/,"điên, tức giận, khùng",Adjective,Adjective|Verb,B2,Adult,0,3,madder maddest,0
2415,3000,greatly,/ˈɡreɪtli/,"rất, hết sức, vô cùng",Adverb,Adverb,B2,Adult,0,1,,0
2416,3000,visible,/ˈvɪzəbəl/,"có thể nhìn thấy, hữu hình, rõ rệt",Adjective,Adjective,B2,Adult,0,1,,0
2417,3000,electric,/ɪˈlɛktrɪk/,"thuộc điện, chạy bằng điện",Adjective,Adjective,B2,Adult,0,2,electrics,0
2418,3000,impressive,/ˌɪmˈprɛsɪv/,"ấn tượng, gây ấn tượng mạnh",Adjective,Adjective,B2,Adult,0,1,,0
2419,3000,evolution,/ˌɛvəˈluːʃən/,"sự tiến hóa, sự phát triển",Noun,Noun,B2,Adult,0,2,evolutions,0
2420,3000,awareness,/əˈwɛrnəs/,"sự nhận thức, sự hiểu biết, ý thức",Noun,Noun|Adjective,B2,Adult,0,1,,0
2421,3000,violent,/ˈvaɪələnt/,"bạo lực, hung bạo, dữ dội",Adjective,Adjective,B2,Adult,0,1,,0
2422,3000,slave,/sleɪv/,"nô lệ, người nô lệ, kẻ tôi tớ",Noun,Noun|Verb,B2,Adult,0,4,slaves slaved slaving,0
2423,3000,wealthy,/ˈwɛlθi/,"giàu có, giàu sang, sung túc",Adjective,Adjective|Noun,B2,Adult,0,3,wealthier wealthiest,0
2424,3000,architecture,/ˈɑːrkəˌtɛktʃər/,"kiến trúc, ngành kiến trúc",Noun,Noun,B2,Adult,0,2,architectures,0
2425,3000,acceptable,/ækˈsɛptəbəl/,"chấp nhận được, có thể chấp nhận",Adjective,Adjective,B2,Adult,0,1,,0
2426,3000,journal,/ˈdʒɜːrnəl/,"tạp chí chuyên ngành, nhật ký",Noun,Noun,B2,Adult,0,3,journals journaling,0
2427,3000,coal,/koʊl/,"than, than đá, nhiên liệu than",Noun,Noun|Verb,B2,Adult,0,2,coals,0
2428,3000,measurement,/ˈmɛʒərmənt/,"phép đo, số đo, sự đo lường",Noun,Noun,B2,Adult,0,2,measurements,0
2429,3000,random,/ˈrændəm/,"ngẫu nhiên, tùy ý, tình cờ",Adjective,Noun|Adjective,B2,Adult,0,1,,0
2430,3000,successfully,/səkˈsɛsfəli/,"thành công, một cách thành công",Adverb,Adverb,B2,Adult,0,1,,0
2431,3000,depress,/dɪˈprɛs/,"làm chán nản, làm suy giảm",Verb,Verb,B2,Adult,0,4,depresses depressed depressing,0
2432,3000,illustration,/ˌɪləˈstreɪʃən/,"hình minh họa, ví dụ minh họa",Noun,Noun,B2,Adult,0,2,illustrations,0
2433,3000,burst,/bɜːrst/,"nổ tung, vỡ tung, bùng nổ",Verb,Noun|Verb,B2,Adult,0,3,bursts bursting,0
2434,3000,privilege,/ˈprɪvlədʒ/,"đặc quyền, ưu đãi, vinh dự",Noun,Noun|Verb,B2,Adult,0,4,privileges privileged privileging,0
2435,3000,buyer,/ˈbaɪər/,"người mua, khách mua",Noun,Noun,B2,Adult,0,2,buyers,0
2436,3000,mutual,/ˈmjuːtʃuəl/,"lẫn nhau, chung, của hai bên",Adjective,Adjective,B2,Adult,0,1,,0
2437,3000,rail,/reɪl/,"đường ray, thanh vịn",Noun,Noun|Verb,B2,Adult,0,5,rails railed railing railings,0
2438,3000,motivate,/ˈmoʊtəˌveɪt/,"thúc đẩy, tạo động lực, khích lệ",Verb,Verb,B2,Adult,0,4,motivates motivated motivating,0
2439,3000,laboratory,/ˈlæbrəˌtɔːri/,phòng thí nghiệm,Noun,Noun,B2,Adult,0,2,laboratories,0
2440,3000,mortgage,/ˈmɔːrɡədʒ/,"khoản vay thế chấp, việc thế chấp",Noun,Noun,B2,Adult,0,4,mortgages mortgaged mortgaging,0
2441,3000,promotion,/prəˈmoʊʃən/,"sự thăng chức; khuyến mãi, quảng bá",Noun,Noun,B2,Adult,0,2,promotions,1
2442,3000,passion,/ˈpæʃən/,"niềm đam mê, sự say mê",Noun,Noun|Verb,B2,Adult,0,2,passions,0
2443,3000,champion,/ˈtʃæmpiən/,"nhà vô địch, quán quân",Noun,Noun|Verb|Adjective,B2,Adult,0,4,champions championed championing,0
2444,3000,fulfill,/fʊlˈfɪl/,"hoàn thành, thực hiện, đáp ứng",Verb,Verb,B2,Adult,0,8,fulfills fulfilled fulfilling fulfil fulfils fulfiled fulfiling,0
2445,3000,dust,/dʌst/,"bụi, bụi bặm, hạt bụi",Noun,Noun|Verb,B2,Adult,0,4,dusts dusted dusting,0
2446,3000,dedicate,/ˈdɛdəˌkeɪt/,"dành riêng, cống hiến, đề tặng",Verb,Verb,B2,Adult,0,4,dedicates dedicated dedicating,0
2447,3000,roughly,/ˈrʌfli/,"khoảng chừng, đại khái, thô bạo",Adverb,Adverb,B2,Adult,0,1,,0
2448,3000,skirt,/skɜːrt/,"váy, chân váy, váy ngắn",Noun,Noun|Verb,B2,Adult,0,4,skirts skirted skirting,0
2449,3000,province,/ˈprɑːvəns/,"tỉnh, tỉnh thành",Noun,Noun,B2,Adult,0,2,provinces,0
2450,3000,march,/mɑːrtʃ/,"diễu hành, hành quân, bước đều",Verb,Noun|Verb,B2,Adult,0,4,marches marched marching,0
2451,3000,evaluation,/ɪˌvæljuˈeɪʃən/,"sự đánh giá, việc thẩm định",Noun,Noun,B2,Adult,0,2,evaluations,0
2452,3000,compromise,/ˈkɑːmprəˌmaɪz/,"sự thỏa hiệp, sự nhượng bộ",Noun,Noun|Verb,B2,Adult,0,4,compromises compromised compromising,0
2453,3000,accomplish,/əˈkɑːmplɪʃ/,"hoàn thành, đạt được, thực hiện",Verb,Verb,B2,Adult,0,4,accomplishes accomplished accomplishing,0
2454,3000,weakness,/ˈwiːknəs/,"điểm yếu, nhược điểm, sự yếu đuối",Noun,Noun,B2,Adult,0,2,weaknesses,0
2455,3000,announcement,/əˈnaʊnsmənt/,"thông báo, lời tuyên bố",Noun,Noun,B2,Adult,0,2,announcements,0
2456,3000,salt,/sɔːlt/,"muối, muối ăn, hạt muối",Noun,Noun|Adjective|Verb,B2,Adult,0,4,salts salted salting,0
2457,3000,glance,/ɡlæns/,"liếc nhìn, nhìn thoáng qua",Verb,Noun|Verb,B2,Adult,0,4,glances glanced glancing,0
2458,3000,opera,/ˈɑːprə/,"nhạc kịch, ô-pê-ra",Noun,Noun,B2,Adult,0,2,operas,0
2459,3000,contest,/ˈkɑːntɛst/,"cuộc thi, cuộc tranh tài, cuộc tranh giành",Noun,Noun|Verb,B2,Adult,0,4,contests contested contesting,0
2460,3000,brush,/brʌʃ/,"bàn chải, cọ vẽ, chổi",Noun,Noun|Verb,B2,Adult,0,5,brushes brushed brushing brushings,0
2461,3000,embarrass,/ɪmˈbɛrəs/,"làm xấu hổ, làm ngượng, làm bối rối",Verb,Verb,B2,Adult,0,4,embarrasses embarrassed embarrassing,0
2462,3000,gallery,/ˈɡæləri/,"phòng trưng bày, triển lãm mỹ thuật",Noun,Noun|Verb,B2,Adult,0,2,galleries,0
2463,3000,genetic,/dʒəˈnɛtɪk/,"thuộc về di truyền, thuộc về gen",Adjective,Adjective,B2,Adult,0,1,,0
2464,3000,aggressive,/əˈɡrɛsɪv/,"hung hăng, hiếu chiến; quyết liệt, mạnh bạo",Adjective,Adjective|Noun,B2,Adult,0,1,,1
2465,3000,chest,/tʃɛst/,"ngực, lồng ngực; rương, hòm",Noun,Noun,B2,Adult,0,2,chests,1
2466,3000,format,/ˈfɔːrˌmæt/,"định dạng, khuôn dạng, thể thức",Noun,Noun,B2,Adult,0,4,formats formatted formatting,0
2467,3000,literary,/ˈlɪtərˌɛri/,"thuộc về văn học, mang tính văn chương",Adjective,Adjective,B2,Adult,0,1,,0
2468,3000,govern,/ˈɡʌvərn/,"cai trị, quản lý, điều hành",Verb,Verb,B2,Adult,0,4,governs governed governing,0
2469,3000,embrace,/ɛmˈbreɪs/,"ôm, ôm chặt; đón nhận, chấp nhận",Verb,Noun|Verb,B2,Adult,0,4,embraces embraced embracing,1
2470,3000,praise,/preɪz/,"khen ngợi, ca ngợi, tán dương",Verb,Noun|Verb,B2,Adult,0,4,praises praised praising,0
2471,3000,silent,/ˈsaɪlənt/,"im lặng, yên tĩnh, không nói gì",Adjective,Adjective,B2,Adult,0,1,,0
2472,3000,pump,/pʌmp/,"máy bơm, cái bơm",Noun,Noun|Verb,B2,Adult,0,4,pumps pumped pumping,0
2473,3000,publisher,/ˈpʌblɪʃər/,"nhà xuất bản, người xuất bản",Noun,Noun,B2,Adult,0,2,publishers,0
2474,3000,celebration,/ˌsɛləˈbreɪʃən/,"lễ kỷ niệm, sự ăn mừng, buổi liên hoan",Noun,Noun,B2,Adult,0,2,celebrations,0
2475,3000,golf,/ɡɑːlf/,"môn đánh gôn, môn thể thao đánh gôn",Noun,Noun|Verb,B2,Adult,0,4,golfs golfed golfing,0
2476,3000,compensation,/ˌkɑːmpənˈseɪʃən/,"tiền bồi thường, sự đền bù, khoản thù lao",Noun,Noun,B2,Adult,0,2,compensations,0
2477,3000,classical,/ˈklæsɪkəl/,"cổ điển, kinh điển",Adjective,Adjective,B2,Adult,0,1,,0
2478,3000,weigh,/weɪ/,"cân, nặng; cân nhắc, xem xét kỹ",Verb,Noun|Verb,B2,Adult,0,4,weighs weighed weighing,1
2479,3000,versus,/ˈvɜːrsəs/,"đấu với, so với, đối lại",Preposition,Preposition,B2,Grammar,1,1,,0
2480,3000,deficit,/ˈdɛfəsət/,"thâm hụt, khoản thiếu hụt, sự bội chi",Noun,Noun,B2,Adult,0,2,deficits,0
2481,3000,modify,/ˈmɑːdəˌfaɪ/,"sửa đổi, điều chỉnh, thay đổi",Verb,Verb,B2,Adult,0,4,modifies modified modifying,0
2482,3000,flash,/flæʃ/,"lóe sáng, chớp sáng, vụt qua",Verb,Noun|Verb|Adjective,B2,Adult,0,4,flashes flashed flashing,0
2483,3000,friendship,/ˈfrɛndʃɪp/,"tình bạn, tình hữu nghị",Noun,Noun,B2,Adult,0,2,friendships,0
2484,3000,profession,/prəˈfɛʃən/,"nghề nghiệp, nghề chuyên môn",Noun,Noun,B2,Adult,0,2,professions,0
2485,3000,literally,/ˈlɪtərəli/,"theo nghĩa đen, đúng nguyên văn; thật sự",Adverb,Adverb,B2,Adult,0,1,,1
2486,3000,equation,/ɪˈkweɪʒən/,"phương trình, đẳng thức",Noun,Noun,B2,Adult,0,2,equations,0
2487,3000,gesture,/ˈdʒɛstʃər/,"cử chỉ, điệu bộ, hành động biểu thị",Noun,Noun|Verb,B2,Adult,0,4,gestures gestured gesturing,0
2488,3000,entertain,/ˌɛntərˈteɪn/,"giải trí, mua vui, tiếp đãi",Verb,Verb,B2,Adult,0,4,entertains entertained entertaining,0
2489,3000,fantastic,/fænˈtæstɪk/,"tuyệt vời, xuất sắc; kỳ lạ, viển vông",Adjective,Adjective|Noun,B2,Adult,0,1,,1
2490,3000,assign,/əˈsaɪn/,"giao phó, phân công, chỉ định",Verb,Noun|Verb,B2,Adult,0,4,assigns assigned assigning,0
2491,3000,inflation,/ˌɪnˈfleɪʃən/,"lạm phát, sự tăng giá",Noun,Noun,B2,Adult,0,2,inflations,0
2492,3000,historic,/hɪˈstɔːrɪk/,"có tính lịch sử, mang dấu ấn lịch sử",Adjective,Adjective,B2,Adult,0,1,,0
2493,3000,injure,/ˈɪndʒər/,"làm bị thương, gây tổn thương, làm hại",Verb,Verb,B2,Adult,0,4,injures injured injuring,0
2494,3000,remote,/rɪˈmoʊt/,"xa xôi, hẻo lánh; từ xa, điều khiển từ xa",Adjective,Adjective,B2,Adult,0,3,remoter remotest,1
2495,3000,therapy,/ˈθɛrəpi/,"liệu pháp, phép trị liệu, sự điều trị",Noun,Noun,B2,Adult,0,2,therapies,0
2496,3000,orange,/ˈɔːrəndʒ/,quả cam; màu cam,Noun,Noun|Adjective,B2,Adult,0,2,oranges,1
2497,3000,twist,/twɪst/,"vặn, xoắn, bẻ cong",Verb,Noun|Verb,B2,Adult,0,4,twists twisted twisting,0
2498,3000,personnel,/ˌpɜːrsəˈnɛl/,"nhân sự, đội ngũ nhân viên",Noun,Noun,B2,Adult,0,1,,0
2499,3000,imagination,/ˌɪˌmædʒəˈneɪʃən/,"trí tưởng tượng, sức tưởng tượng",Noun,Noun,B2,Adult,0,2,imaginations,0
2500,3000,disagree,/dɪsəˈɡriː/,"không đồng ý, bất đồng, phản đối",Verb,Verb,B2,Adult,0,4,disagrees disagreed disagreeing,0
2501,3000,throat,/θroʊt/,"cổ họng, cuống họng",Noun,Noun,B2,Adult,0,2,throats,0
2502,3000,insight,/ˈɪnˌsaɪt/,"sự hiểu thấu, cái nhìn sâu sắc, nhận thức tinh tường",Noun,Noun,B2,Adult,0,2,insights,0
2503,3000,tackle,/ˈtækəl/,"giải quyết, đương đầu, xử lý",Verb,Noun|Verb,B2,Adult,0,4,tackles tackled tackling,0
2504,3000,forever,/fərˈɛvər/,"mãi mãi, vĩnh viễn, suốt đời",Adverb,Adverb,B2,Adult,0,1,,0
2505,3000,exceed,/ɪkˈsiːd/,"vượt quá, vượt hơn, trội hơn",Verb,Verb,B2,Adult,0,4,exceeds exceeded exceeding,0
2506,3000,expenditure,/ɪkˈspɛndətʃər/,"chi tiêu, khoản chi, sự tiêu dùng",Noun,Noun,B2,Adult,0,2,expenditures,0
2507,3000,joy,/dʒɔɪ/,"niềm vui, niềm hân hoan, sự vui sướng",Noun,Noun|Verb,B2,Adult,0,2,joys,0
2508,3000,pregnant,/ˈprɛɡnənt/,"mang thai, có bầu, có mang",Adjective,Adjective,B2,Adult,0,1,,0
2509,3000,reliable,/rɪˈlaɪəbəl/,"đáng tin cậy, chắc chắn, ổn định",Adjective,Adjective,B2,Adult,0,2,reliables,0
2510,3000,gear,/ɡɪr/,"bánh răng, số xe; dụng cụ, đồ nghề",Noun,Noun|Verb,B2,Adult,0,5,gears geared gearing gearings,1
2511,3000,poet,/ˈpoʊət/,"nhà thơ, thi sĩ",Noun,Noun,B2,Adult,0,2,poets,0
2512,3000,fortune,/ˈfɔːrtʃən/,"gia tài, khối tài sản lớn; vận may, số phận",Noun,Noun|Verb,B2,Adult,0,2,fortunes,1
2513,3000,ceremony,/ˈsɛrəˌmoʊni/,"buổi lễ, nghi lễ, nghi thức",Noun,Noun,B2,Adult,0,2,ceremonies,0
2514,3000,pile,/paɪl/,"đống, chồng, chất đống",Noun,Noun|Verb,B2,Adult,0,4,piles piled piling,0
2515,3000,pig,/pɪɡ/,"con lợn, con heo",Noun,Noun|Verb,B2,Adult,0,4,pigs pigged pigging,0
2516,3000,mixture,/ˈmɪkstʃər/,"hỗn hợp, sự pha trộn",Noun,Noun,B2,Adult,0,2,mixtures,0
2517,3000,automatically,/ˌɔːtəˈmætɪkli/,"một cách tự động, tự động",Adverb,Adverb,B2,Adult,0,1,,0
2518,3000,scholar,/ˈskɑːlər/,"học giả, nhà nghiên cứu, người uyên bác",Noun,Noun|Adjective,B2,Adult,0,2,scholars,0
2519,3000,psychological,/ˌsaɪkəˈlɑːdʒɪkəl/,"thuộc về tâm lý, tâm lý học",Adjective,Adjective,B2,Adult,0,1,,0
2520,3000,dramatically,/drəˈmætɪkli/,"một cách đáng kể, mạnh mẽ, đột ngột",Adverb,Adverb,B2,Adult,0,1,,0
2521,3000,stake,/steɪk/,"cổ phần, phần góp vốn; tiền đặt cược",Noun,Noun|Verb,B2,Adult,0,4,stakes staked staking,1
2522,3000,creature,/ˈkriːtʃər/,"sinh vật, loài vật, con vật",Noun,Noun,B2,Adult,0,2,creatures,0
2523,3000,partnership,/ˈpɑːrtnərˌʃɪp/,"quan hệ đối tác, sự hợp tác, công ty hợp danh",Noun,Noun,B2,Adult,0,2,partnerships,0
2524,3000,participation,/pɑːrˌtɪsəˈpeɪʃən/,"sự tham gia, sự tham dự",Noun,Noun,B2,Adult,0,2,participations,0
2525,3000,clause,/klɔːz/,điều khoản; mệnh đề,Noun,Noun,B2,Adult,0,2,clauses,1
2526,3000,penalty,/ˈpɛnəlti/,"hình phạt, tiền phạt; quả phạt đền",Noun,Noun,B2,Adult,0,2,penalties,1
2527,3000,chamber,/ˈtʃeɪmbər/,"buồng, khoang; viện, nghị viện",Noun,Noun|Verb,B2,Adult,0,4,chambers chambered chambering,1
2528,3000,fancy,/ˈfænsi/,"cầu kỳ, hoa mỹ, sang trọng",Adjective,Noun|Adjective|Verb,B2,Adult,0,5,fancies fancied fancying fanciest,0
2529,3000,poetry,/ˈpoʊətri/,"thơ ca, thơ, thi ca",Noun,Noun,B2,Adult,0,2,poetries,0
2530,3000,chat,/tʃæt/,"trò chuyện, tán gẫu, nói chuyện phiếm",Verb,Noun|Verb,B2,Adult,0,4,chats chatted chatting,0
2531,3000,clothing,/ˈkloʊðɪŋ/,"quần áo, y phục, trang phục",Noun,Noun,B2,Adult,0,1,,0
2532,3000,evolve,/ɪˈvɑːlv/,"tiến hóa, phát triển dần, biến đổi",Verb,Verb,B2,Adult,0,4,evolves evolved evolving,0
2533,3000,sake,/seɪk/,"lợi ích, mục đích, vì cớ",Noun,Noun,B2,Adult,0,2,sakes,0
2534,3000,shelf,/ʃɛlf/,"kệ, giá đỡ, ngăn để đồ",Noun,Noun,B2,Adult,0,4,shelves shelved shelving,0
2535,3000,boost,/buːst/,"thúc đẩy, tăng cường, đẩy mạnh",Verb,Noun|Verb,B2,Adult,0,4,boosts boosted boosting,0
2536,3000,tail,/teɪl/,"đuôi, phần đuôi, phần cuối",Noun,Noun|Verb,B2,Adult,0,4,tails tailed tailing,0
2537,3000,possession,/pəˈzɛʃən/,"quyền sở hữu, tài sản, vật sở hữu",Noun,Noun,B2,Adult,0,2,possessions,0
2538,3000,abortion,/əˈbɔːrʃən/,"sự phá thai, sự nạo thai",Noun,Noun,B2,Adult,0,2,abortions,0
2539,3000,curious,/ˈkjʊriəs/,"tò mò, hiếu kỳ; kỳ lạ, khác thường",Adjective,Adjective,B2,Adult,0,2,curiouser,1
2540,3000,wooden,/ˈwʊdən/,"bằng gỗ, làm bằng gỗ",Adjective,Adjective,B2,Adult,0,1,,0
2541,3000,boom,/buːm/,"sự bùng nổ, thời kỳ phát đạt",Noun,Noun|Verb,B2,Adult,0,4,booms boomed booming,0
2542,3000,tale,/teɪl/,"câu chuyện, truyện kể",Noun,Noun,B2,Adult,0,2,tales,0
2543,3000,democratic,/ˌdɛməˈkrætɪk/,"dân chủ, có tính dân chủ",Adjective,Adjective,B2,Adult,0,1,,0
2544,3000,maintenance,/ˈmeɪntənəns/,"sự bảo trì, việc bảo dưỡng, sự duy trì",Noun,Noun,B2,Adult,0,2,maintenances,0
2545,3000,consequently,/ˈkɑːnsəkwəntli/,"do đó, vì vậy, kết quả là",Adverb,Adverb,B2,Adult,0,1,,0
2546,3000,pot,/pɑːt/,"nồi, hũ, chậu cây",Noun,Noun|Verb,B2,Adult,0,4,pots potted potting,0
2547,3000,cow,/kaʊ/,"con bò cái, bò sữa",Noun,Noun|Verb,B2,Adult,0,4,cows cowed cowing,0
2548,3000,strengthen,/ˈstrɛŋθən/,"củng cố, tăng cường, làm mạnh thêm",Verb,Verb,B2,Adult,0,4,strengthens strengthened strengthening,0
2549,3000,whilst,/waɪlst/,"trong khi, trong lúc; mặc dù",Conjunction,Conjunction,B2,Grammar,1,1,,1
2550,3000,constraint,/kənˈstreɪnt/,"sự ràng buộc, hạn chế, trở ngại",Noun,Noun,B2,Adult,0,2,constraints,0
2551,3000,fold,/foʊld/,"gấp, gập, xếp lại",Verb,Noun|Verb,B2,Adult,0,4,folds folded folding,0
2552,3000,bin,/bɪn/,"thùng rác, thùng đựng",Noun,Noun,B2,Adult,0,4,bins binned binning,0
2553,3000,undergo,/ˌʌndərˈɡoʊ/,"trải qua, chịu đựng, phải qua",Verb,Verb,B2,Adult,0,5,undergoes underwent undergoing undergone,0
2554,3000,potentially,/pəˈtɛnʃəli/,"có khả năng, có tiềm năng, có thể",Adverb,Adverb|Adjective|Noun,B2,Adult,0,1,,0
2555,3000,scope,/skoʊp/,"phạm vi, tầm mức, khả năng",Noun,Noun,B2,Adult,0,4,scopes scoped scoping,0
2556,3000,pretend,/priˈtɛnd/,"giả vờ, làm ra vẻ, giả bộ",Verb,Verb,B2,Adult,0,4,pretends pretended pretending,0
2557,3000,diversity,/dɪˈvɜːrsɪti/,"sự đa dạng, tính phong phú",Noun,Noun,B2,Adult,0,2,diversities,0
2558,3000,allege,/əˈlɛdʒ/,"cáo buộc, quy kết, khẳng định chưa chứng minh",Verb,Verb,B2,Adult,0,3,alleges alleged,0
2559,3000,pride,/praɪd/,"niềm tự hào, lòng kiêu hãnh, tính kiêu ngạo",Noun,Noun|Adverb,B2,Adult,0,4,prides prided priding,0
2560,3000,intense,/ˌɪnˈtɛns/,"dữ dội, mãnh liệt, gay gắt",Adjective,Adjective,B2,Adult,0,1,,0
2561,3000,inquiry,/ˌɪnˈkwaɪˌriː/,"cuộc điều tra; sự hỏi han, câu hỏi",Noun,Noun,B2,Adult,0,2,inquiries,1
2562,3000,resign,/rɪˈzaɪn/,"từ chức, xin thôi việc, từ nhiệm",Verb,Verb,B2,Adult,0,4,resigns resigned resigning,0
2563,3000,craft,/kræft/,"nghề thủ công, tay nghề, kỹ nghệ",Noun,Noun,B2,Adult,0,4,crafts crafted crafting,0
2564,3000,strict,/strɪkt/,"nghiêm khắc, nghiêm ngặt, chặt chẽ",Adjective,Adjective,B2,Adult,0,3,stricter strictest,0
2565,3000,concrete,/kənˈkriːt/,"bê tông, vật liệu bê tông",Noun,Adjective|Noun|Verb,B2,Adult,0,4,concretes concreted concreting,0
2566,3000,shell,/ʃɛl/,"vỏ sò, mai, vỏ cứng; đạn pháo",Noun,Noun|Verb,B2,Adult,0,3,shells shelled,1
2567,3000,damn,/dæm/,"nguyền rủa, lên án, chỉ trích gay gắt",Verb,Noun|Verb,B2,Adult,0,4,damns damned damning,0
2568,3000,distinct,/dɪˈstɪŋkt/,"khác biệt, riêng biệt; rõ ràng, rành mạch",Adjective,Adjective,B2,Adult,0,1,,1
2569,3000,humor,/ˈhjuːmər/,"sự hài hước, tính khôi hài, óc hóm hỉnh",Noun,Noun|Verb,B2,Adult,0,8,humors humored humoring humorings humour humours humoured,0
2570,3000,limitation,/ˌlɪmɪˈteɪʃən/,"sự hạn chế, giới hạn, mặt hạn chế",Noun,Noun,B2,Adult,0,2,limitations,0
2571,3000,indication,/ˌɪndəˈkeɪʃən/,"dấu hiệu, biểu hiện, sự chỉ báo",Noun,Noun,B2,Adult,0,2,indications,0
2572,3000,stability,/stəˈbɪlɪti/,"sự ổn định, tính bền vững, sự vững chắc",Noun,Noun,B2,Adult,0,2,stabilities,0
2573,3000,wise,/waɪz/,"khôn ngoan, sáng suốt, thông thái",Adjective,Adjective|Verb|Noun,B2,Adult,0,6,wises wised wising wiser wisest,0
2574,3000,neglect,/nəˈɡlɛkt/,"bỏ bê, xao lãng, lơ là",Verb,Noun|Verb,B2,Adult,0,4,neglects neglected neglecting,0
2575,3000,compose,/kəmˈpoʊz/,"sáng tác, soạn; cấu thành, tạo nên",Verb,Verb,B2,Adult,0,4,composes composed composing,1
2576,3000,jail,/dʒeɪl/,"nhà tù, nhà giam, trại giam",Noun,Noun,B2,Adult,0,4,jails jailed jailing,0
2577,3000,shelter,/ˈʃɛltər/,"nơi trú ẩn, chỗ che chở, mái ấm",Noun,Noun|Verb,B2,Adult,0,3,shelters sheltered,0
2578,3000,mere,/mɪr/,"chỉ là, đơn thuần, không hơn không kém",Adjective,Noun|Adjective,B2,Adult,0,2,merest,0
2579,3000,carbon,/ˈkɑːrbən/,"các-bon, chất than",Noun,Noun,B2,Adult,0,2,carbons,0
2580,3000,regulate,/ˈrɛɡjəˌleɪt/,"điều tiết, quản lý, điều chỉnh",Verb,Verb,B2,Adult,0,4,regulates regulated regulating,0
2581,3000,cheese,/tʃiːz/,"pho mát, phô mai",Noun,Noun|Verb,B2,Adult,0,2,cheeses,0
2582,3000,trigger,/ˈtrɪɡər/,"kích hoạt, gây ra, châm ngòi",Verb,Noun|Verb,B2,Adult,0,4,triggers triggered triggering,0
2583,3000,pipe,/paɪp/,"ống dẫn, đường ống; tẩu thuốc",Noun,Noun|Verb,B2,Adult,0,4,pipes piped piping,1
2584,3000,destruction,/dɪˈstrʌkʃən/,"sự phá hủy, sự tàn phá, sự tiêu diệt",Noun,Noun,B2,Adult,0,2,destructions,0
2585,3000,guitar,/ɡɪˈtɑːr/,"đàn ghi ta, đàn ghi-ta thùng",Noun,Noun|Verb,B2,Adult,0,2,guitars,0
2586,3000,flag,/flæɡ/,"lá cờ, cờ hiệu, quốc kỳ",Noun,Noun|Verb,B2,Adult,0,4,flags flagged flagging,0
2587,3000,piano,/piˈænoʊ/,"đàn dương cầm, đàn pi-a-nô",Noun,Noun|Adverb,B2,Adult,0,2,pianos,0
2588,3000,magic,/ˈmædʒɪk/,"ma thuật, phép thuật; trò ảo thuật",Noun,Noun|Adjective,B2,Adult,0,1,,1
2589,3000,mystery,/ˈmɪstəri/,"điều bí ẩn, sự huyền bí, chuyện khó hiểu",Noun,Noun,B2,Adult,0,2,mysteries,0
2590,3000,ski,/skiː/,"trượt tuyết, đi trượt tuyết",Verb,Noun|Verb,B2,Adult,0,4,skis skied skiing,0
2591,3000,whisper,/ˈwɪspər/,"thì thầm, nói thầm, thì thào",Verb,Noun|Verb,B2,Adult,0,5,whispers whispered whispering whisperings,0
2592,3000,rear,/rɪr/,"phía sau, phần đuôi, hậu phương",Noun,Noun|Adjective|Verb,B2,Adult,0,4,rears reared rearing,0
2593,3000,menu,/ˈmɛnju/,"thực đơn, bảng chọn",Noun,Noun,B2,Adult,0,2,menus,0
2594,3000,species,/ˈspiːʃiz/,"loài, chủng loài",Noun,Noun,B2,Adult,0,1,,0
2595,3000,moon,/muːn/,"mặt trăng, vầng trăng",Noun,Noun|Verb,B2,Adult,0,3,moons mooned,0
2596,3000,presumably,/prəˈzuːməbli/,"có lẽ, chắc hẳn, đoán chừng",Adverb,Adverb,B2,Adult,0,1,,0
2597,3000,bless,/blɛs/,"ban phước, chúc phúc, cầu phúc cho",Verb,Verb,B2,Adult,0,6,blesses blessed blessing blessings blest,0
2598,3000,airline,/ˈɛrˌlaɪn/,hãng hàng không,Noun,Noun,B2,Adult,0,2,airlines,0
2599,3000,amendment,/əˈmɛndmənt/,"sửa đổi, tu chính, điều sửa đổi",Noun,Noun,B2,Adult,0,2,amendments,0
2600,3000,grandmother,/ˈɡrændˌmʌðər/,"bà nội, bà ngoại",Noun,Noun|Verb,B2,Adult,0,2,grandmothers,0
2601,3000,jury,/ˈdʒʊri/,bồi thẩm đoàn; ban giám khảo,Noun,Noun,B2,Adult,0,2,juries,1
2602,3000,cooperation,/koʊˌɑːpərˈeɪʃən/,"sự hợp tác, sự cộng tác, sự phối hợp",Noun,Noun,B2,Adult,0,1,,0
2603,3000,civilian,/səˈvɪljən/,"thường dân, dân thường",Noun,Noun|Adjective,B2,Adult,0,2,civilians,0
2604,3000,composition,/ˌkɑːmpəˈzɪʃən/,"thành phần, cấu tạo; bài sáng tác, bài văn",Noun,Noun,B2,Adult,0,2,compositions,1
2605,3000,coin,/kɔɪn/,"đồng xu, đồng tiền kim loại",Noun,Noun|Verb,B2,Adult,0,4,coins coined coining,0
2606,3000,regardless,/rəˈɡɑːrdləs/,"bất kể, dù thế nào, mặc kệ",Adverb,Adverb|Adjective,B2,Adult,0,1,,0
2607,3000,scan,/skæn/,"quét, rà soát; đọc lướt",Verb,Verb,B2,Adult,0,4,scans scanned scanning,1
2608,3000,bunch,/bʌntʃ/,"chùm, bó, nhóm, một loạt",Noun,Noun|Verb,B2,Adult,0,4,bunches bunched bunching,0
2609,3000,racial,/ˈreɪʃəl/,"thuộc về chủng tộc, sắc tộc",Adjective,Adjective,B2,Adult,0,2,racials,0
2610,3000,greet,/ɡriːt/,"chào hỏi, đón chào, tiếp đón",Verb,Verb,B2,Adult,0,5,greets greeted greeting greetings,0
2611,3000,hopefully,/ˈhoʊpfəli/,"hy vọng là, mong rằng",Adverb,Adverb,B2,Adult,0,1,,0
2612,3000,sanction,/ˈsæŋkʃən/,"lệnh trừng phạt, biện pháp chế tài; sự chuẩn y",Noun,Noun|Verb,B2,Adult,0,4,sanctions sanctioned sanctioning,1
2613,3000,trick,/trɪk/,"mánh khóe, thủ đoạn; trò ảo thuật, mẹo",Noun,Noun|Verb,B2,Adult,0,4,tricks tricked tricking,1
2614,3000,paragraph,/ˈpærəˌɡræf/,"đoạn văn, đoạn, khổ văn",Noun,Noun|Verb,B2,Adult,0,4,paragraphs paragraphed paragraphing,0
2615,3000,maker,/ˈmeɪkər/,"nhà sản xuất, người chế tạo",Noun,Noun,B2,Adult,0,2,makers,0
2616,3000,chocolate,/ˈtʃɔːklət/,"sô cô la, kẹo sô cô la",Noun,Noun|Adjective,B2,Adult,0,2,chocolates,0
2617,3000,stimulate,/ˈstɪmjəˌleɪt/,"kích thích, thúc đẩy, khuyến khích",Verb,Verb,B2,Adult,0,4,stimulates stimulated stimulating,0
2618,3000,belt,/bɛlt/,"thắt lưng, dây lưng; vành đai",Noun,Noun|Verb,B2,Adult,0,4,belts belted belting,1
2619,3000,potato,/pəˈteɪˌtoʊ/,"củ khoai tây, khoai tây",Noun,Noun,B2,Adult,0,2,potatoes,0
2620,3000,narrative,/ˈnærətɪv/,"câu chuyện kể, lối kể chuyện, diễn ngôn",Noun,Noun|Adjective,B2,Adult,0,2,narratives,0
2621,3000,tissue,/ˈtɪˌsjuː/,"mô tế bào; khăn giấy, giấy lụa",Noun,Noun,B2,Adult,0,2,tissues,1
2622,3000,barely,/ˈbɛrli/,"hầu như không, vừa đủ, chỉ vừa mới",Adverb,Adverb,B2,Adult,0,1,,0
2623,3000,invent,/ˌɪnˈvɛnt/,"phát minh, sáng chế; bịa đặt",Verb,Verb,B2,Adult,0,4,invents invented inventing,1
2624,3000,tourism,/ˈtʊˌrɪzəm/,"ngành du lịch, hoạt động du lịch",Noun,Noun,B2,Adult,0,1,,0
2625,3000,pro,/proʊ/,dân chuyên nghiệp; điểm thuận lợi,Noun,Noun,B2,Adult,0,2,pros,1
2626,3000,stair,/stɛr/,"bậc thang, cầu thang",Noun,Noun,B2,Adult,0,2,stairs,0
2627,3000,hesitate,/ˈhɛzəˌteɪt/,"do dự, ngần ngại, lưỡng lự",Verb,Verb,B2,Adult,0,4,hesitates hesitated hesitating,0
2628,3000,shine,/ʃaɪn/,"chiếu sáng, tỏa sáng, rực rỡ",Verb,Noun|Verb,B2,Adult,0,5,shines shined shining shone,0
2629,3000,motivation,/ˌmoʊtəˈveɪʃən/,"động lực, động cơ, sự thúc đẩy",Noun,Noun,B2,Adult,0,2,motivations,0
2630,3000,romantic,/roʊˈmæntɪk/,"lãng mạn, tình tứ, mộng mơ",Adjective,Adjective|Noun,B2,Adult,0,2,romantics,0
2631,3000,firmly,/ˈfɜːrmli/,"một cách kiên quyết, chắc chắn, vững vàng",Adverb,Adverb,B2,Adult,0,1,,0
2632,3000,interior,/ˌɪnˈtɪriər/,"bên trong, nội thất, phần trong",Noun,Adjective|Noun,B2,Adult,0,2,interiors,0
2633,3000,stomach,/ˈstʌmək/,"dạ dày, bao tử, bụng",Noun,Noun|Verb,B2,Adult,0,4,stomachs stomached stomaching,0
2634,3000,nowhere,/ˈnoʊˌwɛr/,"không nơi nào, chẳng đâu cả",Adverb,Adverb,B2,Adult,0,1,,0
2635,3000,pray,/preɪ/,"cầu nguyện, cầu khấn, khẩn cầu",Verb,Verb,B2,Adult,0,4,prays prayed praying,0
2636,3000,championship,/ˈtʃæmpiənˌʃɪp/,"giải vô địch, chức vô địch",Noun,Noun,B2,Adult,0,2,championships,0
2637,3000,servant,/ˈsɜːrvənt/,"người hầu, đầy tớ, công bộc",Noun,Noun,B2,Adult,0,2,servants,0
2638,3000,immigrant,/ˈɪməɡrənt/,"người nhập cư, dân nhập cư",Noun,Adjective|Noun,B2,Adult,0,2,immigrants,0
2639,3000,excess,/ˈɛkˌsɛs/,"sự dư thừa, lượng vượt mức, sự thái quá",Noun,Noun,B2,Adult,0,2,excesses,0
2640,3000,complexity,/kəmˈplɛksəti/,"sự phức tạp, tính rắc rối",Noun,Noun,B2,Adult,0,2,complexities,0
2641,3000,liability,/ˌlaɪəˈbɪlɪti/,"trách nhiệm pháp lý, nghĩa vụ nợ, khoản phải trả",Noun,Noun,B2,Adult,0,2,liabilities,0
2642,3000,surprisingly,/sərˈpraɪzɪŋli/,"một cách đáng ngạc nhiên, thật bất ngờ",Adverb,Adverb,B2,Adult,0,1,,0
2643,3000,extract,/ˈɛkˌstrækt/,"chiết xuất, rút ra, trích ra",Verb,Noun|Verb,B2,Adult,0,4,extracts extracted extracting,0
2644,3000,implementation,/ˌɪmpləmɛnˈteɪʃən/,"sự thực hiện, việc triển khai, sự áp dụng",Noun,Noun,B2,Adult,0,2,implementations,0
2645,3000,bias,/ˈbaɪəs/,"thành kiến, định kiến, sự thiên vị",Noun,Noun|Adverb|Verb,B2,Adult,0,4,biases biased biasing,0
2646,3000,differently,/ˈdɪfrəntli/,"một cách khác, khác đi, theo cách khác",Adverb,Adverb,B2,Adult,0,1,,0
2647,3000,catalog,/ˈkætəlɔːɡ/,"danh mục, ca-ta-lô, mục lục",Noun,Noun|Verb,B2,Adult,0,8,catalogs cataloged cataloging catalogue catalogues catalogued cataloguing,0
2648,3000,continuous,/kənˈtɪnjuəs/,"liên tục, không ngừng, liền mạch",Adjective,Adjective,B2,Adult,0,1,,0
2649,3000,golden,/ˈɡoʊldən/,"bằng vàng, vàng óng; quý báu, tuyệt vời",Adjective,Adjective,B2,Adult,0,1,,1
2650,3000,stamp,/stæmp/,"con tem; con dấu, dấu đóng",Noun,Noun|Verb,B2,Adult,0,4,stamps stamped stamping,1
2651,3000,guideline,/ˈɡaɪdˌlaɪn/,"hướng dẫn, chỉ dẫn, nguyên tắc chỉ đạo",Noun,Noun,B2,Adult,0,2,guidelines,0
2652,3000,envelope,/ˈɛnvəˌloʊp/,"phong bì, bao thư",Noun,Noun,B2,Adult,0,2,envelopes,0
2653,3000,knife,/naɪf/,"con dao, dao, lưỡi dao",Noun,Noun|Verb,B2,Adult,0,5,knifes knifed knifing knives,0
2654,3000,biological,/ˌbaɪəˈlɑːdʒɪkəl/,"thuộc về sinh học, sinh vật học",Adjective,Adjective,B2,Adult,0,1,,0
2655,3000,consume,/kənˈsuːm/,"tiêu thụ, tiêu dùng, dùng hết",Verb,Verb,B2,Adult,0,4,consumes consumed consuming,0
2656,3000,luxury,/ˈlʌɡʒəri/,"sự xa xỉ, hàng cao cấp, sự sang trọng",Noun,Noun,B2,Adult,0,2,luxuries,0
2657,3000,weekly,/ˈwiːkli/,"hằng tuần, mỗi tuần một lần",Adjective,Adjective|Noun,B2,Adult,0,2,weeklies,0
2658,3000,wherever,/wɛˈrɛvər/,"bất cứ nơi nào, ở đâu cũng vậy",Adverb,Adverb,B2,Adult,0,1,,0
2659,3000,bite,/baɪt/,"cắn, ngoạm, đốt",Verb,Noun|Verb,B2,Adult,0,4,bites biting bitten,0
2660,3000,printer,/ˈprɪntər/,"máy in; thợ in, người in ấn",Noun,Noun,B2,Adult,0,2,printers,1
2661,3000,firstly,/ˈfɜːrstli/,"trước hết, thứ nhất, đầu tiên",Adverb,Adverb,B2,Adult,0,1,,0
2662,3000,anxious,/ˈæŋkʃəs/,"lo lắng, bồn chồn; mong muốn tha thiết",Adjective,Adjective,B2,Adult,0,1,,1
2663,3000,adventure,/ædˈvɛntʃər/,"cuộc phiêu lưu, chuyến mạo hiểm",Noun,Verb|Noun,B2,Adult,0,4,adventures adventured adventuring,0
2664,3000,fence,/fɛns/,"hàng rào, bờ rào",Noun,Noun|Verb,B2,Adult,0,5,fences fenced fencing fencings,0
2665,3000,exhaust,/ɪɡˈzɔːst/,"làm kiệt sức, dùng cạn, làm hết",Verb,Noun|Verb,B2,Adult,0,4,exhausts exhausted exhausting,0
2666,3000,attraction,/əˈtrækʃən/,"sức hút, sự hấp dẫn; điểm tham quan",Noun,Noun,B2,Adult,0,2,attractions,1
2667,3000,ocean,/ˈoʊʃən/,"đại dương, biển cả",Noun,Noun,B2,Adult,0,2,oceans,0
2668,3000,quietly,/ˈkwaɪətli/,"một cách lặng lẽ, khe khẽ, âm thầm",Adverb,Adverb,B2,Adult,0,1,,0
2669,3000,castle,/ˈkæsəl/,"lâu đài, thành trì",Noun,Noun,B2,Adult,0,4,castles castled castling,0
2670,3000,veteran,/ˈvɛtərən/,cựu chiến binh; người kỳ cựu,Noun,Noun|Adjective,B2,Adult,0,2,veterans,1
2671,3000,reflection,/rɪˈflɛkʃən/,"sự phản chiếu, hình ảnh phản chiếu; sự suy ngẫm",Noun,Noun,B2,Adult,0,2,reflections,1
2672,3000,nerve,/nɜːrv/,"dây thần kinh; sự can đảm, gan dạ",Noun,Noun|Verb,B2,Adult,0,4,nerves nerved nerving,1
2673,3000,determination,/dɪˌtɜːrməˈneɪʃən/,"sự quyết tâm, ý chí kiên định; sự xác định",Noun,Noun,B2,Adult,0,2,determinations,1
2674,3000,altogether,/ˌɔːltəˈɡɛðər/,"hoàn toàn, hết thảy; tổng cộng",Adverb,Adverb|Noun,B2,Adult,0,1,,1
2675,3000,fiction,/ˈfɪkʃən/,"truyện hư cấu, tiểu thuyết; điều bịa đặt",Noun,Noun,B2,Adult,0,2,fictions,1
2676,3000,carpet,/ˈkɑːrpət/,"tấm thảm, thảm trải sàn",Noun,Noun|Verb,B2,Adult,0,4,carpets carpeted carpeting,0
2677,3000,cluster,/ˈklʌstər/,"cụm, chùm, nhóm tụ lại",Noun,Noun|Verb,B2,Adult,0,4,clusters clustered clustering,0
2678,3000,confusion,/kənˈfjuːʒən/,"sự nhầm lẫn, sự bối rối, tình trạng lộn xộn",Noun,Noun,B2,Adult,0,2,confusions,0
2679,3000,hurry,/ˈhɜːri/,"vội vã, hối hả, giục gấp",Verb,Noun|Verb,B2,Adult,0,4,hurries hurried hurrying,0
2680,3000,logic,/ˈlɑːdʒɪk/,"logic, lý lẽ, lập luận",Noun,Noun,B2,Adult,0,2,logics,0
2681,3000,controversial,/ˌkɑːntrəˈvɜːrʃəl/,"gây tranh cãi, còn nhiều bàn cãi",Adjective,Adjective,B2,Adult,0,1,,0
2682,3000,raw,/rɑː/,"sống, chưa nấu; thô, chưa qua xử lý",Adjective,Adjective|Noun|Verb,B2,Adult,0,3,rawer rawest,1
2683,3000,grammar,/ˈɡræmər/,"ngữ pháp, văn phạm",Noun,Noun,B2,Adult,0,2,grammars,0
2684,3000,revise,/rɪˈvaɪz/,"sửa lại, chỉnh sửa; ôn tập",Verb,Verb,B2,Adult,0,4,revises revised revising,1
2685,3000,hint,/hɪnt/,"gợi ý, lời ám chỉ; chút xíu, dấu hiệu nhỏ",Noun,Noun|Verb,B2,Adult,0,4,hints hinted hinting,1
2686,3000,hook,/hʊk/,"cái móc, lưỡi câu, mắc treo",Noun,Noun|Verb,B2,Adult,0,4,hooks hooked hooking,0
2687,3000,bell,/bɛl/,"cái chuông, tiếng chuông",Noun,Noun|Verb,B2,Adult,0,4,bells belled belling,0
2688,3000,liquid,/ˈlɪkwəd/,"chất lỏng, dung dịch",Noun,Adjective|Noun,B2,Adult,0,2,liquids,0
2689,3000,panic,/ˈpænɪk/,"sự hoảng loạn, cơn hoảng sợ",Noun,Noun|Adjective|Verb,B2,Adult,0,4,panics panicked panicking,0
2690,3000,uncle,/ˈʌŋkəl/,"chú, bác, cậu, dượng",Noun,Noun,B2,Adult,0,2,uncles,0
2691,3000,rice,/raɪs/,"gạo, cơm, lúa, thóc",Noun,Noun,B2,Adult,0,2,rices,0
2692,3000,slope,/sloʊp/,"dốc, sườn dốc, độ nghiêng",Noun,Noun|Verb,B2,Adult,0,2,slopes,0
2693,3000,happiness,/ˈhæpinəs/,"hạnh phúc, niềm vui sướng",Noun,Noun,B2,Adult,0,1,,0
2694,3000,genuine,/ˈdʒɛnjəwən/,"thật, chính hiệu; chân thành, thành thật",Adjective,Adjective,B2,Adult,0,1,,1
2695,3000,vessel,/ˈvɛsəl/,tàu thuyền; mạch máu; bình chứa,Noun,Noun,B2,Adult,0,2,vessels,1
2696,3000,verb,/vɜːrb/,"động từ, từ chỉ hành động",Noun,Noun,B2,Adult,0,2,verbs,0
2697,3000,reckon,/ˈrɛkən/,"cho rằng, nghĩ rằng; tính toán, ước tính",Verb,Verb,B2,Adult,0,4,reckons reckoned reckoning,1
2698,3000,silly,/ˈsɪli/,"ngớ ngẩn, ngốc nghếch, khờ dại",Adjective,Adjective|Noun,B2,Adult,0,3,sillier silliest,0
2699,3000,transportation,/ˌtrænspərˈteɪʃən/,"giao thông vận tải, phương tiện đi lại",Noun,Noun,B2,Adult,0,2,transportations,0
2700,3000,harbor,/ˈhɑːrbər/,"bến cảng, hải cảng",Noun,Noun|Verb,B2,Adult,0,7,harbors harbored harboring harbour harbours harbouring,0
2701,3000,comedy,/ˈkɑːmədi/,"hài kịch, phim hài, chuyện khôi hài",Noun,Noun,B2,Adult,0,2,comedies,0
2702,3000,chase,/tʃeɪs/,"đuổi theo, rượt đuổi, truy đuổi",Verb,Noun|Verb,B2,Adult,0,4,chases chased chasing,0
2703,3000,storage,/ˈstɔːrədʒ/,"sự lưu trữ, kho chứa, dung lượng lưu trữ",Noun,Noun,B2,Adult,0,2,storages,0
2704,3000,universe,/ˈjuːnəˌvɜːrs/,"vũ trụ, thế giới",Noun,Noun,B2,Adult,0,2,universes,0
2705,3000,horrible,/ˈhɔːrəbəl/,"khủng khiếp, kinh khủng, tồi tệ",Adjective,Adjective,B2,Adult,0,1,,0
2706,3000,sheep,/ʃiːp/,"con cừu, đàn cừu",Noun,Noun,B2,Adult,0,1,,0
2707,3000,lover,/ˈlʌvər/,"người yêu, tình nhân; người say mê",Noun,Noun,B2,Adult,0,2,lovers,1
2708,3000,rat,/ræt/,"con chuột cống, chuột lớn",Noun,Noun|Verb,B2,Adult,0,4,rats ratted ratting,0
2709,3000,portrait,/ˈpɔːrtrət/,"chân dung, bức chân dung",Noun,Noun,B2,Adult,0,2,portraits,0
2710,3000,innocent,/ˈɪnəsənt/,"vô tội, ngây thơ, trong trắng",Adjective,Adjective|Noun,B2,Adult,0,2,innocents,0
2711,3000,substitute,/ˈsʌbstəˌtuːt/,"thay thế, thế chỗ, dùng thay",Verb,Noun|Verb,B2,Adult,0,4,substitutes substituted substituting,0
2712,3000,supplement,/ˈsʌpləmənt/,"phần bổ sung, thực phẩm bổ sung, phụ trương",Noun,Noun|Verb,B2,Adult,0,4,supplements supplemented supplementing,0
2713,3000,adjustment,/əˈdʒʌstmənt/,"sự điều chỉnh, sự thích nghi",Noun,Noun,B2,Adult,0,2,adjustments,0
2714,3000,reasonably,/ˈriːzənəbli/,"một cách hợp lý, khá, tương đối",Adverb,Adverb,B2,Adult,0,1,,0
2715,3000,filter,/ˈfɪltər/,"bộ lọc, màng lọc, phin lọc",Noun,Noun|Verb,B2,Adult,0,4,filters filtered filtering,0
2716,3000,flexible,/ˈflɛksəbəl/,"linh hoạt, mềm dẻo, dễ uốn",Adjective,Adjective,B2,Adult,0,1,,0
2717,3000,abstract,/æbˈstrækt/,"trừu tượng, khó hình dung",Adjective,Adjective|Noun|Verb,B2,Adult,0,4,abstracts abstracted abstracting,0
2718,3000,tent,/tɛnt/,"lều, lều trại, lều bạt",Noun,Noun|Verb,B2,Adult,0,4,tents tented tenting,0
2719,3000,precise,/prɪˈsaɪs/,"chính xác, chuẩn xác, tỉ mỉ",Adjective,Adjective,B2,Adult,0,1,,0
2720,3000,distant,/ˈdɪstənt/,"xa xôi, cách xa; lạnh nhạt, xa cách",Adjective,Adjective,B2,Adult,0,1,,1
2721,3000,stranger,/ˈstreɪndʒər/,"người lạ, người xa lạ",Noun,Noun,B2,Adult,0,2,strangers,0
2722,3000,shade,/ʃeɪd/,"bóng râm, bóng mát; sắc độ màu",Noun,Noun|Verb,B2,Adult,0,4,shades shaded shading,1
2723,3000,grain,/ɡreɪn/,"hạt ngũ cốc, thóc lúa; hạt nhỏ",Noun,Noun|Verb,B2,Adult,0,4,grains grained graining,1
2724,3000,situate,/ˈsɪtʃuˌeɪt/,"đặt ở, định vị, xác định vị trí",Verb,Verb,B2,Adult,0,4,situates situated situating,0
2725,3000,summarize,/ˈsʌmərˌaɪz/,"tóm tắt, tóm lược, tổng kết",Verb,Verb,B2,Adult,0,8,summarizes summarized summarizing summarise summarises summarised summarising,0
2726,3000,leap,/liːp/,"nhảy, nhảy vọt, phóng lên",Verb,Noun|Verb,B2,Adult,0,5,leaps leaped leaping leapt,0
2727,3000,snap,/snæp/,"bẻ gãy, kêu tách; chụp nhanh",Verb,Noun|Verb|Adverb,B2,Adult,0,4,snaps snapped snapping,1
2728,3000,probability,/ˌprɑːbəˈbɪləˌtiː/,"xác suất, khả năng xảy ra",Noun,Noun,B2,Adult,0,2,probabilities,0
2729,3000,leather,/ˈlɛðər/,"da thuộc, đồ da",Noun,Noun|Verb,B2,Adult,0,4,leathers leathered leathering,0
2730,3000,uncertainty,/ənˈsɜːrtənti/,"sự không chắc chắn, điều chưa rõ, sự bấp bênh",Noun,Noun,B2,Adult,0,2,uncertainties,0
2731,3000,swear,/swɛr/,"thề, tuyên thệ; chửi thề",Verb,Noun|Verb,B2,Adult,0,5,swears swore swearing sworn,1
2732,3000,refugee,/ˈrɛfjudʒi/,"người tị nạn, dân lánh nạn",Noun,Noun,B2,Adult,0,2,refugees,0
2733,3000,shore,/ʃɔːr/,"bờ biển, bờ hồ, bãi biển",Noun,Noun|Verb,B2,Adult,0,4,shores shored shoring,0
2734,3000,monthly,/ˈmʌnθli/,"hằng tháng, mỗi tháng một lần",Adjective,Adjective|Noun,B2,Adult,0,1,,0
2735,3000,comprise,/kəmˈpraɪz/,"bao gồm, gồm có, cấu thành",Verb,Verb,B2,Adult,0,4,comprises comprised comprising,0
2736,3000,stir,/stɜːr/,"khuấy, quấy; khơi dậy, gây xáo động",Verb,Noun|Verb,B2,Adult,0,5,stirs stirred stirring stirrings,1
2737,3000,excitement,/ɪkˈsaɪtmənt/,"sự phấn khích, sự hào hứng, niềm hứng khởi",Noun,Noun,B2,Adult,0,2,excitements,0
2738,3000,sigh,/saɪ/,"thở dài, thở than",Verb,Noun|Verb,B2,Adult,0,4,sighs sighed sighing,0
2739,3000,pregnancy,/ˈprɛɡnənsi/,"thai kỳ, sự mang thai",Noun,Noun,B2,Adult,0,2,pregnancies,0
2740,3000,experimental,/ɪkˌspɛrɪˈmɛntəl/,"mang tính thử nghiệm, thuộc về thực nghiệm",Adjective,Adjective,B2,Adult,0,2,experimentals,0
2741,3000,institutional,/ˌɪnstɪˈtuːʃənəl/,"thuộc về tổ chức, thuộc về thể chế",Adjective,Adjective,B2,Adult,0,1,,0
2742,3000,slice,/slaɪs/,"lát, miếng cắt mỏng, phần chia",Noun,Noun|Verb,B2,Adult,0,4,slices sliced slicing,0
2743,3000,wander,/ˈwɑːndər/,"đi lang thang, dạo quanh, đi lạc",Verb,Verb,B2,Adult,0,5,wanders wandered wandering wanderings,0
2744,3000,empire,/ˈɛmpaɪər/,"đế chế, đế quốc",Noun,Noun,B2,Adult,0,2,empires,0
2745,3000,subsequently,/ˈsʌbsəkwəntli/,"sau đó, tiếp theo, về sau",Adverb,Adverb,B2,Adult,0,1,,0
2746,3000,gentle,/ˈdʒɛntəl/,"dịu dàng, nhẹ nhàng, hiền hòa",Adjective,Adjective|Noun|Verb,B2,Adult,0,6,gentles gentled gentling gentler gentlest,0
2747,3000,attendance,/əˈtɛndəns/,"sự có mặt, số người tham dự, sự chuyên cần",Noun,Noun,B2,Adult,0,2,attendances,0
2748,3000,ownership,/ˈoʊnərˌʃɪp/,"quyền sở hữu, sự làm chủ",Noun,Noun,B2,Adult,0,2,ownerships,0
2749,3000,qualification,/ˌkwɑːləfəˈkeɪʃən/,"bằng cấp, trình độ chuyên môn; điều kiện đủ",Noun,Noun,B2,Adult,0,2,qualifications,1
2750,3000,suspend,/səˈspɛnd/,"đình chỉ, tạm ngưng; treo lơ lửng",Verb,Verb,B2,Adult,0,4,suspends suspended suspending,1
2751,3000,functional,/ˈfʌŋkʃənəl/,"có chức năng, tiện dụng, hoạt động được",Adjective,Adjective,B2,Adult,0,1,,0
2752,3000,voluntary,/ˈvɑːləntɛri/,"tự nguyện, tự giác, không bắt buộc",Adjective,Adjective|Noun,B2,Adult,0,1,,0
2753,3000,pale,/peɪl/,"xanh xao, nhợt nhạt, nhạt màu",Adjective,Verb|Adjective,B2,Adult,0,6,pales paled paling paler palest,0
2754,3000,stain,/steɪn/,"vết bẩn, vết ố, vết nhơ",Noun,Noun,B2,Adult,0,4,stains stained staining,0
2755,3000,athlete,/ˈæθˌliːt/,"vận động viên, lực sĩ",Noun,Noun,B2,Adult,0,2,athletes,0
2756,3000,organic,/ɔːrˈɡænɪk/,"hữu cơ; tự nhiên, không hóa chất",Adjective,Adjective,B2,Adult,0,2,organics,1
2757,3000,tongue,/tʌŋ/,"cái lưỡi; tiếng nói, ngôn ngữ",Noun,Noun|Verb,B2,Adult,0,4,tongues tongued tonguing,1
2758,3000,server,/ˈsɜːrvər/,máy chủ; người phục vụ bàn,Noun,Noun,B2,Adult,0,2,servers,1
2759,3000,structural,/ˈstrʌktʃərəl/,"thuộc về cấu trúc, mang tính kết cấu",Adjective,Adjective,B2,Adult,0,1,,0
2760,3000,fool,/fuːl/,"kẻ ngốc, người khờ dại",Noun,Noun|Adjective|Verb,B2,Adult,0,4,fools fooled fooling,0
2761,3000,alongside,/əˈlɔːŋˈsaɪd/,"bên cạnh, song song với, cùng với",Preposition,Preposition|Adverb,B2,Grammar,1,1,,0
2762,3000,unite,/ˈjuːˌnaɪt/,"đoàn kết, hợp nhất, liên kết",Verb,Verb,B2,Adult,0,4,unites united uniting,0
2763,3000,gently,/ˈdʒɛntli/,"một cách nhẹ nhàng, dịu dàng, khe khẽ",Adverb,Adverb,B2,Adult,0,1,,0
2764,3000,compute,/kəmˈpjuːt/,"tính toán, tính ra, điện toán",Verb,Verb,B2,Adult,0,4,computes computed computing,0
2765,3000,wipe,/waɪp/,"lau, chùi, quét sạch",Verb,Noun|Verb,B2,Adult,0,4,wipes wiped wiping,0
2766,3000,weird,/wɪrd/,"kỳ quặc, kỳ lạ, quái dị",Adjective,Noun|Adjective,B2,Adult,0,3,weirder weirdest,0
2767,3000,gaze,/ɡeɪz/,"nhìn chằm chằm, ngắm nhìn, đăm đăm nhìn",Verb,Noun|Verb,B2,Adult,0,4,gazes gazed gazing,0
2768,3000,fade,/feɪd/,"phai màu, nhạt dần, mờ dần",Verb,Verb,B2,Adult,0,4,fades faded fading,0
2769,3000,cough,/kɑːf/,"ho, ho khan, húng hắng ho",Verb,Noun|Verb,B2,Adult,0,4,coughs coughed coughing,0
2770,3000,hypothesis,/haɪˈpɑːθəsəs/,"giả thuyết, giả định",Noun,Noun,B2,Adult,0,2,hypotheses,0
2771,3000,royal,/ˈrɔɪəl/,"thuộc hoàng gia, vương giả",Adjective,Adjective|Noun,B2,Adult,0,2,royals,0
2772,3000,theoretical,/ˌθiːərˈɛtɪkəl/,"thuộc về lý thuyết, mang tính lý luận",Adjective,Adjective,B2,Adult,0,1,,0
2773,3000,curtain,/ˈkɜːrtən/,"rèm cửa, màn che, màn sân khấu",Noun,Noun|Verb,B2,Adult,0,4,curtains curtained curtaining,0
2774,3000,mayor,/ˈmeɪər/,"thị trưởng, xã trưởng",Noun,Noun,B2,Adult,0,2,mayors,0
2775,3000,darkness,/ˈdɑːrknəs/,"bóng tối, sự tối tăm, đêm đen",Noun,Noun,B2,Adult,0,1,,0
2776,3000,aunt,/ænt/,"cô, dì, bác gái",Noun,Noun,B2,Adult,0,2,aunts,0
2777,3000,tournament,/ˈtʊrnəmənt/,"giải đấu, cuộc thi đấu",Noun,Noun,B2,Adult,0,2,tournaments,0
2778,3000,registration,/ˌrɛdʒɪˈstreɪʃən/,"sự đăng ký, việc ghi danh",Noun,Noun,B2,Adult,0,2,registrations,0
2779,3000,fragment,/ˈfræɡmənt/,"mảnh vỡ, mẩu nhỏ, đoạn rời rạc",Noun,Noun,B2,Adult,0,4,fragments fragmented fragmenting,0
2780,3000,listener,/ˈlɪsənər/,"người nghe, thính giả",Noun,Noun,B2,Adult,0,2,listeners,0
2781,3000,tender,/ˈtɛndər/,"dịu dàng, âu yếm; mềm, non",Adjective,Adjective|Noun|Verb,B2,Adult,0,2,tenders,1
2782,3000,density,/ˈdɛnsəti/,"mật độ, tỉ trọng, độ dày đặc",Noun,Noun,B2,Adult,0,2,densities,0
2783,3000,ugly,/ˈʌɡli/,"xấu xí, khó coi; khó chịu, tồi tệ",Adjective,Adjective,B2,Adult,0,3,uglier ugliest,1
2784,3000,module,/ˈmɑːdʒul/,"học phần, mô đun, khối chức năng",Noun,Noun,B2,Adult,0,2,modules,0
2785,3000,faithfully,/ˈfeɪθfəli/,"một cách trung thành, tận tụy, trung thực",Adverb,Adverb,B2,Adult,0,1,,0
2786,3000,autumn,/ˈɔːtəm/,"mùa thu, tiết trời thu",Noun,Noun,B2,Adult,0,2,autumns,0
2787,3000,cheek,/tʃiːk/,"má, gò má, đôi má",Noun,Noun|Verb,B2,Adult,0,3,cheeks cheeked,0
2788,3000,attachment,/əˈtætʃmənt/,"tệp đính kèm; sự gắn bó, tình cảm quyến luyến",Noun,Noun,B2,Adult,0,2,attachments,1
2789,3000,holder,/ˈhoʊldər/,"người nắm giữ, chủ sở hữu; giá đỡ, đồ đựng",Noun,Noun,B2,Adult,0,2,holders,1
2790,3000,grin,/ɡrɪn/,"cười toe toét, nhe răng cười",Verb,Noun|Verb,B2,Adult,0,4,grins grinned grinning,0
2791,3000,noun,/naʊn/,"danh từ, từ chỉ sự vật",Noun,Noun,B2,Adult,0,2,nouns,0
2792,3000,fortunate,/ˈfɔːrtʃənət/,"may mắn, tốt số, gặp may",Adjective,Adjective,B2,Adult,0,1,,0
2793,3000,alright,/ˌɔːlˈraɪt/,"ổn thỏa, được, không sao",Adverb,Adverb,B2,Adult,0,1,,0
2794,3000,lazy,/ˈleɪzi/,"lười biếng, uể oải, chậm chạp",Adjective,Adjective,B2,Adult,0,3,lazier laziest,0
2795,3000,hello,/həˈloʊ/,"xin chào, chào bạn, a lô",Interjection,Interjection|Noun|Verb,B2,Adult,0,1,,0
2796,3000,hunger,/ˈhʌŋɡər/,"cơn đói, nạn đói; sự khao khát",Noun,Noun|Verb,B2,Adult,0,4,hungers hungered hungering,1
2797,3000,insure,/ˌɪnˈʃʊr/,"bảo hiểm, mua bảo hiểm cho",Verb,Verb,B2,Adult,0,4,insures insured insuring,0
2798,3000,ashamed,/əˈʃeɪmd/,"xấu hổ, hổ thẹn, ngượng ngùng",Adjective,Adjective,B2,Adult,0,1,,0
2799,3000,found,/faʊnd/,"thành lập, sáng lập, đặt nền móng",Verb,Verb,B2,Adult,0,4,founds founded founding,0
2800,3000,thirst,/θɜːrst/,"cơn khát, sự khát nước; sự khao khát",Noun,Noun|Verb,B2,Adult,0,4,thirsts thirsted thirsting,1
2801,3000,dominate,/ˈdɑːməˌneɪt/,"thống trị, chi phối, áp đảo",Verb,Verb,B2,Adult,0,4,dominates dominated dominating,0
